INSERT INTO account VALUES ('expert1', '$2a$10$IgXwqVXXpYhxsGcb1jT8duVIQL.RKFRRHIHqr5EzHriRfNYt2PuZu', 'EXPERT');
INSERT INTO account VALUES ('resident1', '$2a$10$IgXwqVXXpYhxsGcb1jT8duVIQL.RKFRRHIHqr5EzHriRfNYt2PuZu', 'RESIDENT');
INSERT INTO account VALUES ('resident2', '$2a$10$IgXwqVXXpYhxsGcb1jT8duVIQL.RKFRRHIHqr5EzHriRfNYt2PuZu', 'RESIDENT');
-- INSERT INTO account VALUES ('resident3', '$2a$10$IgXwqVXXpYhxsGcb1jT8duVIQL.RKFRRHIHqr5EzHriRfNYt2PuZu', 'RESIDENT');
-- INSERT INTO account VALUES ('resident4', '$2a$10$IgXwqVXXpYhxsGcb1jT8duVIQL.RKFRRHIHqr5EzHriRfNYt2PuZu', 'RESIDENT');
INSERT INTO account VALUES ('operator1', '$2a$10$IgXwqVXXpYhxsGcb1jT8duVIQL.RKFRRHIHqr5EzHriRfNYt2PuZu', 'OPERATOR');
INSERT INTO account VALUES ('admin1', '$2a$10$IgXwqVXXpYhxsGcb1jT8duVIQL.RKFRRHIHqr5EzHriRfNYt2PuZu', 'ADMIN');

INSERT INTO resident(id,username, grade) VALUES ('b8aa2410-c5ae-11ed-afa1-0242ac120001', 'resident1', 1.00);
INSERT INTO resident(id,username, grade) VALUES ('b8aa2410-c5ae-11ed-afa1-0242ac120002', 'resident2', 1.00);
-- INSERT INTO resident(id,username, grade) VALUES ('b8aa2410-c5ae-11ed-afa1-0242ac120003', 'resident3', 1.00);
-- INSERT INTO resident(id,username, grade) VALUES ('b8aa2410-c5ae-11ed-afa1-0242ac120004', 'resident4', 1.00);

INSERT INTO educational_topic VALUES('Normal');
INSERT INTO educational_topic VALUES('Macular conditions');
INSERT INTO educational_topic VALUES('Vascular conditions');
INSERT INTO educational_topic VALUES('Optic nerve conditions');
INSERT INTO educational_topic VALUES('Peripheral retina conditions');
INSERT INTO educational_topic VALUES('Transparent media conditions');


INSERT INTO clinical_sign VALUES ('Hard drusen');
INSERT INTO clinical_sign VALUES ('Soft drusen');
INSERT INTO clinical_sign VALUES ('Retinal pigment epithelium changes');
INSERT INTO clinical_sign VALUES ('Geographic atrophy');
INSERT INTO clinical_sign VALUES ('Subretinal fluid');
INSERT INTO clinical_sign VALUES ('Subretinal hemorrhage');
INSERT INTO clinical_sign VALUES ('Subretinal hard exudates');
INSERT INTO clinical_sign VALUES ('Subretinal disciform fibrosis');
INSERT INTO clinical_sign VALUES ('Microaneurysms');
INSERT INTO clinical_sign VALUES ('Dot-blot hemorrhages');
INSERT INTO clinical_sign VALUES ('Flame-shaped hemorrhages');
INSERT INTO clinical_sign VALUES ('Hard exudates');
INSERT INTO clinical_sign VALUES ('Cotton-wool spots');
INSERT INTO clinical_sign VALUES ('Venous beading');
INSERT INTO clinical_sign VALUES ('Venous loops');
INSERT INTO clinical_sign VALUES ('Dilated veins');
INSERT INTO clinical_sign VALUES ('Intraretinal microvascular anomalies ');
INSERT INTO clinical_sign VALUES ('Neovascularization of the disc');
INSERT INTO clinical_sign VALUES ('Neovascularization elsewhere');
INSERT INTO clinical_sign VALUES ('Preretinal hemorrhage');
INSERT INTO clinical_sign VALUES ('Vitreous hemorrhage');
INSERT INTO clinical_sign VALUES ('Tractional retinal detachment');
INSERT INTO clinical_sign VALUES ('Laser spots');
INSERT INTO clinical_sign VALUES ('Increased cup to disc ratio (in correspondence to disc size)');
INSERT INTO clinical_sign VALUES ('Violation of the ISNT rule');
INSERT INTO clinical_sign VALUES ('Notching of the rim (localized rim thinning)');
INSERT INTO clinical_sign VALUES ('Remaining rim of normal color');
INSERT INTO clinical_sign VALUES ('Asymmetry of cupping (> 0.2) in the absence of asymmetry of disc sizes');
INSERT INTO clinical_sign VALUES ('Nasal shift of the central retinal vessels');
INSERT INTO clinical_sign VALUES ('Baring of circumlinear vessels');
INSERT INTO clinical_sign VALUES ('Bayoneting vessels at the disc edge');
INSERT INTO clinical_sign VALUES ('Splinter or flame-shaped optic disc hemorrhage');
INSERT INTO clinical_sign VALUES ('Peripapillary atrophy (beta-zone)');
INSERT INTO clinical_sign VALUES ('Arteriovenous crossing signs');
INSERT INTO clinical_sign VALUES ('Copper wire arterioles');
INSERT INTO clinical_sign VALUES ('Constricted and tortuous arterioles');
INSERT INTO clinical_sign VALUES ('Macular star formation');
INSERT INTO clinical_sign VALUES ('Retinal edema');
INSERT INTO clinical_sign VALUES ('Elschnig’s spots');
INSERT INTO clinical_sign VALUES ('Widening of the arteriole reflex');
INSERT INTO clinical_sign VALUES ('Silver wire arterioles');
INSERT INTO clinical_sign VALUES ('Optic disc edema');
INSERT INTO clinical_sign VALUES ('Siegrist streaks');
INSERT INTO clinical_sign VALUES ('Focal pigment epithelial detachment');
INSERT INTO clinical_sign VALUES ('Exudative retinal detachment');
INSERT INTO clinical_sign VALUES ('Pale tessellated retina');
INSERT INTO clinical_sign VALUES ('Focal chorioretinal atrophy');
INSERT INTO clinical_sign VALUES ('Optic nerve head changes: oval, tilted disc');
INSERT INTO clinical_sign VALUES ('Peripapillary atrophy');
INSERT INTO clinical_sign VALUES ('Acquired optic disc pit');
INSERT INTO clinical_sign VALUES ('Peripapillary intrachoroidal cavitation');
INSERT INTO clinical_sign VALUES ('Subretinal ‘coin’ hemorrhages');
INSERT INTO clinical_sign VALUES ('Fuchs spot');
INSERT INTO clinical_sign VALUES ('Lattice degeneration');
INSERT INTO clinical_sign VALUES ('Lacquer cracks');
INSERT INTO clinical_sign VALUES ('Staphyloma');
INSERT INTO clinical_sign VALUES ('Macular retinoschisis (foveoschisis)');
INSERT INTO clinical_sign VALUES ('Macular hole');
INSERT INTO clinical_sign VALUES ('Rhegmatogenous retinal detachment');
INSERT INTO clinical_sign VALUES ('Myopic choroidal neovascularization');
INSERT INTO clinical_sign VALUES ('Visibility of large choroidal vessels at the posterior fundus pole outside of the peripapillary region');
INSERT INTO clinical_sign VALUES ('Vitreous liquefaction and syneresis');
INSERT INTO clinical_sign VALUES ('Weiss ring');
INSERT INTO clinical_sign VALUES ('Pigment in vitreous');
INSERT INTO clinical_sign VALUES ('Small yellowish-white spherical opacities in the vitreous (stars in the night sky)');
INSERT INTO clinical_sign VALUES ('Highly refractile, multi-coloured opacities, flat, angular or disc-shaped');
INSERT INTO clinical_sign VALUES ('Retinal hemorrhages');
INSERT INTO clinical_sign VALUES ('Salus sign');
INSERT INTO clinical_sign VALUES ('Macular ischemia');
INSERT INTO clinical_sign VALUES ('Telangiectatic vessels');
INSERT INTO clinical_sign VALUES ('Narrowing/sheathing of the adjacent artery');
INSERT INTO clinical_sign VALUES ('IRMA');
INSERT INTO clinical_sign VALUES ('Sectorial venous dilatation and tortuosity');
INSERT INTO clinical_sign VALUES ('Macular edema');
INSERT INTO clinical_sign VALUES ('Sclerosed veins');
INSERT INTO clinical_sign VALUES ('Collateral vascular shunt at the optic disc');
INSERT INTO clinical_sign VALUES ('Iris neovascularization');
INSERT INTO clinical_sign VALUES ('Ischemic BRVO');
INSERT INTO clinical_sign VALUES ('Non-ischemic BRVO');
INSERT INTO clinical_sign VALUES ('ISNT rule intact');
INSERT INTO clinical_sign VALUES ('Hard drusen: small (< 63 μm), well-defined, yellow excrescences');
INSERT INTO clinical_sign VALUES ('Intermediate drusen: moderately well-defined yellow–white retinal spots');
INSERT INTO clinical_sign VALUES ('Soft drusen: large (> 125 μm), poorly delineated, pale yellow or grayish-white retinal lesions');
INSERT INTO clinical_sign VALUES ('Dystrophic calcification at the drusen level');
INSERT INTO clinical_sign VALUES ('Possible pigmentary changes');
INSERT INTO clinical_sign VALUES ('Wrinkling or distortion of the retinal tissue');
INSERT INTO clinical_sign VALUES ('Macular thickening (macular edema)');
INSERT INTO clinical_sign VALUES ('Cellophane maculopathy');
INSERT INTO clinical_sign VALUES ('Macular pseudohole');
INSERT INTO clinical_sign VALUES ('Fine retinal translucent folds or creases');
INSERT INTO clinical_sign VALUES ('Distorted blood vessels');
INSERT INTO clinical_sign VALUES ('Macular reflex changes');
INSERT INTO clinical_sign VALUES ('Vessels at optic nerve obscured');
INSERT INTO clinical_sign VALUES ('Optic nerve elevated');
INSERT INTO clinical_sign VALUES ('Macular star');
INSERT INTO clinical_sign VALUES ('Peripapillary cotton-wool spots');
INSERT INTO clinical_sign VALUES ('Venous dilation and tortuosity');
INSERT INTO clinical_sign VALUES ('White chalky appearance of edema');
INSERT INTO clinical_sign VALUES ('Peripapillary hemorrhages');
INSERT INTO clinical_sign VALUES ('Peripapillary exudates');
INSERT INTO clinical_sign VALUES ('Fan-shaped peripapillary white striated patches');
INSERT INTO clinical_sign VALUES ('Feathered borders');
INSERT INTO clinical_sign VALUES ('In the distribution of the RNFL');
INSERT INTO clinical_sign VALUES ('Approximately one disc diameter in size or larger');
INSERT INTO clinical_sign VALUES ('Contiguous with the optic disc');
INSERT INTO clinical_sign VALUES ('Obscuration of retinal vessels');
INSERT INTO clinical_sign VALUES ('Shaffer’s sign (pigment in the anterior vitreous)');
INSERT INTO clinical_sign VALUES ('Vitreous hemorrhage ');
INSERT INTO clinical_sign VALUES ('Other peripheral retinal degenerations');
INSERT INTO clinical_sign VALUES ('Detached corrugated retina which undulates with eye movements');
INSERT INTO clinical_sign VALUES ('Horseshoe retinal tear');
INSERT INTO clinical_sign VALUES ('Operculated retinal tear');
INSERT INTO clinical_sign VALUES ('Posterior vitreous detachment');
INSERT INTO clinical_sign VALUES ('PVR');
INSERT INTO clinical_sign VALUES ('Round/oval serous macular detachment');
INSERT INTO clinical_sign VALUES ('Gray-white serofibrinous exudate');
INSERT INTO clinical_sign VALUES ('Small, yellow sub-retinal deposits');
INSERT INTO clinical_sign VALUES ('Macular RPE mottling');
INSERT INTO clinical_sign VALUES ('Panretinal venous dilatation and tortuosity');
INSERT INTO clinical_sign VALUES ('Retinal vessel wall sheating');
INSERT INTO clinical_sign VALUES ('Ischemic central retinal vein occlusion');
INSERT INTO clinical_sign VALUES ('Non-ischemic central retinal vein occlusion');


INSERT INTO differential_diagnosis VALUES ('Non-exudative AMD');
INSERT INTO differential_diagnosis VALUES ('Exudative AMD (CNV)');
INSERT INTO differential_diagnosis VALUES ('Macular edema');
INSERT INTO differential_diagnosis VALUES ('Retinopathy');
INSERT INTO differential_diagnosis VALUES ('Glaucoma');
INSERT INTO differential_diagnosis VALUES ('Optic disc edema');
INSERT INTO differential_diagnosis VALUES ('Choroidal neovascularization');
INSERT INTO differential_diagnosis VALUES ('Tessellated fundus');
INSERT INTO differential_diagnosis VALUES ('Vitreous degeneration (PVD + Vitreous liquefaction) & Asteroid hyalosis & Synchysis scintillans');
INSERT INTO differential_diagnosis VALUES ('Branch retinal vein occlusion');
INSERT INTO differential_diagnosis VALUES ('Physiologic large optic cup');
INSERT INTO differential_diagnosis VALUES ('Drusen');
INSERT INTO differential_diagnosis VALUES ('Epiretinal membrane');
INSERT INTO differential_diagnosis VALUES ('Myelinated Retinal Nerve Fiber Layer (MRNF)');
INSERT INTO differential_diagnosis VALUES ('Rhegmatogenous retinal detachment');
INSERT INTO differential_diagnosis VALUES ('Central serous chorioretinopathy');
INSERT INTO differential_diagnosis VALUES ('Central retinal vein occlusion');


INSERT INTO sign VALUES ('RPE changes in central serous chorioretinopathy');
INSERT INTO sign VALUES ('Pattern distrophy');
INSERT INTO sign VALUES ('Retinal drug toxicity (i.e. chloroquine)');
INSERT INTO sign VALUES ('Adult vitelliform macular dystrophy');
INSERT INTO sign VALUES ('Pathologic myopia');
INSERT INTO sign VALUES ('Central serous chorioretinopathy');
INSERT INTO sign VALUES ('Ocular histoplasmosis syndrome');
INSERT INTO sign VALUES ('Angioid streaks');
INSERT INTO sign VALUES ('Choroidal rupture');
INSERT INTO sign VALUES ('Polypoidal choroidal vasculopathy');
INSERT INTO sign VALUES ('Choroidal masquerading tumors');
INSERT INTO sign VALUES ('Retinal angiomatous proliferation');
INSERT INTO sign VALUES ('Idiopathic etiology');
INSERT INTO sign VALUES ('Diabetic macular edema');
INSERT INTO sign VALUES ('Hypertensive retinopathy');
INSERT INTO sign VALUES ('Central retinal vein occlusion');
INSERT INTO sign VALUES ('Branch retinal vein occlusion');
INSERT INTO sign VALUES ('Choroidal neovascular membrane');
INSERT INTO sign VALUES ('Macular edema secondary to epiretinal membrane');
INSERT INTO sign VALUES ('Ruptured microaneurysm');
INSERT INTO sign VALUES ('Irvine gass syndrome');
INSERT INTO sign VALUES ('Post uveitic macular edema');
INSERT INTO sign VALUES ('Hemiretinal vein occlusion');
INSERT INTO sign VALUES ('Ocular ischemic syndrome');
INSERT INTO sign VALUES ('Terson syndrome');
INSERT INTO sign VALUES ('Valsalva retinopathy');
INSERT INTO sign VALUES ('Sickle cell retinopathy');
INSERT INTO sign VALUES ('Post-traumatic retinal bleed');
INSERT INTO sign VALUES ('Retinal macroaneurysm');
INSERT INTO sign VALUES ('Retinopathy in thalassemia');
INSERT INTO sign VALUES ('Physiologic cupping in increased optic nerve head');
INSERT INTO sign VALUES ('Optic disc pit');
INSERT INTO sign VALUES ('Optic disc coloboma');
INSERT INTO sign VALUES ('Ischemic optic neuropathy');
INSERT INTO sign VALUES ('Anterior ischemic optic neuropathy');
INSERT INTO sign VALUES ('Optic neuritis');
INSERT INTO sign VALUES ('Papilledema');
INSERT INTO sign VALUES ('Compressive optic neuropathy');
INSERT INTO sign VALUES ('Papillophlebitis');
INSERT INTO sign VALUES ('Optic disc drusen');
INSERT INTO sign VALUES ('Neuroretinitis');
INSERT INTO sign VALUES ('Diabetic papillopathy');
INSERT INTO sign VALUES ('Pseudopapilledema');
INSERT INTO sign VALUES ('Hyperviscosity syndrome');
INSERT INTO sign VALUES ('Diabetic retinopathy');
INSERT INTO sign VALUES ('Radiation retinopathy');
INSERT INTO sign VALUES ('Anemia');
INSERT INTO sign VALUES ('Age-related macular degeneration');
INSERT INTO sign VALUES ('Pattern dystrophies');
INSERT INTO sign VALUES ('Ocular histoplasmosis');
INSERT INTO sign VALUES ('Multifocal choroiditis');
INSERT INTO sign VALUES ('Chronic central serous chorioretinopathy');
INSERT INTO sign VALUES ('Presumed Ocular Histoplasmosis');
INSERT INTO sign VALUES ('Trauma: Choroidal rupture');
INSERT INTO sign VALUES ('Sarcoidosis');
INSERT INTO sign VALUES ('Choroidal tumors');
INSERT INTO sign VALUES ('Pathological myopia');
INSERT INTO sign VALUES ('Retinitis pigmentosa');
INSERT INTO sign VALUES ('Choroideremia');
INSERT INTO sign VALUES ('Ocular albinism');
INSERT INTO sign VALUES ('Gyrate atrophy');
INSERT INTO sign VALUES ('Geographic atrophy');
INSERT INTO sign VALUES ('Central areolar choroidal dystrophy');
INSERT INTO sign VALUES ('Retinal detachment');
INSERT INTO sign VALUES ('Vitreous inflammation (infectious and non infectious)');
INSERT INTO sign VALUES ('Vitreous hemorrhage (fresh)');
INSERT INTO sign VALUES ('Vitreous hemorrhage (old)');
INSERT INTO sign VALUES ('Vitreous amyloidosis');
INSERT INTO sign VALUES ('Ocular large cell lymphoma');
INSERT INTO sign VALUES ('Central/hemiretinal vein occlusion');
INSERT INTO sign VALUES ('Vasculitis');
INSERT INTO sign VALUES ('Macular telangiectasia');
INSERT INTO sign VALUES ('Glaucomatous optic disc cup');
INSERT INTO sign VALUES ('Age-related drusen');
INSERT INTO sign VALUES ('Autosomal dominant drusen (Malattia Leventinese)');
INSERT INTO sign VALUES ('Early adult-onset drusen (Cuticular drusen)');
INSERT INTO sign VALUES ('C3 glomerulopathy - associated drusen (type II membranoproliferative glomerulonephritis)');
INSERT INTO sign VALUES ('Macular edema');
INSERT INTO sign VALUES ('Proliferative vitreoretinopathy');
INSERT INTO sign VALUES ('Inherited macular dystrophies');
INSERT INTO sign VALUES ('Parafoveal telangiectasia');
INSERT INTO sign VALUES ('Macular hole');
INSERT INTO sign VALUES ('Tractional retinal detachment');
INSERT INTO sign VALUES ('Combined hamartoma of retina and RPE');
INSERT INTO sign VALUES ('Pseudo-papilledema');
INSERT INTO sign VALUES ('Cotton wool spot');
INSERT INTO sign VALUES ('Branch retinal artery occlusion (BRAO)');
INSERT INTO sign VALUES ('Peripapillary epiretinal membrane');
INSERT INTO sign VALUES ('Retinal infiltrates (infectious, inflammatory or neoplastic)');
INSERT INTO sign VALUES ('Retinoblastoma (in case of extensive myelinated retinal nerve fiber layer in young children)');
INSERT INTO sign VALUES ('Retinal necrosis');
INSERT INTO sign VALUES ('Exudative retinal detachment');
INSERT INTO sign VALUES ('Retinoschisis');
INSERT INTO sign VALUES ('Choroidal mass');
INSERT INTO sign VALUES ('Optic disc pit associated maculopathy');
INSERT INTO sign VALUES ('Choroidal tumor/infiltrative process');
INSERT INTO sign VALUES ('Vogt-Koyanagi-Harada');
INSERT INTO sign VALUES ('Idiopathic choroidal neovascularization');
INSERT INTO sign VALUES ('Posterior scleritis');
INSERT INTO sign VALUES ('Hemiretinal/Branch vein occlusion');
INSERT INTO sign VALUES ('Retinal artery occlusion');


INSERT INTO differential_diagnosis_sign VALUES ('Non-exudative AMD', 'RPE changes in central serous chorioretinopathy');
INSERT INTO differential_diagnosis_sign VALUES ('Non-exudative AMD', 'Pattern distrophy');
INSERT INTO differential_diagnosis_sign VALUES ('Non-exudative AMD', 'Retinal drug toxicity (i.e. chloroquine)');
INSERT INTO differential_diagnosis_sign VALUES ('Non-exudative AMD', 'Adult vitelliform macular dystrophy');
INSERT INTO differential_diagnosis_sign VALUES ('Non-exudative AMD', 'Pathologic myopia');
INSERT INTO differential_diagnosis_sign VALUES ('Exudative AMD (CNV)', 'Central serous chorioretinopathy');
INSERT INTO differential_diagnosis_sign VALUES ('Exudative AMD (CNV)', 'Pathologic myopia');
INSERT INTO differential_diagnosis_sign VALUES ('Exudative AMD (CNV)', 'Ocular histoplasmosis syndrome');
INSERT INTO differential_diagnosis_sign VALUES ('Exudative AMD (CNV)', 'Angioid streaks');
INSERT INTO differential_diagnosis_sign VALUES ('Exudative AMD (CNV)', 'Choroidal rupture');
INSERT INTO differential_diagnosis_sign VALUES ('Exudative AMD (CNV)', 'Polypoidal choroidal vasculopathy');
INSERT INTO differential_diagnosis_sign VALUES ('Exudative AMD (CNV)', 'Choroidal masquerading tumors');
INSERT INTO differential_diagnosis_sign VALUES ('Exudative AMD (CNV)', 'Retinal angiomatous proliferation');
INSERT INTO differential_diagnosis_sign VALUES ('Exudative AMD (CNV)', 'Idiopathic etiology');
INSERT INTO differential_diagnosis_sign VALUES ('Exudative AMD (CNV)', 'Diabetic macular edema');
INSERT INTO differential_diagnosis_sign VALUES ('Macular edema', 'Hypertensive retinopathy');
INSERT INTO differential_diagnosis_sign VALUES ('Macular edema', 'Central retinal vein occlusion');
INSERT INTO differential_diagnosis_sign VALUES ('Macular edema', 'Branch retinal vein occlusion');
INSERT INTO differential_diagnosis_sign VALUES ('Macular edema', 'Choroidal neovascular membrane');
INSERT INTO differential_diagnosis_sign VALUES ('Macular edema', 'Macular edema secondary to epiretinal membrane');
INSERT INTO differential_diagnosis_sign VALUES ('Macular edema', 'Ruptured microaneurysm');
INSERT INTO differential_diagnosis_sign VALUES ('Macular edema', 'Irvine gass syndrome');
INSERT INTO differential_diagnosis_sign VALUES ('Macular edema', 'Post uveitic macular edema');
INSERT INTO differential_diagnosis_sign VALUES ('Macular edema', 'Central serous chorioretinopathy');
INSERT INTO differential_diagnosis_sign VALUES ('Retinopathy', 'Central retinal vein occlusion');
INSERT INTO differential_diagnosis_sign VALUES ('Retinopathy', 'Hemiretinal vein occlusion');
INSERT INTO differential_diagnosis_sign VALUES ('Retinopathy', 'Branch retinal vein occlusion');
INSERT INTO differential_diagnosis_sign VALUES ('Retinopathy', 'Hypertensive retinopathy');
INSERT INTO differential_diagnosis_sign VALUES ('Retinopathy', 'Ocular ischemic syndrome');
INSERT INTO differential_diagnosis_sign VALUES ('Retinopathy', 'Terson syndrome');
INSERT INTO differential_diagnosis_sign VALUES ('Retinopathy', 'Valsalva retinopathy');
INSERT INTO differential_diagnosis_sign VALUES ('Retinopathy', 'Sickle cell retinopathy');
INSERT INTO differential_diagnosis_sign VALUES ('Retinopathy', 'Post-traumatic retinal bleed');
INSERT INTO differential_diagnosis_sign VALUES ('Retinopathy', 'Retinal macroaneurysm');
INSERT INTO differential_diagnosis_sign VALUES ('Retinopathy', 'Retinopathy in thalassemia');
INSERT INTO differential_diagnosis_sign VALUES ('Glaucoma', 'Physiologic cupping in increased optic nerve head');
INSERT INTO differential_diagnosis_sign VALUES ('Glaucoma', 'Optic disc pit');
INSERT INTO differential_diagnosis_sign VALUES ('Glaucoma', 'Optic disc coloboma');
INSERT INTO differential_diagnosis_sign VALUES ('Glaucoma', 'Ischemic optic neuropathy');
INSERT INTO differential_diagnosis_sign VALUES ('Optic disc edema', 'Anterior ischemic optic neuropathy');
INSERT INTO differential_diagnosis_sign VALUES ('Optic disc edema', 'Central retinal vein occlusion');
INSERT INTO differential_diagnosis_sign VALUES ('Optic disc edema', 'Optic neuritis');
INSERT INTO differential_diagnosis_sign VALUES ('Optic disc edema', 'Papilledema');
INSERT INTO differential_diagnosis_sign VALUES ('Optic disc edema', 'Compressive optic neuropathy');
INSERT INTO differential_diagnosis_sign VALUES ('Optic disc edema', 'Papillophlebitis');
INSERT INTO differential_diagnosis_sign VALUES ('Optic disc edema', 'Optic disc drusen');
INSERT INTO differential_diagnosis_sign VALUES ('Optic disc edema', 'Neuroretinitis');
INSERT INTO differential_diagnosis_sign VALUES ('Optic disc edema', 'Diabetic papillopathy');
INSERT INTO differential_diagnosis_sign VALUES ('Optic disc edema', 'Pseudopapilledema');
INSERT INTO differential_diagnosis_sign VALUES ('Retinopathy', 'Hyperviscosity syndrome');
INSERT INTO differential_diagnosis_sign VALUES ('Retinopathy', 'Diabetic retinopathy');
INSERT INTO differential_diagnosis_sign VALUES ('Retinopathy', 'Radiation retinopathy');
INSERT INTO differential_diagnosis_sign VALUES ('Retinopathy', 'Anemia');
INSERT INTO differential_diagnosis_sign VALUES ('Retinopathy', 'Age-related macular degeneration');
INSERT INTO differential_diagnosis_sign VALUES ('Retinopathy', 'Angioid streaks');
INSERT INTO differential_diagnosis_sign VALUES ('Retinopathy', 'Choroidal rupture');
INSERT INTO differential_diagnosis_sign VALUES ('Retinopathy', 'Pattern dystrophies');
INSERT INTO differential_diagnosis_sign VALUES ('Retinopathy', 'Ocular histoplasmosis');
INSERT INTO differential_diagnosis_sign VALUES ('Retinopathy', 'Multifocal choroiditis');
INSERT INTO differential_diagnosis_sign VALUES ('Choroidal neovascularization', 'Age-related macular degeneration');
INSERT INTO differential_diagnosis_sign VALUES ('Choroidal neovascularization', 'Chronic central serous chorioretinopathy');
INSERT INTO differential_diagnosis_sign VALUES ('Choroidal neovascularization', 'Angioid streaks');
INSERT INTO differential_diagnosis_sign VALUES ('Choroidal neovascularization', 'Presumed Ocular Histoplasmosis');
INSERT INTO differential_diagnosis_sign VALUES ('Choroidal neovascularization', 'Trauma: Choroidal rupture');
INSERT INTO differential_diagnosis_sign VALUES ('Choroidal neovascularization', 'Multifocal choroiditis');
INSERT INTO differential_diagnosis_sign VALUES ('Choroidal neovascularization', 'Sarcoidosis');
INSERT INTO differential_diagnosis_sign VALUES ('Choroidal neovascularization', 'Choroidal tumors');
INSERT INTO differential_diagnosis_sign VALUES ('Tessellated fundus', 'Pathological myopia');
INSERT INTO differential_diagnosis_sign VALUES ('Tessellated fundus', 'Retinitis pigmentosa');
INSERT INTO differential_diagnosis_sign VALUES ('Tessellated fundus', 'Choroideremia');
INSERT INTO differential_diagnosis_sign VALUES ('Tessellated fundus', 'Ocular albinism');
INSERT INTO differential_diagnosis_sign VALUES ('Tessellated fundus', 'Gyrate atrophy');
INSERT INTO differential_diagnosis_sign VALUES ('Tessellated fundus', 'Geographic atrophy');
INSERT INTO differential_diagnosis_sign VALUES ('Tessellated fundus', 'Central areolar choroidal dystrophy');
INSERT INTO differential_diagnosis_sign VALUES ('Vitreous degeneration (PVD + Vitreous liquefaction) & Asteroid hyalosis & Synchysis scintillans', 'Retinal detachment');
INSERT INTO differential_diagnosis_sign VALUES ('Vitreous degeneration (PVD + Vitreous liquefaction) & Asteroid hyalosis & Synchysis scintillans', 'Vitreous inflammation (infectious and non infectious)');
INSERT INTO differential_diagnosis_sign VALUES ('Vitreous degeneration (PVD + Vitreous liquefaction) & Asteroid hyalosis & Synchysis scintillans', 'Vitreous hemorrhage (fresh)');
INSERT INTO differential_diagnosis_sign VALUES ('Vitreous degeneration (PVD + Vitreous liquefaction) & Asteroid hyalosis & Synchysis scintillans', 'Vitreous hemorrhage (old)');
INSERT INTO differential_diagnosis_sign VALUES ('Vitreous degeneration (PVD + Vitreous liquefaction) & Asteroid hyalosis & Synchysis scintillans', 'Vitreous amyloidosis');
INSERT INTO differential_diagnosis_sign VALUES ('Vitreous degeneration (PVD + Vitreous liquefaction) & Asteroid hyalosis & Synchysis scintillans', 'Ocular large cell lymphoma');
INSERT INTO differential_diagnosis_sign VALUES ('Branch retinal vein occlusion', 'Diabetic retinopathy');
INSERT INTO differential_diagnosis_sign VALUES ('Branch retinal vein occlusion', 'Central/hemiretinal vein occlusion');
INSERT INTO differential_diagnosis_sign VALUES ('Branch retinal vein occlusion', 'Radiation retinopathy');
INSERT INTO differential_diagnosis_sign VALUES ('Branch retinal vein occlusion', 'Retinal angiomatous proliferation');
INSERT INTO differential_diagnosis_sign VALUES ('Branch retinal vein occlusion', 'Hypertensive retinopathy');
INSERT INTO differential_diagnosis_sign VALUES ('Branch retinal vein occlusion', 'Vasculitis');
INSERT INTO differential_diagnosis_sign VALUES ('Branch retinal vein occlusion', 'Macular telangiectasia');
INSERT INTO differential_diagnosis_sign VALUES ('Physiologic large optic cup', 'Glaucomatous optic disc cup');
INSERT INTO differential_diagnosis_sign VALUES ('Physiologic large optic cup', 'Optic disc pit');
INSERT INTO differential_diagnosis_sign VALUES ('Physiologic large optic cup', 'Optic disc coloboma');
INSERT INTO differential_diagnosis_sign VALUES ('Physiologic large optic cup', 'Ischemic optic neuropathy');
INSERT INTO differential_diagnosis_sign VALUES ('Drusen', 'Age-related drusen');
INSERT INTO differential_diagnosis_sign VALUES ('Drusen', 'Age-related macular degeneration');
INSERT INTO differential_diagnosis_sign VALUES ('Drusen', 'Autosomal dominant drusen (Malattia Leventinese)');
INSERT INTO differential_diagnosis_sign VALUES ('Drusen', 'Early adult-onset drusen (Cuticular drusen)');
INSERT INTO differential_diagnosis_sign VALUES ('Drusen', 'C3 glomerulopathy - associated drusen (type II membranoproliferative glomerulonephritis)');
INSERT INTO differential_diagnosis_sign VALUES ('Epiretinal membrane', 'Macular edema');
INSERT INTO differential_diagnosis_sign VALUES ('Epiretinal membrane', 'Proliferative vitreoretinopathy');
INSERT INTO differential_diagnosis_sign VALUES ('Epiretinal membrane', 'Inherited macular dystrophies');
INSERT INTO differential_diagnosis_sign VALUES ('Epiretinal membrane', 'Parafoveal telangiectasia');
INSERT INTO differential_diagnosis_sign VALUES ('Epiretinal membrane', 'Macular hole');
INSERT INTO differential_diagnosis_sign VALUES ('Epiretinal membrane', 'Tractional retinal detachment');
INSERT INTO differential_diagnosis_sign VALUES ('Epiretinal membrane', 'Combined hamartoma of retina and RPE');
INSERT INTO differential_diagnosis_sign VALUES ('Optic disc edema', 'Pseudo-papilledema');
INSERT INTO differential_diagnosis_sign VALUES ('Myelinated Retinal Nerve Fiber Layer (MRNF)', 'Cotton wool spot');
INSERT INTO differential_diagnosis_sign VALUES ('Myelinated Retinal Nerve Fiber Layer (MRNF)', 'Branch retinal artery occlusion (BRAO)');
INSERT INTO differential_diagnosis_sign VALUES ('Myelinated Retinal Nerve Fiber Layer (MRNF)', 'Peripapillary epiretinal membrane');
INSERT INTO differential_diagnosis_sign VALUES ('Myelinated Retinal Nerve Fiber Layer (MRNF)', 'Retinal infiltrates (infectious, inflammatory or neoplastic)');
INSERT INTO differential_diagnosis_sign VALUES ('Myelinated Retinal Nerve Fiber Layer (MRNF)', 'Retinoblastoma (in case of extensive myelinated retinal nerve fiber layer in young children)');
INSERT INTO differential_diagnosis_sign VALUES ('Myelinated Retinal Nerve Fiber Layer (MRNF)', 'Retinal necrosis');
INSERT INTO differential_diagnosis_sign VALUES ('Rhegmatogenous retinal detachment', 'Tractional retinal detachment');
INSERT INTO differential_diagnosis_sign VALUES ('Rhegmatogenous retinal detachment', 'Exudative retinal detachment');
INSERT INTO differential_diagnosis_sign VALUES ('Rhegmatogenous retinal detachment', 'Retinoschisis');
INSERT INTO differential_diagnosis_sign VALUES ('Rhegmatogenous retinal detachment', 'Choroidal mass');
INSERT INTO differential_diagnosis_sign VALUES ('Central serous chorioretinopathy', 'Age-related macular degeneration');
INSERT INTO differential_diagnosis_sign VALUES ('Central serous chorioretinopathy', 'Optic disc pit associated maculopathy');
INSERT INTO differential_diagnosis_sign VALUES ('Central serous chorioretinopathy', 'Choroidal tumor/infiltrative process');
INSERT INTO differential_diagnosis_sign VALUES ('Central serous chorioretinopathy', 'Vogt-Koyanagi-Harada');
INSERT INTO differential_diagnosis_sign VALUES ('Central serous chorioretinopathy', 'Polypoidal choroidal vasculopathy');
INSERT INTO differential_diagnosis_sign VALUES ('Central serous chorioretinopathy', 'Idiopathic choroidal neovascularization');
INSERT INTO differential_diagnosis_sign VALUES ('Central serous chorioretinopathy', 'Posterior scleritis');
INSERT INTO differential_diagnosis_sign VALUES ('Central retinal vein occlusion', 'Diabetic retinopathy');
INSERT INTO differential_diagnosis_sign VALUES ('Central retinal vein occlusion', 'Hemiretinal/Branch vein occlusion');
INSERT INTO differential_diagnosis_sign VALUES ('Central retinal vein occlusion', 'Radiation retinopathy');
INSERT INTO differential_diagnosis_sign VALUES ('Central retinal vein occlusion', 'Retinal artery occlusion');
INSERT INTO differential_diagnosis_sign VALUES ('Central retinal vein occlusion', 'Hypertensive retinopathy');
INSERT INTO differential_diagnosis_sign VALUES ('Central retinal vein occlusion', 'Vasculitis');
INSERT INTO differential_diagnosis_sign VALUES ('Central retinal vein occlusion', 'Papillophlebitis');


INSERT INTO disease VALUES ('Normal', true, 'Normal');
INSERT INTO disease VALUES ('Age-Related Macular Degeneration (AMD)', true, 'Macular conditions');
INSERT INTO disease VALUES ('Diabetic Retinopathy', true, 'Vascular conditions');
INSERT INTO disease VALUES ('Glaucoma', true, 'Optic nerve conditions');
INSERT INTO disease VALUES ('Hypertensive Retinopathy', true, 'Vascular conditions');
INSERT INTO disease VALUES ('Pathological Myopia', true, 'Macular conditions');
INSERT INTO disease VALUES ('Tessellated fundus', true, 'Normal');
INSERT INTO disease VALUES ('Vitreous degeneration (PVD + Vitreous liquefaction) & Asteroid hyalosis & Synchysis scintillans', true, 'Transparent media conditions');
INSERT INTO disease VALUES ('Branch retinal vein occlusion', true, 'Vascular conditions');
INSERT INTO disease VALUES ('Physiologic large optic cup', true, 'Optic nerve conditions');
INSERT INTO disease VALUES ('Drusen', true, 'Macular conditions');
INSERT INTO disease VALUES ('Epiretinal membrane', true, 'Macular conditions');
INSERT INTO disease VALUES ('Optic disc edema', true, 'Optic nerve conditions');
INSERT INTO disease VALUES ('Myelinated Retinal Nerve Fiber Layer (MRNF)', true, 'Optic nerve conditions');
INSERT INTO disease VALUES ('Rhegmatogenous retinal detachment', true, 'Peripheral retina conditions');
INSERT INTO disease VALUES ('Central serous chorioretinopathy', true, 'Macular conditions');
INSERT INTO disease VALUES ('Central retinal vein occlusion', true, 'Vascular conditions');

INSERT INTO disease_clinical_signs VALUES ('Age-Related Macular Degeneration (AMD)', 'Hard drusen');
INSERT INTO disease_clinical_signs VALUES ('Age-Related Macular Degeneration (AMD)', 'Soft drusen');
INSERT INTO disease_clinical_signs VALUES ('Age-Related Macular Degeneration (AMD)', 'Retinal pigment epithelium changes');
INSERT INTO disease_clinical_signs VALUES ('Age-Related Macular Degeneration (AMD)', 'Geographic atrophy');
INSERT INTO disease_clinical_signs VALUES ('Age-Related Macular Degeneration (AMD)', 'Subretinal fluid');
INSERT INTO disease_clinical_signs VALUES ('Age-Related Macular Degeneration (AMD)', 'Subretinal hemorrhage');
INSERT INTO disease_clinical_signs VALUES ('Age-Related Macular Degeneration (AMD)', 'Subretinal hard exudates');
INSERT INTO disease_clinical_signs VALUES ('Age-Related Macular Degeneration (AMD)', 'Subretinal disciform fibrosis');
INSERT INTO disease_clinical_signs VALUES ('Diabetic Retinopathy', 'Microaneurysms');
INSERT INTO disease_clinical_signs VALUES ('Diabetic Retinopathy', 'Dot-blot hemorrhages');
INSERT INTO disease_clinical_signs VALUES ('Diabetic Retinopathy', 'Flame-shaped hemorrhages');
INSERT INTO disease_clinical_signs VALUES ('Diabetic Retinopathy', 'Hard exudates');
INSERT INTO disease_clinical_signs VALUES ('Diabetic Retinopathy', 'Cotton-wool spots');
INSERT INTO disease_clinical_signs VALUES ('Diabetic Retinopathy', 'Venous beading');
INSERT INTO disease_clinical_signs VALUES ('Diabetic Retinopathy', 'Venous loops');
INSERT INTO disease_clinical_signs VALUES ('Diabetic Retinopathy', 'Dilated veins');
INSERT INTO disease_clinical_signs VALUES ('Diabetic Retinopathy', 'Intraretinal microvascular anomalies ');
INSERT INTO disease_clinical_signs VALUES ('Diabetic Retinopathy', 'Neovascularization of the disc');
INSERT INTO disease_clinical_signs VALUES ('Diabetic Retinopathy', 'Neovascularization elsewhere');
INSERT INTO disease_clinical_signs VALUES ('Diabetic Retinopathy', 'Preretinal hemorrhage');
INSERT INTO disease_clinical_signs VALUES ('Diabetic Retinopathy', 'Vitreous hemorrhage');
INSERT INTO disease_clinical_signs VALUES ('Diabetic Retinopathy', 'Tractional retinal detachment');
INSERT INTO disease_clinical_signs VALUES ('Diabetic Retinopathy', 'Laser spots');
INSERT INTO disease_clinical_signs VALUES ('Glaucoma', 'Increased cup to disc ratio (in correspondence to disc size)');
INSERT INTO disease_clinical_signs VALUES ('Glaucoma', 'Violation of the ISNT rule');
INSERT INTO disease_clinical_signs VALUES ('Glaucoma', 'Notching of the rim (localized rim thinning)');
INSERT INTO disease_clinical_signs VALUES ('Glaucoma', 'Remaining rim of normal color');
INSERT INTO disease_clinical_signs VALUES ('Glaucoma', 'Asymmetry of cupping (> 0.2) in the absence of asymmetry of disc sizes');
INSERT INTO disease_clinical_signs VALUES ('Glaucoma', 'Nasal shift of the central retinal vessels');
INSERT INTO disease_clinical_signs VALUES ('Glaucoma', 'Baring of circumlinear vessels');
INSERT INTO disease_clinical_signs VALUES ('Glaucoma', 'Bayoneting vessels at the disc edge');
INSERT INTO disease_clinical_signs VALUES ('Glaucoma', 'Splinter or flame-shaped optic disc hemorrhage');
INSERT INTO disease_clinical_signs VALUES ('Glaucoma', 'Peripapillary atrophy (beta-zone)');
INSERT INTO disease_clinical_signs VALUES ('Hypertensive Retinopathy', 'Arteriovenous crossing signs');
INSERT INTO disease_clinical_signs VALUES ('Hypertensive Retinopathy', 'Copper wire arterioles');
INSERT INTO disease_clinical_signs VALUES ('Hypertensive Retinopathy', 'Flame-shaped hemorrhages');
INSERT INTO disease_clinical_signs VALUES ('Hypertensive Retinopathy', 'Constricted and tortuous arterioles');
INSERT INTO disease_clinical_signs VALUES ('Hypertensive Retinopathy', 'Hard exudates');
INSERT INTO disease_clinical_signs VALUES ('Hypertensive Retinopathy', 'Macular star formation');
INSERT INTO disease_clinical_signs VALUES ('Hypertensive Retinopathy', 'Retinal edema');
INSERT INTO disease_clinical_signs VALUES ('Hypertensive Retinopathy', 'Elschnig’s spots');
INSERT INTO disease_clinical_signs VALUES ('Hypertensive Retinopathy', 'Widening of the arteriole reflex');
INSERT INTO disease_clinical_signs VALUES ('Hypertensive Retinopathy', 'Silver wire arterioles');
INSERT INTO disease_clinical_signs VALUES ('Hypertensive Retinopathy', 'Dot-blot hemorrhages');
INSERT INTO disease_clinical_signs VALUES ('Hypertensive Retinopathy', 'Cotton-wool spots');
INSERT INTO disease_clinical_signs VALUES ('Hypertensive Retinopathy', 'Optic disc edema');
INSERT INTO disease_clinical_signs VALUES ('Hypertensive Retinopathy', 'Siegrist streaks');
INSERT INTO disease_clinical_signs VALUES ('Hypertensive Retinopathy', 'Focal pigment epithelial detachment');
INSERT INTO disease_clinical_signs VALUES ('Hypertensive Retinopathy', 'Exudative retinal detachment');
INSERT INTO disease_clinical_signs VALUES ('Pathological Myopia', 'Pale tessellated retina');
INSERT INTO disease_clinical_signs VALUES ('Pathological Myopia', 'Focal chorioretinal atrophy');
INSERT INTO disease_clinical_signs VALUES ('Pathological Myopia', 'Optic nerve head changes: oval, tilted disc');
INSERT INTO disease_clinical_signs VALUES ('Pathological Myopia', 'Peripapillary atrophy');
INSERT INTO disease_clinical_signs VALUES ('Pathological Myopia', 'Acquired optic disc pit');
INSERT INTO disease_clinical_signs VALUES ('Pathological Myopia', 'Peripapillary intrachoroidal cavitation');
INSERT INTO disease_clinical_signs VALUES ('Pathological Myopia', 'Subretinal ‘coin’ hemorrhages');
INSERT INTO disease_clinical_signs VALUES ('Pathological Myopia', 'Fuchs spot');
INSERT INTO disease_clinical_signs VALUES ('Pathological Myopia', 'Lattice degeneration');
INSERT INTO disease_clinical_signs VALUES ('Pathological Myopia', 'Lacquer cracks');
INSERT INTO disease_clinical_signs VALUES ('Pathological Myopia', 'Staphyloma');
INSERT INTO disease_clinical_signs VALUES ('Pathological Myopia', 'Macular retinoschisis (foveoschisis)');
INSERT INTO disease_clinical_signs VALUES ('Pathological Myopia', 'Macular hole');
INSERT INTO disease_clinical_signs VALUES ('Pathological Myopia', 'Rhegmatogenous retinal detachment');
INSERT INTO disease_clinical_signs VALUES ('Pathological Myopia', 'Myopic choroidal neovascularization');
INSERT INTO disease_clinical_signs VALUES ('Tessellated fundus', 'Visibility of large choroidal vessels at the posterior fundus pole outside of the peripapillary region');
INSERT INTO disease_clinical_signs VALUES ('Vitreous degeneration (PVD + Vitreous liquefaction) & Asteroid hyalosis & Synchysis scintillans', 'Vitreous liquefaction and syneresis');
INSERT INTO disease_clinical_signs VALUES ('Vitreous degeneration (PVD + Vitreous liquefaction) & Asteroid hyalosis & Synchysis scintillans', 'Weiss ring');
INSERT INTO disease_clinical_signs VALUES ('Vitreous degeneration (PVD + Vitreous liquefaction) & Asteroid hyalosis & Synchysis scintillans', 'Pigment in vitreous');
INSERT INTO disease_clinical_signs VALUES ('Vitreous degeneration (PVD + Vitreous liquefaction) & Asteroid hyalosis & Synchysis scintillans', 'Vitreous hemorrhage');
INSERT INTO disease_clinical_signs VALUES ('Vitreous degeneration (PVD + Vitreous liquefaction) & Asteroid hyalosis & Synchysis scintillans', 'Small yellowish-white spherical opacities in the vitreous (stars in the night sky)');
INSERT INTO disease_clinical_signs VALUES ('Vitreous degeneration (PVD + Vitreous liquefaction) & Asteroid hyalosis & Synchysis scintillans', 'Highly refractile, multi-coloured opacities, flat, angular or disc-shaped');
INSERT INTO disease_clinical_signs VALUES ('Branch retinal vein occlusion', 'Retinal hemorrhages');
INSERT INTO disease_clinical_signs VALUES ('Branch retinal vein occlusion', 'Cotton-wool spots');
INSERT INTO disease_clinical_signs VALUES ('Branch retinal vein occlusion', 'Salus sign');
INSERT INTO disease_clinical_signs VALUES ('Branch retinal vein occlusion', 'Macular ischemia');
INSERT INTO disease_clinical_signs VALUES ('Branch retinal vein occlusion', 'Microaneurysms');
INSERT INTO disease_clinical_signs VALUES ('Branch retinal vein occlusion', 'Telangiectatic vessels');
INSERT INTO disease_clinical_signs VALUES ('Branch retinal vein occlusion', 'Narrowing/sheathing of the adjacent artery');
INSERT INTO disease_clinical_signs VALUES ('Branch retinal vein occlusion', 'IRMA');
INSERT INTO disease_clinical_signs VALUES ('Branch retinal vein occlusion', 'Vitreous hemorrhage');
INSERT INTO disease_clinical_signs VALUES ('Branch retinal vein occlusion', 'Tractional retinal detachment');
INSERT INTO disease_clinical_signs VALUES ('Branch retinal vein occlusion', 'Sectorial venous dilatation and tortuosity');
INSERT INTO disease_clinical_signs VALUES ('Branch retinal vein occlusion', 'Optic disc edema');
INSERT INTO disease_clinical_signs VALUES ('Branch retinal vein occlusion', 'Macular edema');
INSERT INTO disease_clinical_signs VALUES ('Branch retinal vein occlusion', 'Hard exudates');
INSERT INTO disease_clinical_signs VALUES ('Branch retinal vein occlusion', 'Sclerosed veins');
INSERT INTO disease_clinical_signs VALUES ('Branch retinal vein occlusion', 'Collateral vascular shunt at the optic disc');
INSERT INTO disease_clinical_signs VALUES ('Branch retinal vein occlusion', 'Neovascularization of the disc');
INSERT INTO disease_clinical_signs VALUES ('Branch retinal vein occlusion', 'Neovascularization elsewhere');
INSERT INTO disease_clinical_signs VALUES ('Branch retinal vein occlusion', 'Preretinal hemorrhage');
INSERT INTO disease_clinical_signs VALUES ('Branch retinal vein occlusion', 'Iris neovascularization');
INSERT INTO disease_clinical_signs VALUES ('Branch retinal vein occlusion', 'Ischemic BRVO');
INSERT INTO disease_clinical_signs VALUES ('Branch retinal vein occlusion', 'Non-ischemic BRVO');
INSERT INTO disease_clinical_signs VALUES ('Physiologic large optic cup', 'Increased cup to disc ratio (in correspondence to disc size)');
INSERT INTO disease_clinical_signs VALUES ('Physiologic large optic cup', 'Notching of the rim (localized rim thinning)');
INSERT INTO disease_clinical_signs VALUES ('Physiologic large optic cup', 'ISNT rule intact');
INSERT INTO disease_clinical_signs VALUES ('Physiologic large optic cup', 'Remaining rim of normal color');
INSERT INTO disease_clinical_signs VALUES ('Physiologic large optic cup', 'Asymmetry of cupping (> 0.2) in the absence of asymmetry of disc sizes');
INSERT INTO disease_clinical_signs VALUES ('Physiologic large optic cup', 'Nasal shift of the central retinal vessels');
INSERT INTO disease_clinical_signs VALUES ('Physiologic large optic cup', 'Baring of circumlinear vessels');
INSERT INTO disease_clinical_signs VALUES ('Physiologic large optic cup', 'Bayoneting vessels at the disc edge');
INSERT INTO disease_clinical_signs VALUES ('Physiologic large optic cup', 'Splinter or flame-shaped optic disc hemorrhage');
INSERT INTO disease_clinical_signs VALUES ('Physiologic large optic cup', 'Peripapillary atrophy');
INSERT INTO disease_clinical_signs VALUES ('Drusen', 'Hard drusen: small (< 63 μm), well-defined, yellow excrescences');
INSERT INTO disease_clinical_signs VALUES ('Drusen', 'Intermediate drusen: moderately well-defined yellow–white retinal spots');
INSERT INTO disease_clinical_signs VALUES ('Drusen', 'Soft drusen: large (> 125 μm), poorly delineated, pale yellow or grayish-white retinal lesions');
INSERT INTO disease_clinical_signs VALUES ('Drusen', 'Dystrophic calcification at the drusen level');
INSERT INTO disease_clinical_signs VALUES ('Drusen', 'Possible pigmentary changes');
INSERT INTO disease_clinical_signs VALUES ('Epiretinal membrane', 'Wrinkling or distortion of the retinal tissue');
INSERT INTO disease_clinical_signs VALUES ('Epiretinal membrane', 'Macular thickening (macular edema)');
INSERT INTO disease_clinical_signs VALUES ('Epiretinal membrane', 'Cellophane maculopathy');
INSERT INTO disease_clinical_signs VALUES ('Epiretinal membrane', 'Macular pseudohole');
INSERT INTO disease_clinical_signs VALUES ('Epiretinal membrane', 'Fine retinal translucent folds or creases');
INSERT INTO disease_clinical_signs VALUES ('Epiretinal membrane', 'Distorted blood vessels');
INSERT INTO disease_clinical_signs VALUES ('Epiretinal membrane', 'Macular reflex changes');
INSERT INTO disease_clinical_signs VALUES ('Optic disc edema', 'Vessels at optic nerve obscured');
INSERT INTO disease_clinical_signs VALUES ('Optic disc edema', 'Optic nerve elevated');
INSERT INTO disease_clinical_signs VALUES ('Optic disc edema', 'Macular star');
INSERT INTO disease_clinical_signs VALUES ('Optic disc edema', 'Peripapillary cotton-wool spots');
INSERT INTO disease_clinical_signs VALUES ('Optic disc edema', 'Venous dilation and tortuosity');
INSERT INTO disease_clinical_signs VALUES ('Optic disc edema', 'White chalky appearance of edema');
INSERT INTO disease_clinical_signs VALUES ('Optic disc edema', 'Peripapillary hemorrhages');
INSERT INTO disease_clinical_signs VALUES ('Optic disc edema', 'Peripapillary exudates');
INSERT INTO disease_clinical_signs VALUES ('Myelinated Retinal Nerve Fiber Layer (MRNF)', 'Fan-shaped peripapillary white striated patches');
INSERT INTO disease_clinical_signs VALUES ('Myelinated Retinal Nerve Fiber Layer (MRNF)', 'Feathered borders');
INSERT INTO disease_clinical_signs VALUES ('Myelinated Retinal Nerve Fiber Layer (MRNF)', 'In the distribution of the RNFL');
INSERT INTO disease_clinical_signs VALUES ('Myelinated Retinal Nerve Fiber Layer (MRNF)', 'Approximately one disc diameter in size or larger');
INSERT INTO disease_clinical_signs VALUES ('Myelinated Retinal Nerve Fiber Layer (MRNF)', 'Contiguous with the optic disc');
INSERT INTO disease_clinical_signs VALUES ('Myelinated Retinal Nerve Fiber Layer (MRNF)', 'Obscuration of retinal vessels');
INSERT INTO disease_clinical_signs VALUES ('Rhegmatogenous retinal detachment', 'Shaffer’s sign (pigment in the anterior vitreous)');
INSERT INTO disease_clinical_signs VALUES ('Rhegmatogenous retinal detachment', 'Vitreous hemorrhage ');
INSERT INTO disease_clinical_signs VALUES ('Rhegmatogenous retinal detachment', 'Lattice degeneration');
INSERT INTO disease_clinical_signs VALUES ('Rhegmatogenous retinal detachment', 'Other peripheral retinal degenerations');
INSERT INTO disease_clinical_signs VALUES ('Rhegmatogenous retinal detachment', 'Detached corrugated retina which undulates with eye movements');
INSERT INTO disease_clinical_signs VALUES ('Rhegmatogenous retinal detachment', 'Horseshoe retinal tear');
INSERT INTO disease_clinical_signs VALUES ('Rhegmatogenous retinal detachment', 'Operculated retinal tear');
INSERT INTO disease_clinical_signs VALUES ('Rhegmatogenous retinal detachment', 'Posterior vitreous detachment');
INSERT INTO disease_clinical_signs VALUES ('Rhegmatogenous retinal detachment', 'PVR');
INSERT INTO disease_clinical_signs VALUES ('Central serous chorioretinopathy', 'Round/oval serous macular detachment');
INSERT INTO disease_clinical_signs VALUES ('Central serous chorioretinopathy', 'Gray-white serofibrinous exudate');
INSERT INTO disease_clinical_signs VALUES ('Central serous chorioretinopathy', 'Small, yellow sub-retinal deposits');
INSERT INTO disease_clinical_signs VALUES ('Central serous chorioretinopathy', 'Macular RPE mottling');
INSERT INTO disease_clinical_signs VALUES ('Central retinal vein occlusion', 'Retinal hemorrhages');
INSERT INTO disease_clinical_signs VALUES ('Central retinal vein occlusion', 'Cotton-wool spots');
INSERT INTO disease_clinical_signs VALUES ('Central retinal vein occlusion', 'Salus sign');
INSERT INTO disease_clinical_signs VALUES ('Central retinal vein occlusion', 'Macular ischemia');
INSERT INTO disease_clinical_signs VALUES ('Central retinal vein occlusion', 'Microaneurysms');
INSERT INTO disease_clinical_signs VALUES ('Central retinal vein occlusion', 'Telangiectatic vessels');
INSERT INTO disease_clinical_signs VALUES ('Central retinal vein occlusion', 'IRMA');
INSERT INTO disease_clinical_signs VALUES ('Central retinal vein occlusion', 'Neovascularization elsewhere');
INSERT INTO disease_clinical_signs VALUES ('Central retinal vein occlusion', 'Vitreous hemorrhage');
INSERT INTO disease_clinical_signs VALUES ('Central retinal vein occlusion', 'Iris neovascularization');
INSERT INTO disease_clinical_signs VALUES ('Central retinal vein occlusion', 'Panretinal venous dilatation and tortuosity');
INSERT INTO disease_clinical_signs VALUES ('Central retinal vein occlusion', 'Optic disc edema');
INSERT INTO disease_clinical_signs VALUES ('Central retinal vein occlusion', 'Macular edema');
INSERT INTO disease_clinical_signs VALUES ('Central retinal vein occlusion', 'Hard exudates');
INSERT INTO disease_clinical_signs VALUES ('Central retinal vein occlusion', 'Sclerosed veins');
INSERT INTO disease_clinical_signs VALUES ('Central retinal vein occlusion', 'Collateral vascular shunt at the optic disc');
INSERT INTO disease_clinical_signs VALUES ('Central retinal vein occlusion', 'Retinal vessel wall sheating');
INSERT INTO disease_clinical_signs VALUES ('Central retinal vein occlusion', 'Neovascularization of the disc');
INSERT INTO disease_clinical_signs VALUES ('Central retinal vein occlusion', 'Preretinal hemorrhage');
INSERT INTO disease_clinical_signs VALUES ('Central retinal vein occlusion', 'Tractional retinal detachment');
INSERT INTO disease_clinical_signs VALUES ('Central retinal vein occlusion', 'Ischemic central retinal vein occlusion');
INSERT INTO disease_clinical_signs VALUES ('Central retinal vein occlusion', 'Non-ischemic central retinal vein occlusion');


INSERT INTO disease_differential_diagnosis VALUES ('Age-Related Macular Degeneration (AMD)', 'Non-exudative AMD');
INSERT INTO disease_differential_diagnosis VALUES ('Age-Related Macular Degeneration (AMD)', 'Exudative AMD (CNV)');
INSERT INTO disease_differential_diagnosis VALUES ('Diabetic Retinopathy', 'Macular edema');
INSERT INTO disease_differential_diagnosis VALUES ('Diabetic Retinopathy', 'Retinopathy');
INSERT INTO disease_differential_diagnosis VALUES ('Glaucoma', 'Glaucoma');
INSERT INTO disease_differential_diagnosis VALUES ('Hypertensive Retinopathy', 'Optic disc edema');
INSERT INTO disease_differential_diagnosis VALUES ('Hypertensive Retinopathy', 'Retinopathy');
INSERT INTO disease_differential_diagnosis VALUES ('Pathological Myopia', 'Retinopathy');
INSERT INTO disease_differential_diagnosis VALUES ('Pathological Myopia', 'Choroidal neovascularization');
INSERT INTO disease_differential_diagnosis VALUES ('Tessellated fundus', 'Tessellated fundus');
INSERT INTO disease_differential_diagnosis VALUES ('Vitreous degeneration (PVD + Vitreous liquefaction) & Asteroid hyalosis & Synchysis scintillans', 'Vitreous degeneration (PVD + Vitreous liquefaction) & Asteroid hyalosis & Synchysis scintillans');
INSERT INTO disease_differential_diagnosis VALUES ('Branch retinal vein occlusion', 'Branch retinal vein occlusion');
INSERT INTO disease_differential_diagnosis VALUES ('Physiologic large optic cup', 'Physiologic large optic cup');
INSERT INTO disease_differential_diagnosis VALUES ('Drusen', 'Drusen');
INSERT INTO disease_differential_diagnosis VALUES ('Epiretinal membrane', 'Epiretinal membrane');
INSERT INTO disease_differential_diagnosis VALUES ('Optic disc edema', 'Optic disc edema');
INSERT INTO disease_differential_diagnosis VALUES ('Myelinated Retinal Nerve Fiber Layer (MRNF)', 'Myelinated Retinal Nerve Fiber Layer (MRNF)');
INSERT INTO disease_differential_diagnosis VALUES ('Rhegmatogenous retinal detachment', 'Rhegmatogenous retinal detachment');
INSERT INTO disease_differential_diagnosis VALUES ('Central serous chorioretinopathy', 'Central serous chorioretinopathy');
INSERT INTO disease_differential_diagnosis VALUES ('Central retinal vein occlusion', 'Central retinal vein occlusion');


INSERT INTO therapeutic_plan VALUES ('Non-exudative AMD');
INSERT INTO therapeutic_plan VALUES ('Exudative AMD');
INSERT INTO therapeutic_plan VALUES ('Macular edema');
INSERT INTO therapeutic_plan VALUES ('Retinopathy');
INSERT INTO therapeutic_plan VALUES ('Chronic open-angle glaucoma');
INSERT INTO therapeutic_plan VALUES ('Acute angle closure glaucoma');
INSERT INTO therapeutic_plan VALUES (' - Systemic management');
INSERT INTO therapeutic_plan VALUES ('Myopia progression');
INSERT INTO therapeutic_plan VALUES ('Choroidal neovascularization');
INSERT INTO therapeutic_plan VALUES ('Myopic traction maculopathy');
INSERT INTO therapeutic_plan VALUES ('Tessellated fundus');
INSERT INTO therapeutic_plan VALUES ('Vitreous degeneration (PVD + Vitreous liquefaction) & Asteroid hyalosis & Synchysis scintillans');
INSERT INTO therapeutic_plan VALUES ('Complications');
INSERT INTO therapeutic_plan VALUES ('Physiologic large optic cup');
INSERT INTO therapeutic_plan VALUES ('Drusen');
INSERT INTO therapeutic_plan VALUES ('Epiretinal membrane');
INSERT INTO therapeutic_plan VALUES ('Optic disc edema');
INSERT INTO therapeutic_plan VALUES ('Myelinated Retinal Nerve Fiber Layer (MRNF)');
INSERT INTO therapeutic_plan VALUES ('Rhegmatogenous retinal detachment');
INSERT INTO therapeutic_plan VALUES ('Central serous chorioretinopathy');


INSERT INTO disease_therapeutic_plans VALUES ('Age-Related Macular Degeneration (AMD)', 'Non-exudative AMD');
INSERT INTO disease_therapeutic_plans VALUES ('Age-Related Macular Degeneration (AMD)', 'Exudative AMD');
INSERT INTO disease_therapeutic_plans VALUES ('Diabetic Retinopathy', 'Macular edema');
INSERT INTO disease_therapeutic_plans VALUES ('Diabetic Retinopathy', 'Retinopathy');
INSERT INTO disease_therapeutic_plans VALUES ('Glaucoma', 'Chronic open-angle glaucoma');
INSERT INTO disease_therapeutic_plans VALUES ('Glaucoma', 'Acute angle closure glaucoma');
INSERT INTO disease_therapeutic_plans VALUES ('Hypertensive Retinopathy', ' - Systemic management');
INSERT INTO disease_therapeutic_plans VALUES ('Hypertensive Retinopathy', 'Macular edema');
INSERT INTO disease_therapeutic_plans VALUES ('Hypertensive Retinopathy', 'Retinopathy');
INSERT INTO disease_therapeutic_plans VALUES ('Pathological Myopia', 'Myopia progression');
INSERT INTO disease_therapeutic_plans VALUES ('Pathological Myopia', 'Choroidal neovascularization');
INSERT INTO disease_therapeutic_plans VALUES ('Pathological Myopia', 'Myopic traction maculopathy');
INSERT INTO disease_therapeutic_plans VALUES ('Tessellated fundus', 'Tessellated fundus');
INSERT INTO disease_therapeutic_plans VALUES ('Vitreous degeneration (PVD + Vitreous liquefaction) & Asteroid hyalosis & Synchysis scintillans', 'Vitreous degeneration (PVD + Vitreous liquefaction) & Asteroid hyalosis & Synchysis scintillans');
INSERT INTO disease_therapeutic_plans VALUES ('Branch retinal vein occlusion', ' - Systemic management');
INSERT INTO disease_therapeutic_plans VALUES ('Branch retinal vein occlusion', 'Macular edema');
INSERT INTO disease_therapeutic_plans VALUES ('Branch retinal vein occlusion', 'Complications');
INSERT INTO disease_therapeutic_plans VALUES ('Physiologic large optic cup', 'Physiologic large optic cup');
INSERT INTO disease_therapeutic_plans VALUES ('Drusen', 'Drusen');
INSERT INTO disease_therapeutic_plans VALUES ('Epiretinal membrane', 'Epiretinal membrane');
INSERT INTO disease_therapeutic_plans VALUES ('Optic disc edema', 'Optic disc edema');
INSERT INTO disease_therapeutic_plans VALUES ('Myelinated Retinal Nerve Fiber Layer (MRNF)', 'Myelinated Retinal Nerve Fiber Layer (MRNF)');
INSERT INTO disease_therapeutic_plans VALUES ('Rhegmatogenous retinal detachment', 'Rhegmatogenous retinal detachment');
INSERT INTO disease_therapeutic_plans VALUES ('Central serous chorioretinopathy', 'Central serous chorioretinopathy');
INSERT INTO disease_therapeutic_plans VALUES ('Central retinal vein occlusion', ' - Systemic management');
INSERT INTO disease_therapeutic_plans VALUES ('Central retinal vein occlusion', 'Macular edema');
INSERT INTO disease_therapeutic_plans VALUES ('Central retinal vein occlusion', 'Complications');


INSERT INTO method VALUES ('Observation');
INSERT INTO method VALUES ('Antioxidant and mineral supplementation');
INSERT INTO method VALUES ('Anti-VEGF');
INSERT INTO method VALUES ('Intravitreal anti-VEGF');
INSERT INTO method VALUES ('Intravitreal triamcinolone');
INSERT INTO method VALUES ('Micropulsed laser');
INSERT INTO method VALUES ('PPV + ILM peeling');
INSERT INTO method VALUES ('Observation every year');
INSERT INTO method VALUES ('Observation every 6 months');
INSERT INTO method VALUES ('Panfundus laser photocoagulation');
INSERT INTO method VALUES ('Vitrectomy');
INSERT INTO method VALUES ('Pressure-lowering medication');
INSERT INTO method VALUES ('Laser trabeculoplasty');
INSERT INTO method VALUES ('Surgery: trabeculectomy, aqueous tube shunts');
INSERT INTO method VALUES ('Cyclodestructive procedures');
INSERT INTO method VALUES ('Minimally invasive glaucoma surgery (MIGS)');
INSERT INTO method VALUES ('Topic + Systemic pressure-lowering medication');
INSERT INTO method VALUES ('Topical Pilocarpine 2% (only after pressure reduction)');
INSERT INTO method VALUES ('Surgery: peripheral iridectomy, lens extraction, trabeculectomy');
INSERT INTO method VALUES ('Peripheral iridotomy in the contralateral eye');
INSERT INTO method VALUES ('Laser treatment: iridectomy/iridoplasty');
INSERT INTO method VALUES ('Controlled reduction of BP + regular monitoring');
INSERT INTO method VALUES ('Correction lenses');
INSERT INTO method VALUES ('Peripheral defocus spectacle/contact lenses');
INSERT INTO method VALUES ('Orthokeratology');
INSERT INTO method VALUES ('Atropine drops');
INSERT INTO method VALUES ('Photodynamic therapy (PDT)');
INSERT INTO method VALUES ('Treat associated conditions');
INSERT INTO method VALUES ('Dilated fundus exam+follow up dilated fundus exam');
INSERT INTO method VALUES ('Retina photocoagulation (in case of retinal tears)');
INSERT INTO method VALUES ('Pars plana vitrectomy (in case of decreased vision)');
INSERT INTO method VALUES ('Pars plana vitrectomy (in case of persistent vitreous hemorrhage, retinal detachment, vitreomacular traction syndrome or long term complications i.e. vitreomacular traction, lamellar macular holes, full thickness macular holes, epiretinal membranes)');
INSERT INTO method VALUES ('Observation and regular monitoring');
INSERT INTO method VALUES ('Laboratory workup');
INSERT INTO method VALUES ('Control of systemic risk factors');
INSERT INTO method VALUES ('Cardio-vascular assessment');
INSERT INTO method VALUES ('Intravitreal steroid treatment');
INSERT INTO method VALUES ('Laser photocoagulation of non-perfused area');
INSERT INTO method VALUES ('Pars plana vitrectomy');
INSERT INTO method VALUES ('Intravitreal anti-VEGF agents');
INSERT INTO method VALUES ('Observation (CFP + VF + pachymetry + OCT (RNFL + GCL)');
INSERT INTO method VALUES ('Pars plana vitrectomy + membrane peeling');
INSERT INTO method VALUES ('Complete ophthalmological evaluation (VA, color vision, pupils, intraocular pressure, extraocular movements, dilated fundoscopy, visual field)');
INSERT INTO method VALUES ('OCT (RNFL + ONH)');
INSERT INTO method VALUES ('Fluorescein Angiography');
INSERT INTO method VALUES ('Head and neck MRV');
INSERT INTO method VALUES ('MRI with contrast');
INSERT INTO method VALUES ('Ocular ultrasound');
INSERT INTO method VALUES ('Lumbar puncture with opening pressure');
INSERT INTO method VALUES ('Serial eye examinations – assess for and treat associated conditions (myopia, anisometropia, amblyopia, strabismus)');
INSERT INTO method VALUES ('Document MRNF with imaging as certain conditions can be associated with the loss of myelination (insults to the optic nerve – pituitary adenoma, optic neuritis, acute optic neuropathy, primary open angle glaucoma; inflammatory diseases; retinal conditions – branch retinal artery occlusion, central retinal artery occlusion, diabetic retinopathy, pars plana vitrectomy for epiretinal membrane)');
INSERT INTO method VALUES ('Pars plana vitrectomy + cryopexy/photocoagulation + silicone oil tamponade');
INSERT INTO method VALUES ('Pneumatic retinopexy + cryopexy/photocoagulation');
INSERT INTO method VALUES ('Scleral buckling + cryopexy');
INSERT INTO method VALUES ('Observation 3-6 months');
INSERT INTO method VALUES ('Subthreshold micropulse laser/laser photocoagulation of RPE leakage site');
INSERT INTO method VALUES ('Stress reduction + controlling predisposing factors');
INSERT INTO method VALUES ('Systemic carbonic anhydrase inhibitors');
INSERT INTO method VALUES ('Photodynamic  therapy');
INSERT INTO method VALUES ('Steroid treatment discontinuation');
INSERT INTO method VALUES ('Anti-VEGF (if coexisting CNV present)');
INSERT INTO method VALUES ('Panretinal laser photocoagulation');


INSERT INTO therapeutic_plan_method VALUES ('Observation', 'Non-exudative AMD');
INSERT INTO therapeutic_plan_method VALUES ('Antioxidant and mineral supplementation', 'Non-exudative AMD');
INSERT INTO therapeutic_plan_method VALUES ('Observation', 'Exudative AMD');
INSERT INTO therapeutic_plan_method VALUES ('Anti-VEGF', 'Exudative AMD');
INSERT INTO therapeutic_plan_method VALUES ('Observation', 'Macular edema');
INSERT INTO therapeutic_plan_method VALUES ('Intravitreal anti-VEGF', 'Macular edema');
INSERT INTO therapeutic_plan_method VALUES ('Intravitreal triamcinolone', 'Macular edema');
INSERT INTO therapeutic_plan_method VALUES ('Micropulsed laser', 'Macular edema');
INSERT INTO therapeutic_plan_method VALUES ('PPV + ILM peeling', 'Macular edema');
INSERT INTO therapeutic_plan_method VALUES ('Observation every year', 'Retinopathy');
INSERT INTO therapeutic_plan_method VALUES ('Observation every 6 months', 'Retinopathy');
INSERT INTO therapeutic_plan_method VALUES ('Intravitreal anti-VEGF', 'Retinopathy');
INSERT INTO therapeutic_plan_method VALUES ('Panfundus laser photocoagulation', 'Retinopathy');
INSERT INTO therapeutic_plan_method VALUES ('Vitrectomy', 'Retinopathy');
INSERT INTO therapeutic_plan_method VALUES ('Pressure-lowering medication', 'Chronic open-angle glaucoma');
INSERT INTO therapeutic_plan_method VALUES ('Laser trabeculoplasty', 'Chronic open-angle glaucoma');
INSERT INTO therapeutic_plan_method VALUES ('Surgery: trabeculectomy, aqueous tube shunts', 'Chronic open-angle glaucoma');
INSERT INTO therapeutic_plan_method VALUES ('Cyclodestructive procedures', 'Chronic open-angle glaucoma');
INSERT INTO therapeutic_plan_method VALUES ('Minimally invasive glaucoma surgery (MIGS)', 'Chronic open-angle glaucoma');
INSERT INTO therapeutic_plan_method VALUES ('Topic + Systemic pressure-lowering medication', 'Acute angle closure glaucoma');
INSERT INTO therapeutic_plan_method VALUES ('Topical Pilocarpine 2% (only after pressure reduction)', 'Acute angle closure glaucoma');
INSERT INTO therapeutic_plan_method VALUES ('Surgery: peripheral iridectomy, lens extraction, trabeculectomy', 'Acute angle closure glaucoma');
INSERT INTO therapeutic_plan_method VALUES ('Peripheral iridotomy in the contralateral eye', 'Acute angle closure glaucoma');
INSERT INTO therapeutic_plan_method VALUES ('Laser treatment: iridectomy/iridoplasty', 'Acute angle closure glaucoma');
INSERT INTO therapeutic_plan_method VALUES ('Controlled reduction of BP + regular monitoring', ' - Systemic management');
INSERT INTO therapeutic_plan_method VALUES ('Observation', 'Retinopathy');
INSERT INTO therapeutic_plan_method VALUES ('Correction lenses', 'Myopia progression');
INSERT INTO therapeutic_plan_method VALUES ('Peripheral defocus spectacle/contact lenses', 'Myopia progression');
INSERT INTO therapeutic_plan_method VALUES ('Orthokeratology', 'Myopia progression');
INSERT INTO therapeutic_plan_method VALUES ('Atropine drops', 'Myopia progression');
INSERT INTO therapeutic_plan_method VALUES ('Intravitreal anti-VEGF', 'Choroidal neovascularization');
INSERT INTO therapeutic_plan_method VALUES ('Photodynamic therapy (PDT)', 'Choroidal neovascularization');
INSERT INTO therapeutic_plan_method VALUES ('Vitrectomy', 'Myopic traction maculopathy');
INSERT INTO therapeutic_plan_method VALUES ('Observation', 'Tessellated fundus');
INSERT INTO therapeutic_plan_method VALUES ('Treat associated conditions', 'Tessellated fundus');
INSERT INTO therapeutic_plan_method VALUES ('Dilated fundus exam+follow up dilated fundus exam', 'Vitreous degeneration (PVD + Vitreous liquefaction) & Asteroid hyalosis & Synchysis scintillans');
INSERT INTO therapeutic_plan_method VALUES ('Retina photocoagulation (in case of retinal tears)', 'Vitreous degeneration (PVD + Vitreous liquefaction) & Asteroid hyalosis & Synchysis scintillans');
INSERT INTO therapeutic_plan_method VALUES ('Pars plana vitrectomy (in case of decreased vision)', 'Vitreous degeneration (PVD + Vitreous liquefaction) & Asteroid hyalosis & Synchysis scintillans');
INSERT INTO therapeutic_plan_method VALUES ('Pars plana vitrectomy (in case of persistent vitreous hemorrhage, retinal detachment, vitreomacular traction syndrome or long term complications i.e. vitreomacular traction, lamellar macular holes, full thickness macular holes, epiretinal membranes)', 'Vitreous degeneration (PVD + Vitreous liquefaction) & Asteroid hyalosis & Synchysis scintillans');
INSERT INTO therapeutic_plan_method VALUES ('Observation and regular monitoring', ' - Systemic management');
INSERT INTO therapeutic_plan_method VALUES ('Laboratory workup', ' - Systemic management');
INSERT INTO therapeutic_plan_method VALUES ('Control of systemic risk factors', ' - Systemic management');
INSERT INTO therapeutic_plan_method VALUES ('Cardio-vascular assessment', ' - Systemic management');
INSERT INTO therapeutic_plan_method VALUES ('Intravitreal steroid treatment', 'Macular edema');
INSERT INTO therapeutic_plan_method VALUES ('Laser photocoagulation of non-perfused area', 'Complications');
INSERT INTO therapeutic_plan_method VALUES ('Pars plana vitrectomy', 'Complications');
INSERT INTO therapeutic_plan_method VALUES ('Intravitreal anti-VEGF agents', 'Complications');
INSERT INTO therapeutic_plan_method VALUES ('Observation (CFP + VF + pachymetry + OCT (RNFL + GCL)', 'Physiologic large optic cup');
INSERT INTO therapeutic_plan_method VALUES ('Observation', 'Drusen');
INSERT INTO therapeutic_plan_method VALUES ('Treat associated conditions', 'Drusen');
INSERT INTO therapeutic_plan_method VALUES ('Observation', 'Epiretinal membrane');
INSERT INTO therapeutic_plan_method VALUES ('Pars plana vitrectomy + membrane peeling', 'Epiretinal membrane');
INSERT INTO therapeutic_plan_method VALUES ('Complete ophthalmological evaluation (VA, color vision, pupils, intraocular pressure, extraocular movements, dilated fundoscopy, visual field)', 'Optic disc edema');
INSERT INTO therapeutic_plan_method VALUES ('OCT (RNFL + ONH)', 'Optic disc edema');
INSERT INTO therapeutic_plan_method VALUES ('Fluorescein Angiography', 'Optic disc edema');
INSERT INTO therapeutic_plan_method VALUES ('Head and neck MRV', 'Optic disc edema');
INSERT INTO therapeutic_plan_method VALUES ('MRI with contrast', 'Optic disc edema');
INSERT INTO therapeutic_plan_method VALUES ('Ocular ultrasound', 'Optic disc edema');
INSERT INTO therapeutic_plan_method VALUES ('Lumbar puncture with opening pressure', 'Optic disc edema');
INSERT INTO therapeutic_plan_method VALUES ('Serial eye examinations – assess for and treat associated conditions (myopia, anisometropia, amblyopia, strabismus)', 'Myelinated Retinal Nerve Fiber Layer (MRNF)');
INSERT INTO therapeutic_plan_method VALUES ('Document MRNF with imaging as certain conditions can be associated with the loss of myelination (insults to the optic nerve – pituitary adenoma, optic neuritis, acute optic neuropathy, primary open angle glaucoma; inflammatory diseases; retinal conditions – branch retinal artery occlusion, central retinal artery occlusion, diabetic retinopathy, pars plana vitrectomy for epiretinal membrane)', 'Myelinated Retinal Nerve Fiber Layer (MRNF)');
INSERT INTO therapeutic_plan_method VALUES ('Pars plana vitrectomy + cryopexy/photocoagulation + silicone oil tamponade', 'Rhegmatogenous retinal detachment');
INSERT INTO therapeutic_plan_method VALUES ('Pneumatic retinopexy + cryopexy/photocoagulation', 'Rhegmatogenous retinal detachment');
INSERT INTO therapeutic_plan_method VALUES ('Scleral buckling + cryopexy', 'Rhegmatogenous retinal detachment');
INSERT INTO therapeutic_plan_method VALUES ('Observation 3-6 months', 'Central serous chorioretinopathy');
INSERT INTO therapeutic_plan_method VALUES ('Subthreshold micropulse laser/laser photocoagulation of RPE leakage site', 'Central serous chorioretinopathy');
INSERT INTO therapeutic_plan_method VALUES ('Stress reduction + controlling predisposing factors', 'Central serous chorioretinopathy');
INSERT INTO therapeutic_plan_method VALUES ('Systemic carbonic anhydrase inhibitors', 'Central serous chorioretinopathy');
INSERT INTO therapeutic_plan_method VALUES ('Photodynamic  therapy', 'Central serous chorioretinopathy');
INSERT INTO therapeutic_plan_method VALUES ('Steroid treatment discontinuation', 'Central serous chorioretinopathy');
INSERT INTO therapeutic_plan_method VALUES ('Anti-VEGF (if coexisting CNV present)', 'Central serous chorioretinopathy');
INSERT INTO therapeutic_plan_method VALUES ('Panretinal laser photocoagulation', 'Complications');

