--
-- PostgreSQL database dump
--

-- Dumped from database version 14.7
-- Dumped by pg_dump version 15.2

-- Started on 2023-11-17 01:58:14

SET statement_timeout = 0;
SET lock_timeout = 0;
SET idle_in_transaction_session_timeout = 0;
SET client_encoding = 'UTF8';
SET standard_conforming_strings = on;
SELECT pg_catalog.set_config('search_path', '', false);
SET check_function_bodies = false;
SET xmloption = content;
SET client_min_messages = warning;
SET row_security = off;

--
-- TOC entry 4395 (class 0 OID 28065)
-- Dependencies: 209
-- Data for Name: account; Type: TABLE DATA; Schema: public; Owner: postgres
--

INSERT INTO public.account VALUES ('expert1', '$2a$10$IgXwqVXXpYhxsGcb1jT8duVIQL.RKFRRHIHqr5EzHriRfNYt2PuZu', 'EXPERT');
INSERT INTO public.account VALUES ('resident1', '$2a$10$qjfU8lvv3GX9uEpv3Oy5Fu4ZwlN3gZBA8OsHWEQ22olNNaXeDK9kS', 'RESIDENT');
INSERT INTO public.account VALUES ('resident2', '$2a$10$iXizUJn0eknoZBwGDYxQQeYmj2yXZG.3fb/pJzh9R3d.bp2Jzl5EG', 'RESIDENT');
INSERT INTO public.account VALUES ('resident3', '$2a$10$wmZJ9KF9qb/qYAD1x3SL.OxjxoCYMY2OdxcMLP0daHyA2q.FAJM4u', 'RESIDENT');
INSERT INTO public.account VALUES ('resident4', '$2a$10$Fmnl1AkXyR8VPZ3PIZvqiO18LID3elKaKwlvqTeuxj8qpEUsmn.4y', 'RESIDENT');
INSERT INTO public.account VALUES ('resident5', '$2a$10$ntIMgLnxbaUcpIb4NvaIKOOQCqBNr7r4g5pmrbY9P8M5zrb.g9yHq', 'RESIDENT');
INSERT INTO public.account VALUES ('operator1', '$2a$10$IgXwqVXXpYhxsGcb1jT8duVIQL.RKFRRHIHqr5EzHriRfNYt2PuZu', 'OPERATOR');
INSERT INTO public.account VALUES ('admin1', '$2a$10$IgXwqVXXpYhxsGcb1jT8duVIQL.RKFRRHIHqr5EzHriRfNYt2PuZu', 'ADMIN');


--
-- TOC entry 4396 (class 0 OID 28072)
-- Dependencies: 210
-- Data for Name: clinical_sign; Type: TABLE DATA; Schema: public; Owner: postgres
--

INSERT INTO public.clinical_sign VALUES ('Hard drusen');
INSERT INTO public.clinical_sign VALUES ('Soft drusen');
INSERT INTO public.clinical_sign VALUES ('Retinal pigment epithelium changes');
INSERT INTO public.clinical_sign VALUES ('Geographic atrophy');
INSERT INTO public.clinical_sign VALUES ('Subretinal fluid');
INSERT INTO public.clinical_sign VALUES ('Subretinal hemorrhage');
INSERT INTO public.clinical_sign VALUES ('Subretinal hard exudates');
INSERT INTO public.clinical_sign VALUES ('Subretinal disciform fibrosis');
INSERT INTO public.clinical_sign VALUES ('Microaneurysms');
INSERT INTO public.clinical_sign VALUES ('Dot-blot hemorrhages');
INSERT INTO public.clinical_sign VALUES ('Flame-shaped hemorrhages');
INSERT INTO public.clinical_sign VALUES ('Hard exudates');
INSERT INTO public.clinical_sign VALUES ('Cotton-wool spots');
INSERT INTO public.clinical_sign VALUES ('Venous beading');
INSERT INTO public.clinical_sign VALUES ('Venous loops');
INSERT INTO public.clinical_sign VALUES ('Dilated veins');
INSERT INTO public.clinical_sign VALUES ('Intraretinal microvascular anomalies ');
INSERT INTO public.clinical_sign VALUES ('Neovascularization of the disc');
INSERT INTO public.clinical_sign VALUES ('Neovascularization elsewhere');
INSERT INTO public.clinical_sign VALUES ('Preretinal hemorrhage');
INSERT INTO public.clinical_sign VALUES ('Vitreous hemorrhage');
INSERT INTO public.clinical_sign VALUES ('Tractional retinal detachment');
INSERT INTO public.clinical_sign VALUES ('Laser spots');
INSERT INTO public.clinical_sign VALUES ('Increased cup to disc ratio (in correspondence to disc size)');
INSERT INTO public.clinical_sign VALUES ('Violation of the ISNT rule');
INSERT INTO public.clinical_sign VALUES ('Notching of the rim (localized rim thinning)');
INSERT INTO public.clinical_sign VALUES ('Remaining rim of normal color');
INSERT INTO public.clinical_sign VALUES ('Asymmetry of cupping (> 0.2) in the absence of asymmetry of disc sizes');
INSERT INTO public.clinical_sign VALUES ('Nasal shift of the central retinal vessels');
INSERT INTO public.clinical_sign VALUES ('Baring of circumlinear vessels');
INSERT INTO public.clinical_sign VALUES ('Bayoneting vessels at the disc edge');
INSERT INTO public.clinical_sign VALUES ('Splinter or flame-shaped optic disc hemorrhage');
INSERT INTO public.clinical_sign VALUES ('Peripapillary atrophy (beta-zone)');
INSERT INTO public.clinical_sign VALUES ('Arteriovenous crossing signs');
INSERT INTO public.clinical_sign VALUES ('Copper wire arterioles');
INSERT INTO public.clinical_sign VALUES ('Constricted and tortuous arterioles');
INSERT INTO public.clinical_sign VALUES ('Macular star formation');
INSERT INTO public.clinical_sign VALUES ('Retinal edema');
INSERT INTO public.clinical_sign VALUES ('Elschnig’s spots');
INSERT INTO public.clinical_sign VALUES ('Widening of the arteriole reflex');
INSERT INTO public.clinical_sign VALUES ('Silver wire arterioles');
INSERT INTO public.clinical_sign VALUES ('Optic disc edema');
INSERT INTO public.clinical_sign VALUES ('Siegrist streaks');
INSERT INTO public.clinical_sign VALUES ('Focal pigment epithelial detachment');
INSERT INTO public.clinical_sign VALUES ('Exudative retinal detachment');
INSERT INTO public.clinical_sign VALUES ('Pale tessellated retina');
INSERT INTO public.clinical_sign VALUES ('Focal chorioretinal atrophy');
INSERT INTO public.clinical_sign VALUES ('Optic nerve head changes: oval, tilted disc');
INSERT INTO public.clinical_sign VALUES ('Peripapillary atrophy');
INSERT INTO public.clinical_sign VALUES ('Acquired optic disc pit');
INSERT INTO public.clinical_sign VALUES ('Peripapillary intrachoroidal cavitation');
INSERT INTO public.clinical_sign VALUES ('Subretinal ‘coin’ hemorrhages');
INSERT INTO public.clinical_sign VALUES ('Fuchs spot');
INSERT INTO public.clinical_sign VALUES ('Lattice degeneration');
INSERT INTO public.clinical_sign VALUES ('Lacquer cracks');
INSERT INTO public.clinical_sign VALUES ('Staphyloma');
INSERT INTO public.clinical_sign VALUES ('Macular retinoschisis (foveoschisis)');
INSERT INTO public.clinical_sign VALUES ('Macular hole');
INSERT INTO public.clinical_sign VALUES ('Rhegmatogenous retinal detachment');
INSERT INTO public.clinical_sign VALUES ('Myopic choroidal neovascularization');
INSERT INTO public.clinical_sign VALUES ('Visibility of large choroidal vessels at the posterior fundus pole outside of the peripapillary region');
INSERT INTO public.clinical_sign VALUES ('Vitreous liquefaction and syneresis');
INSERT INTO public.clinical_sign VALUES ('Weiss ring');
INSERT INTO public.clinical_sign VALUES ('Pigment in vitreous');
INSERT INTO public.clinical_sign VALUES ('Small yellowish-white spherical opacities in the vitreous (stars in the night sky)');
INSERT INTO public.clinical_sign VALUES ('Highly refractile, multi-coloured opacities, flat, angular or disc-shaped');
INSERT INTO public.clinical_sign VALUES ('Retinal hemorrhages');
INSERT INTO public.clinical_sign VALUES ('Salus sign');
INSERT INTO public.clinical_sign VALUES ('Macular ischemia');
INSERT INTO public.clinical_sign VALUES ('Telangiectatic vessels');
INSERT INTO public.clinical_sign VALUES ('Narrowing/sheathing of the adjacent artery');
INSERT INTO public.clinical_sign VALUES ('IRMA');
INSERT INTO public.clinical_sign VALUES ('Sectorial venous dilatation and tortuosity');
INSERT INTO public.clinical_sign VALUES ('Macular edema');
INSERT INTO public.clinical_sign VALUES ('Sclerosed veins');
INSERT INTO public.clinical_sign VALUES ('Collateral vascular shunt at the optic disc');
INSERT INTO public.clinical_sign VALUES ('Iris neovascularization');
INSERT INTO public.clinical_sign VALUES ('Ischemic BRVO');
INSERT INTO public.clinical_sign VALUES ('Non-ischemic BRVO');
INSERT INTO public.clinical_sign VALUES ('ISNT rule intact');
INSERT INTO public.clinical_sign VALUES ('Hard drusen: small (< 63 μm), well-defined, yellow excrescences');
INSERT INTO public.clinical_sign VALUES ('Intermediate drusen: moderately well-defined yellow–white retinal spots');
INSERT INTO public.clinical_sign VALUES ('Soft drusen: large (> 125 μm), poorly delineated, pale yellow or grayish-white retinal lesions');
INSERT INTO public.clinical_sign VALUES ('Dystrophic calcification at the drusen level');
INSERT INTO public.clinical_sign VALUES ('Possible pigmentary changes');
INSERT INTO public.clinical_sign VALUES ('Wrinkling or distortion of the retinal tissue');
INSERT INTO public.clinical_sign VALUES ('Macular thickening (macular edema)');
INSERT INTO public.clinical_sign VALUES ('Cellophane maculopathy');
INSERT INTO public.clinical_sign VALUES ('Macular pseudohole');
INSERT INTO public.clinical_sign VALUES ('Fine retinal translucent folds or creases');
INSERT INTO public.clinical_sign VALUES ('Distorted blood vessels');
INSERT INTO public.clinical_sign VALUES ('Macular reflex changes');
INSERT INTO public.clinical_sign VALUES ('Vessels at optic nerve obscured');
INSERT INTO public.clinical_sign VALUES ('Optic nerve elevated');
INSERT INTO public.clinical_sign VALUES ('Macular star');
INSERT INTO public.clinical_sign VALUES ('Peripapillary cotton-wool spots');
INSERT INTO public.clinical_sign VALUES ('Venous dilation and tortuosity');
INSERT INTO public.clinical_sign VALUES ('White chalky appearance of edema');
INSERT INTO public.clinical_sign VALUES ('Peripapillary hemorrhages');
INSERT INTO public.clinical_sign VALUES ('Peripapillary exudates');
INSERT INTO public.clinical_sign VALUES ('Fan-shaped peripapillary white striated patches');
INSERT INTO public.clinical_sign VALUES ('Feathered borders');
INSERT INTO public.clinical_sign VALUES ('In the distribution of the RNFL');
INSERT INTO public.clinical_sign VALUES ('Approximately one disc diameter in size or larger');
INSERT INTO public.clinical_sign VALUES ('Contiguous with the optic disc');
INSERT INTO public.clinical_sign VALUES ('Obscuration of retinal vessels');
INSERT INTO public.clinical_sign VALUES ('Shaffer’s sign (pigment in the anterior vitreous)');
INSERT INTO public.clinical_sign VALUES ('Vitreous hemorrhage ');
INSERT INTO public.clinical_sign VALUES ('Other peripheral retinal degenerations');
INSERT INTO public.clinical_sign VALUES ('Detached corrugated retina which undulates with eye movements');
INSERT INTO public.clinical_sign VALUES ('Horseshoe retinal tear');
INSERT INTO public.clinical_sign VALUES ('Operculated retinal tear');
INSERT INTO public.clinical_sign VALUES ('Posterior vitreous detachment');
INSERT INTO public.clinical_sign VALUES ('PVR');
INSERT INTO public.clinical_sign VALUES ('Round/oval serous macular detachment');
INSERT INTO public.clinical_sign VALUES ('Gray-white serofibrinous exudate');
INSERT INTO public.clinical_sign VALUES ('Small, yellow sub-retinal deposits');
INSERT INTO public.clinical_sign VALUES ('Macular RPE mottling');
INSERT INTO public.clinical_sign VALUES ('Panretinal venous dilatation and tortuosity');
INSERT INTO public.clinical_sign VALUES ('Retinal vessel wall sheating');
INSERT INTO public.clinical_sign VALUES ('Ischemic central retinal vein occlusion');
INSERT INTO public.clinical_sign VALUES ('Non-ischemic central retinal vein occlusion');


--
-- TOC entry 4409 (class 0 OID 28145)
-- Dependencies: 223
-- Data for Name: resident; Type: TABLE DATA; Schema: public; Owner: postgres
--

INSERT INTO public.resident VALUES ('b8aa2410-c5ae-11ed-afa1-0242ac120001', 1, 'resident1');
INSERT INTO public.resident VALUES ('b8aa2410-c5ae-11ed-afa1-0242ac120005', 1, 'resident5');
INSERT INTO public.resident VALUES ('b8aa2410-c5ae-11ed-afa1-0242ac120002', 3.98, 'resident2');
INSERT INTO public.resident VALUES ('b8aa2410-c5ae-11ed-afa1-0242ac120003', 4.08, 'resident3');
INSERT INTO public.resident VALUES ('b8aa2410-c5ae-11ed-afa1-0242ac120004', 4.32, 'resident4');


--
-- TOC entry 4407 (class 0 OID 28133)
-- Dependencies: 221
-- Data for Name: medical_case; Type: TABLE DATA; Schema: public; Owner: postgres
--

INSERT INTO public.medical_case VALUES ('VirtualCase', '181a3a0f-720c-40cb-84e1-33fbf3b0cb2a', NULL, NULL, NULL, 'S-1.00_D1.03__P_[''C1'', ''C9'']_rfmid_small_training_1605.png', 'No additional information', NULL, true, NULL, false, false, NULL, 0, '$2a$12$b57e6ff1-44fa-49ca-9d5a-f8ca339cbb15022ecd40-94af-44', NULL, 1, NULL, 'Age-Related Macular Degeneration (AMD)', NULL, false, 0, NULL);
INSERT INTO public.medical_case VALUES ('VirtualCase', 'be41f580-574c-4ed4-85c1-909721279412', NULL, NULL, NULL, 'S-1.12_D1.00__P_[''C1'', ''C9'']_rfmid_small_training_1230.png', 'No additional information', NULL, true, NULL, false, false, NULL, 0, '$2a$12$b1627590-1e89-42f6-a6ec-a02da8284f29ed1237c0-1405-42', NULL, 1, NULL, 'Age-Related Macular Degeneration (AMD)', NULL, false, 0, NULL);
INSERT INTO public.medical_case VALUES ('VirtualCase', '2c7e0fc6-20eb-4e90-b004-d879fe235e4a', NULL, NULL, NULL, 'S0.00_D1.00__P_[''C1'', ''C14'']_odir_all_1853_right.jpg', 'No additional information', NULL, true, NULL, false, false, NULL, 0, '$2a$12$119f0183-5bf1-4169-a985-3605f4f4aef9af69bbb0-8958-46', NULL, 1, NULL, 'Age-Related Macular Degeneration (AMD)', NULL, false, 0, NULL);
INSERT INTO public.medical_case VALUES ('VirtualCase', '72958c73-d476-499b-a7e1-075c2a67b4e6', NULL, NULL, NULL, 'S0.00_D1.28__P_[]_odir_all_1196_left.jpg', 'No additional information', NULL, true, NULL, false, false, NULL, 0, '$2a$12$cae9fd38-3a7f-4f3d-908a-418f2110370c6100a6b9-c4cf-4c', NULL, 1, NULL, 'Age-Related Macular Degeneration (AMD)', NULL, false, 0, NULL);
INSERT INTO public.medical_case VALUES ('VirtualCase', 'c334e933-deef-4112-88ab-8ddf361d1a72', NULL, NULL, NULL, 'S0.08_D0.31__P_[''C1'']_rfmid_small_testing_465.png', 'No additional information', NULL, true, NULL, false, false, NULL, 0, '$2a$12$9189d36b-8b0a-4d65-bd73-2b59d324d773f5ef85ed-d774-48', NULL, 1, NULL, 'Age-Related Macular Degeneration (AMD)', NULL, false, 0, NULL);
INSERT INTO public.medical_case VALUES ('VirtualCase', 'a24839c6-a0bd-434a-b0cf-d4f35974899a', NULL, NULL, NULL, 'S-0.08_D0.17__P_[''C11'']_rfmid_small_testing_244.png', 'No additional information', NULL, true, NULL, false, false, NULL, 0, '$2a$12$9363f622-da40-4db1-bd6a-2cbd1efc50c05c8a18c4-b3f4-47', NULL, 1, NULL, 'Branch retinal vein occlusion', NULL, false, 0, NULL);
INSERT INTO public.medical_case VALUES ('VirtualCase', 'f448e846-505e-48a5-93ea-4b250712d63e', NULL, NULL, NULL, 'S-1.00_D0.00__P_[''C11'']_rfmid_small_training_1009.png', 'No additional information', NULL, true, NULL, false, false, NULL, 0, '$2a$12$e7f87c2a-2e5c-47ec-9c48-42cbcdbda4d216eeb228-f487-41', NULL, 1, NULL, 'Branch retinal vein occlusion', NULL, false, 0, NULL);
INSERT INTO public.medical_case VALUES ('VirtualCase', '55a72c66-b08c-4030-a07b-f7140e87f652', NULL, NULL, NULL, 'S-1.00_D0.00__P_[''C11'']_rfmid_small_training_1044.png', 'No additional information', NULL, true, NULL, false, false, NULL, 0, '$2a$12$d094aed8-4ad7-4bd0-814a-b2f041aa556efc1388c0-0e30-46', NULL, 1, NULL, 'Branch retinal vein occlusion', NULL, false, 0, NULL);
INSERT INTO public.medical_case VALUES ('VirtualCase', 'a6f37427-35d4-42cd-8ca7-632d13df7153', NULL, NULL, NULL, 'S0.00_D0.00__P_[''C11'']_odir_all_623_left.jpg', 'No additional information', NULL, true, NULL, false, false, NULL, 0, '$2a$12$e9a06617-5081-4c48-88f7-ec319427e675e5403e2d-30b1-47', NULL, 1, NULL, 'Branch retinal vein occlusion', NULL, false, 0, NULL);
INSERT INTO public.medical_case VALUES ('VirtualCase', '881eddd9-3912-4631-98a9-456fe47fc5a9', NULL, NULL, NULL, 'S0.00_D0.02__P_[''diabet'']_odir_all_434_right.jpg', 'No additional information', NULL, true, NULL, false, false, NULL, 0, '$2a$12$5d5a2952-bde0-4a20-adb4-81ac5ea967d2269252a3-1554-49', NULL, 1, NULL, 'Branch retinal vein occlusion', NULL, false, 0, NULL);
INSERT INTO public.medical_case VALUES ('MedicalCase', '909a9c92-47b4-4502-a009-f616c7e6d181', NULL, NULL, NULL, 'S-0.13_D0.14__P_[''C13'']_rfmid_small_testing_631.png', 'No additional information', '2023-11-10 17:00:01.190596', true, NULL, false, false, NULL, 0, '$2a$12$36b1ff98-3f58-40d7-8060-87b927c4f373b43625eb-d629-44', NULL, 1, '2023-11-10 17:00:01.190596', 'Physiologic large optic cup', NULL, false, 0, 'b8aa2410-c5ae-11ed-afa1-0242ac120005');
INSERT INTO public.medical_case VALUES ('VirtualCase', '71150f3b-ec5c-480c-9fdf-24dcf689d201', NULL, NULL, NULL, 'S-1.00_D0.00__P_[''C32'']_1000images_2.1.CRVO_202efd1c-8d87-11e8-9daf-6045cb817f5b..JPG', 'No additional information', NULL, true, NULL, false, false, NULL, 0, '$2a$12$096a5beb-6064-4d92-b5f9-721c223fb96d1a2df14c-05e3-4b', NULL, 1, NULL, 'Central retinal vein occlusion', NULL, false, 0, NULL);
INSERT INTO public.medical_case VALUES ('VirtualCase', '4a213baa-de86-4722-95f9-c540844a742d', NULL, NULL, NULL, 'S-1.00_D0.01__P_[''C32'']_1000images_2.1.CRVO_202efd17-8d87-11e8-9daf-6045cb817f5b..JPG', 'No additional information', NULL, true, NULL, false, false, NULL, 0, '$2a$12$ef59d195-9a02-4ddf-86d3-e35f13921b28d1cfe2a0-5009-41', NULL, 1, NULL, 'Central retinal vein occlusion', NULL, false, 0, NULL);
INSERT INTO public.medical_case VALUES ('MedicalCase', 'cfeeffd0-5e50-4e26-9cd2-4876e9dd7757', NULL, NULL, NULL, 'S1.00_D1.35__P_[]_rfmid_small_validation_613.png', 'No additional information', '2023-11-10 17:00:01.517715', true, '2023-11-10 19:20:30.373', false, true, NULL, 0, '$2a$12$1defb301-b52d-4a3a-b73f-0b6d1eb54aa89a148ee7-7986-49', NULL, 0, '2023-11-10 17:00:01.517', 'Tessellated fundus', 'Tessellated fundus', true, 0, 'b8aa2410-c5ae-11ed-afa1-0242ac120002');
INSERT INTO public.medical_case VALUES ('MedicalCase', 'cec549bc-83bb-4081-87ea-ae7aae254ee4', NULL, NULL, NULL, 'NU_S-1.01_D1.15__P_[''C9'', ''C13'']_rfmid_small_training_1206.png', 'No additional information', '2023-11-10 17:00:01.103349', true, '2023-11-10 19:22:02.969', false, true, NULL, 0, '$2a$12$77575a71-f174-4a35-ab02-50af4d053ebde3d19e30-92df-4b', NULL, 10, '2023-11-10 17:00:01.103', 'Physiologic large optic cup', 'Other diagnosis', true, 0, 'b8aa2410-c5ae-11ed-afa1-0242ac120001');
INSERT INTO public.medical_case VALUES ('VirtualCase', '717b169f-06c6-48da-ba53-a27f53cab090', NULL, NULL, NULL, 'S-1.00_D0.21__P_[''C32'']_rfmid_small_training_1266.png', 'No additional information', NULL, true, NULL, false, false, NULL, 0, '$2a$12$584d355d-5423-4884-bf9e-0b7dde4a1550d1cea493-464b-4b', NULL, 1, NULL, 'Central retinal vein occlusion', NULL, false, 0, NULL);
INSERT INTO public.medical_case VALUES ('MedicalCase', '40bedf65-9013-45e4-ab6a-ea973d67a509', NULL, NULL, NULL, 'S-0.90_D0.00__P_[''C15'']_1000images_7.ERM_1ffa9323-8d87-11e8-9daf-6045cb817f5b..JPG', 'No additional information', '2023-11-10 17:00:01.310202', true, '2023-11-10 21:44:15.408', false, true, NULL, 0, '$2a$12$5f05e7a4-3b5d-4b1d-a731-6e5b2f0b186c942ea064-97e9-43', NULL, 0, '2023-11-10 17:00:01.31', 'Epiretinal membrane', 'Epiretinal membrane', true, 0, 'b8aa2410-c5ae-11ed-afa1-0242ac120003');
INSERT INTO public.medical_case VALUES ('MedicalCase', 'f3598bfa-32c1-457e-b990-674849801a9b', NULL, NULL, NULL, 'S0.00_D1.08__P_[]_odir_all_644_left.jpg', 'No additional information', '2023-11-10 17:00:01.383645', true, '2023-11-12 17:14:44.374', false, true, NULL, 0, '$2a$12$4ee64281-4e3b-4b3b-a344-4efd32856a5149499d18-66dc-4d', NULL, 0, '2023-11-10 17:00:01.383', 'Myelinated Retinal Nerve Fiber Layer (MRNF)', 'Myelinated Retinal Nerve Fiber Layer (MRNF)', true, 0, 'b8aa2410-c5ae-11ed-afa1-0242ac120004');
INSERT INTO public.medical_case VALUES ('VirtualCase', '7abfe69d-f432-4403-857a-6f74933c3321', NULL, NULL, NULL, 'S-0.79_D0.14__P_[''C27'']_rfmid_small_training_860.png', 'No additional information', NULL, true, NULL, false, false, NULL, 0, '$2a$12$d843c625-a83c-4857-9e80-18c1032539893d62c4da-ac0e-43', NULL, 1, NULL, 'Central serous chorioretinopathy', NULL, false, 0, NULL);
INSERT INTO public.medical_case VALUES ('VirtualCase', '9519fdb8-b109-42ec-9369-4a685ac79899', NULL, NULL, NULL, 'S-0.79_D1.26__P_[''C9'', ''C13'', ''C27'']_1000images_5.0.CSCR_1ffa966c-8d87-11e8-9daf-6045cb817f5b..JPG', 'No additional information', NULL, true, NULL, false, false, NULL, 0, '$2a$12$5f5afab3-dfce-4e42-bf96-ea3a137d42bd1e9ae85c-0bd5-4a', NULL, 1, NULL, 'Central serous chorioretinopathy', NULL, false, 0, NULL);
INSERT INTO public.medical_case VALUES ('VirtualCase', 'b260edc8-b4b3-4f71-88f5-802f2a152dad', NULL, NULL, NULL, 'S1.00_D1.95__P_[]_rfmid_small_training_966.png', 'No additional information', NULL, true, NULL, false, false, NULL, 0, '$2a$12$9a84aa52-ea3a-4292-bac2-180e0705fca9de19c0dc-c173-4e', NULL, 1, NULL, 'Central serous chorioretinopathy', NULL, false, 0, NULL);
INSERT INTO public.medical_case VALUES ('VirtualCase', '1daba7a5-877a-421a-a281-270b04f0952a', NULL, NULL, NULL, 'NOU_S-1.00_D0.00__P_[''diabet'']_1000images_1.0.DR2_1ffa93c3-8d87-11e8-9daf-6045cb817f5b..JPG', 'No additional information', NULL, true, NULL, false, false, NULL, 0, '$2a$12$2348986f-c625-40c9-b312-f9c84e5887a19e603239-83c0-40', NULL, 1, NULL, 'Diabetic Retinopathy', NULL, false, 0, NULL);
INSERT INTO public.medical_case VALUES ('VirtualCase', 'c12ec2be-1d30-4838-8840-7beeafe092c8', NULL, NULL, NULL, 'NOU_S0.00_D1.29__P_[''diabet'']_odir_all_3990_right.jpg', 'No additional information', NULL, true, NULL, false, false, NULL, 0, '$2a$12$8ed6a865-87c3-4d27-b04e-d200c22b700186391b4a-a489-41', NULL, 1, NULL, 'Diabetic Retinopathy', NULL, false, 0, NULL);
INSERT INTO public.medical_case VALUES ('VirtualCase', 'c035e60a-b1f2-4605-9265-da58f3455dcf', NULL, NULL, NULL, 'NOU_S0.00_D1.72__P_[''C9'', ''diabet'']_odir_all_4413_left.jpg', 'No additional information', NULL, true, NULL, false, false, NULL, 0, '$2a$12$cf5db9c4-dcb1-45b9-935b-0f8ae8f91677cab25d3b-ef2e-4e', NULL, 1, NULL, 'Diabetic Retinopathy', NULL, false, 0, NULL);
INSERT INTO public.medical_case VALUES ('MedicalCase', 'bac255ab-1c11-422f-ac6a-47ab037f3b99', NULL, NULL, NULL, 'S-1.00_D0.00__P_[''C32'']_1000images_2.1.CRVO_202efd15-8d87-11e8-9daf-6045cb817f5b..JPG', 'No additional information', '2023-11-11 17:00:00.888595', true, NULL, false, false, NULL, 0, '$2a$12$2401eec8-c10f-49fe-9745-3997dc74ecb9c8840978-3342-47', NULL, 1, '2023-11-11 17:00:00.888595', 'Central retinal vein occlusion', NULL, false, 0, 'b8aa2410-c5ae-11ed-afa1-0242ac120005');
INSERT INTO public.medical_case VALUES ('VirtualCase', 'f3c8cb05-7d8e-4c56-8ba7-902e1f69004a', NULL, NULL, NULL, 'NU_S0.00_D1.72__P_[''C9'', ''diabet'']_odir_all_4413_left.jpg', 'No additional information', NULL, true, NULL, false, false, NULL, 0, '$2a$12$75c27084-e32b-46b8-940f-d63040f4697fd97e00dd-8e38-4e', NULL, 1, NULL, 'Diabetic Retinopathy', NULL, false, 0, NULL);
INSERT INTO public.medical_case VALUES ('VirtualCase', 'b1727b6d-7f61-4d81-be90-62255eafcac6', NULL, NULL, NULL, 'S-1.00_D0.00__P_[''diabet'']_1000images_1.0.DR2_1ffa93c2-8d87-11e8-9daf-6045cb817f5b..JPG', 'No additional information', NULL, true, NULL, false, false, NULL, 0, '$2a$12$e2b4a25e-9fac-47ed-9799-64bd4b639ecfd24aefcf-91ae-44', NULL, 1, NULL, 'Diabetic Retinopathy', NULL, false, 0, NULL);
INSERT INTO public.medical_case VALUES ('MedicalCase', '5d2c10a8-fe5d-40c5-a428-e4604003d521', NULL, NULL, NULL, 'S1.00_D1.28__P_[]_rfmid_small_training_1220.png', 'No additional information', '2023-11-11 17:00:00.915565', true, '2023-11-11 19:22:00.9', false, true, NULL, 0, '$2a$12$97e58d75-3e38-4fd8-b4db-ec3fde1a6038789b263a-a26e-46', NULL, 0, '2023-11-11 17:00:00.915', 'Drusen', 'Drusen', true, 0, 'b8aa2410-c5ae-11ed-afa1-0242ac120003');
INSERT INTO public.medical_case VALUES ('MedicalCase', 'b687865c-4b5a-4530-a0bd-c3105b32ad3c', NULL, NULL, NULL, 'S0.00_D0.19__P_[''C1'']_odir_all_1884_right.jpg', 'No additional information', '2023-11-11 17:00:00.955037', true, '2023-11-12 17:22:01.334', false, true, NULL, 0, '$2a$12$6699a78d-62ce-4f16-ae44-c36958d6b127a5c92b35-9d83-4b', NULL, 0, '2023-11-11 17:00:00.955', 'Age-Related Macular Degeneration (AMD)', 'Age-Related Macular Degeneration (AMD)', true, 0, 'b8aa2410-c5ae-11ed-afa1-0242ac120004');
INSERT INTO public.medical_case VALUES ('VirtualCase', '4819a577-073b-4f40-afde-42b304724921', NULL, NULL, NULL, 'S0.09_D0.54__P_[''C15'']_odir_all_4500_right.jpg', 'No additional information', NULL, true, NULL, false, false, NULL, 0, '$2a$12$ecf18188-fbab-4c33-a8a4-212f9b956c2c2f86a73f-61b2-4b', NULL, 1, NULL, 'Diabetic Retinopathy', NULL, false, 0, NULL);
INSERT INTO public.medical_case VALUES ('VirtualCase', '46fde1b4-6b95-414b-8545-33902efd9453', NULL, NULL, NULL, 'NOU_S-0.56_D0.00__P_[''C14'']_rfmid_small_testing_219.png', 'No additional information', NULL, true, NULL, false, false, NULL, 0, '$2a$12$745116d5-f6ab-4861-9da3-e17efcbca2179bdd20df-89da-47', NULL, 1, NULL, 'Drusen', NULL, false, 0, NULL);
INSERT INTO public.medical_case VALUES ('VirtualCase', 'a6b2a749-28e9-4c0d-acd9-49c447036980', NULL, NULL, NULL, 'NOU_S0.00_D0.04__P_[''C14'']_odir_all_1862_left.jpg', 'No additional information', NULL, true, NULL, false, false, NULL, 0, '$2a$12$539a7f4a-498c-4b84-b92c-30778e859fd081c32f38-8af7-49', NULL, 1, NULL, 'Drusen', NULL, false, 0, NULL);
INSERT INTO public.medical_case VALUES ('MedicalCase', 'ed163881-60b8-4b33-acce-63b9b55652c4', NULL, NULL, NULL, 'S-1.23_D1.03__P_[''C9'', ''C25'']_rfmid_small_testing_297.png', 'No additional information', '2023-11-11 17:00:01.016132', true, '2023-11-12 18:29:22.737', false, true, NULL, 0, '$2a$12$0bcdc4e8-38a5-42e5-971b-51cdac78903414fbcac1-26a1-47', NULL, 0, '2023-11-11 17:00:01.016', 'Branch retinal vein occlusion', 'Optic disc edema', true, 0, 'b8aa2410-c5ae-11ed-afa1-0242ac120002');
INSERT INTO public.medical_case VALUES ('VirtualCase', '3cf5bf75-eaca-4a5f-8618-680385b5631f', NULL, NULL, NULL, 'S-0.88_D1.48__P_[''C1'', ''C14'']_rfmid_small_training_371.png', 'No additional information', NULL, true, NULL, false, false, NULL, 0, '$2a$12$30146e15-6df1-4d36-9c17-398480e4917fc7070533-ec91-4d', NULL, 1, NULL, 'Drusen', NULL, false, 0, NULL);
INSERT INTO public.medical_case VALUES ('MedicalCase', '123c8c90-bfa7-4893-b290-b150bf752c58', NULL, NULL, NULL, 'S0.08_D0.47__P_[''C9'']_1000images_0.0.Normal_1ffa965b-8d87-11e8-9daf-6045cb817f5b..JPG', 'No additional information', '2023-11-11 17:00:00.828205', true, '2023-11-12 21:31:07.322', false, true, NULL, 0, '$2a$12$b5e5201b-686f-4b7f-82f3-0e817e3ebdf0a405d893-2241-45', NULL, 0, '2023-11-11 17:00:00.828', 'Normal', 'Central serous chorioretinopathy', true, 0, 'b8aa2410-c5ae-11ed-afa1-0242ac120001');
INSERT INTO public.medical_case VALUES ('VirtualCase', '9b7d332b-0273-4046-b7b1-da7cfa165555', NULL, NULL, NULL, 'S0.10_D0.09__P_[''C14'']_rfmid_small_testing_541.png', 'No additional information', NULL, true, NULL, false, false, NULL, 0, '$2a$12$6cfb2fb8-7c31-40af-93a2-282001d1edff60987525-c23c-4e', NULL, 1, NULL, 'Drusen', NULL, false, 0, NULL);
INSERT INTO public.medical_case VALUES ('VirtualCase', '9bb34ddd-90ae-431b-a58c-812d3d640af1', NULL, NULL, NULL, 'S1.00_D1.55__P_[]_rfmid_small_training_434.png', 'No additional information', NULL, true, NULL, false, false, NULL, 0, '$2a$12$7a38509e-3a71-4564-b24c-3376d655a27737b1d74d-35f8-45', NULL, 1, NULL, 'Drusen', NULL, false, 0, NULL);
INSERT INTO public.medical_case VALUES ('VirtualCase', '909982fc-4d72-4caa-b185-5e9250adf1be', NULL, NULL, NULL, 'S-0.31_D0.03__P_[''C14'']_rfmid_small_training_300.png', 'No additional information', NULL, true, NULL, false, false, NULL, 0, '$2a$12$0fd754c8-baef-4339-b9df-e8f3584a0643cdb7a4ef-4a4f-43', NULL, 1, NULL, 'Epiretinal membrane', NULL, false, 0, NULL);
INSERT INTO public.medical_case VALUES ('VirtualCase', '52455e2e-a7e7-47b9-8ff4-2d239c956dbd', NULL, NULL, NULL, 'S-0.68_D0.00__P_[''C15'']_1000images_7.ERM_1ffa931c-8d87-11e8-9daf-6045cb817f5b..JPG', 'No additional information', NULL, true, NULL, false, false, NULL, 0, '$2a$12$7d73662f-2b7c-4f71-9068-719f18174a47cd176ccd-f976-4a', NULL, 1, NULL, 'Epiretinal membrane', NULL, false, 0, NULL);
INSERT INTO public.medical_case VALUES ('VirtualCase', 'fdd9da1d-6fb2-4371-a6fa-a704048bd2ea', NULL, NULL, NULL, 'S-0.79_D0.00__P_[''C15'']_1000images_7.ERM_1ffa9322-8d87-11e8-9daf-6045cb817f5b..JPG', 'No additional information', NULL, true, NULL, false, false, NULL, 0, '$2a$12$713912ff-28ba-4067-b64c-0a400bc7623297de5e22-5c71-4c', NULL, 1, NULL, 'Epiretinal membrane', NULL, false, 0, NULL);
INSERT INTO public.medical_case VALUES ('VirtualCase', '28de4378-aeaf-4678-927f-21b63fbd6dce', NULL, NULL, NULL, 'S0.00_D1.40__P_[]_odir_all_699_left.jpg', 'No additional information', NULL, true, NULL, false, false, NULL, 0, '$2a$12$681172b7-6b8b-4d14-b4f7-7b1dcaccc5f6f48e0435-24dc-47', NULL, 1, NULL, 'Epiretinal membrane', NULL, false, 0, NULL);
INSERT INTO public.medical_case VALUES ('MedicalCase', 'd4d30859-ee8c-404d-b9a8-01433fa0ae31', NULL, NULL, NULL, 'S-0.80_D1.00__P_[''C13'', ''C27'']_1000images_5.0.CSCR_1ffa9674-8d87-11e8-9daf-6045cb817f5b..JPG', 'No additional information', '2023-11-12 17:00:00.881142', true, NULL, false, false, NULL, 0, '$2a$12$09a429bd-6940-4162-8e3f-2254f0992fe073d1c4b9-1c5c-41', NULL, 1, '2023-11-12 17:00:00.881142', 'Central serous chorioretinopathy', NULL, false, 0, 'b8aa2410-c5ae-11ed-afa1-0242ac120005');
INSERT INTO public.medical_case VALUES ('VirtualCase', '7d521516-2a74-4dc7-b67e-715d527fbb72', NULL, NULL, NULL, 'S1.00_D1.00__P_[]_rfmid_small_training_412.png', 'No additional information', NULL, true, NULL, false, false, NULL, 0, '$2a$12$9711cefe-8328-491e-ad47-d4637d1253d8884edde6-b61c-4a', NULL, 1, NULL, 'Epiretinal membrane', NULL, false, 0, NULL);
INSERT INTO public.medical_case VALUES ('VirtualCase', '64f438c3-cff8-479a-8e7a-1308b1b94882', NULL, NULL, NULL, 'S1.00_D1.03__P_[]_rfmid_small_training_96.png', 'No additional information', NULL, true, NULL, false, false, NULL, 0, '$2a$12$4c0c7cb7-5b32-4f43-8b25-68603eebea094887ab3d-0c82-41', NULL, 1, NULL, 'Epiretinal membrane', NULL, false, 0, NULL);
INSERT INTO public.medical_case VALUES ('VirtualCase', '42b36d09-8af8-430b-83b9-9903467e6bb6', NULL, NULL, NULL, 'NOU_S0.00_D0.00__P_[''C6'']_odir_all_1216_right.jpg', 'No additional information', NULL, true, NULL, false, false, NULL, 0, '$2a$12$e27a5b69-b4c6-4073-a2be-3908be6e6812bfbd1f53-6f37-43', NULL, 1, NULL, 'Glaucoma', NULL, false, 0, NULL);
INSERT INTO public.medical_case VALUES ('VirtualCase', 'a02b807d-9f23-4f3f-87ff-95c61b754b46', NULL, NULL, NULL, 'NOU_S0.00_D0.00__P_[''C6'']_odir_all_1318_left.jpg', 'No additional information', NULL, true, NULL, false, false, NULL, 0, '$2a$12$67aee29b-b83b-44b4-af23-3de660c78fc8af626e26-25b8-47', NULL, 1, NULL, 'Glaucoma', NULL, false, 0, NULL);
INSERT INTO public.medical_case VALUES ('VirtualCase', '28c58bda-3779-40bd-bcfd-17b61e42c569', NULL, NULL, NULL, 'NOU_S0.00_D0.25__P_[''C6'']_odir_all_1269_right.jpg', 'No additional information', NULL, true, NULL, false, false, NULL, 0, '$2a$12$b02cdf8b-f487-44a9-90d5-592cf5475fde50b7a26b-3489-40', NULL, 1, NULL, 'Glaucoma', NULL, false, 0, NULL);
INSERT INTO public.medical_case VALUES ('MedicalCase', '900f579c-f81a-4b92-989e-cd687df2330c', NULL, NULL, NULL, 'S-0.23_D0.14__P_[''C14'']_rfmid_small_validation_404.png', 'No additional information', '2023-11-12 17:00:00.851483', true, '2023-11-12 21:32:35.179', false, true, NULL, 0, '$2a$12$bd19234d-4591-4e06-a916-29a8aa7a17a2f248f6e8-206b-45', NULL, 10, '2023-11-12 17:00:00.851', 'Branch retinal vein occlusion', NULL, true, 0, 'b8aa2410-c5ae-11ed-afa1-0242ac120001');
INSERT INTO public.medical_case VALUES ('VirtualCase', 'b94f02f4-4898-4bc4-bed3-1ddc6e48cb83', NULL, NULL, NULL, 'S0.00_D0.00__P_[''C0'']_odir_all_1222_right.jpg', 'No additional information', NULL, true, NULL, false, false, NULL, 0, '$2a$12$837e8df9-d1d7-4918-b63f-4dae72dfc12ed5b3a414-16ab-48', NULL, 1, NULL, 'Glaucoma', NULL, false, 0, NULL);
INSERT INTO public.medical_case VALUES ('VirtualCase', 'd922b6aa-f0e1-4c45-86ae-5d04651fe422', NULL, NULL, NULL, 'S0.00_D0.00__P_[''C0'']_odir_all_1392_left.jpg', 'No additional information', NULL, true, NULL, false, false, NULL, 0, '$2a$12$3e1fefc9-5950-411a-a442-9b1b828f0493e3ccae34-655e-4c', NULL, 1, NULL, 'Glaucoma', NULL, false, 0, NULL);
INSERT INTO public.medical_case VALUES ('MedicalCase', 'deca49bf-4382-4885-b1ca-dcb77136e04e', NULL, NULL, NULL, 'S-0.39_D0.07__P_[''C8'']_rfmid_small_validation_27.png', 'No additional information', '2023-11-12 17:00:00.934606', true, '2023-11-12 17:28:22.936', false, true, NULL, 0, '$2a$12$6efdea45-2b8b-4c76-80ad-66338fac680af7c8a082-fdd0-44', NULL, 0, '2023-11-12 17:00:00.934', 'Tessellated fundus', 'Pathological Myopia', true, 0, 'b8aa2410-c5ae-11ed-afa1-0242ac120004');
INSERT INTO public.medical_case VALUES ('MedicalCase', 'ac9816c7-0dbf-40da-af95-1091abe9941f', NULL, NULL, NULL, 'S0.00_D0.01__P_[''C10'']_odir_all_1426_right.jpg', 'No additional information', '2023-11-12 17:00:00.971684', true, '2023-11-12 18:31:35.882', false, true, NULL, 0, '$2a$12$e99cb3b3-4f25-43ad-88a6-99f2f435ea3bb4595d47-cded-45', NULL, 0, '2023-11-12 17:00:00.971', 'Vitreous degeneration (PVD + Vitreous liquefaction) & Asteroid hyalosis & Synchysis scintillans', 'Epiretinal membrane', true, 0, 'b8aa2410-c5ae-11ed-afa1-0242ac120002');
INSERT INTO public.medical_case VALUES ('VirtualCase', 'fef3fa3c-764b-48c3-92c4-1aaf8bf4e796', NULL, NULL, NULL, 'S0.00_D1.15__P_[''C0'', ''diabet'']_odir_all_1237_right.jpg', 'No additional information', NULL, true, NULL, false, false, NULL, 0, '$2a$12$9c6b7742-1319-43bb-8013-1e88d7f6aa15b7c969a8-9f7b-4a', NULL, 1, NULL, 'Glaucoma', NULL, false, 0, NULL);
INSERT INTO public.medical_case VALUES ('MedicalCase', 'c680470a-ab0c-40b0-b1c4-627e54ef44cf', NULL, NULL, NULL, 'NU_S-0.22_D0.33__P_[''C13'']_rfmid_small_training_500.png', 'No additional information', '2023-11-12 17:00:00.912065', true, '2023-11-13 17:56:01.407', false, true, NULL, 0, '$2a$12$dc4e32d0-c3e3-4f23-91f3-36d512682043f8e72f86-fd85-42', NULL, 0, '2023-11-12 17:00:00.912', 'Physiologic large optic cup', 'Drusen', true, 0, 'b8aa2410-c5ae-11ed-afa1-0242ac120003');
INSERT INTO public.medical_case VALUES ('VirtualCase', '62e51a25-480b-4485-b644-a0db8b3e98ea', NULL, NULL, NULL, 'S0.00_D0.00__P_[''C0'']_odir_all_1048_left.jpg', 'No additional information', NULL, true, NULL, false, false, NULL, 0, '$2a$12$5c1146bf-774c-4fff-b3d3-8fc8d26cb3059394c079-7180-47', NULL, 1, NULL, 'Hypertensive Retinopathy', NULL, false, 0, NULL);
INSERT INTO public.medical_case VALUES ('VirtualCase', 'f11da564-10e2-4464-be0c-2d8afb42fcc3', NULL, NULL, NULL, 'S0.00_D0.00__P_[''C0'']_odir_all_4581_left.jpg', 'No additional information', NULL, true, NULL, false, false, NULL, 0, '$2a$12$291ecf0b-7dde-47aa-8732-9e558deec3fed7ac7709-94ca-4c', NULL, 1, NULL, 'Hypertensive Retinopathy', NULL, false, 0, NULL);
INSERT INTO public.medical_case VALUES ('VirtualCase', '6878150b-c786-4cdb-88e8-d0b760c23cb4', NULL, NULL, NULL, 'S0.00_D0.00__P_[''diabet'']_odir_all_861_left.jpg', 'No additional information', NULL, true, NULL, false, false, NULL, 0, '$2a$12$8cd680fe-bd43-4ab5-91e0-832d679e09a0ad911f00-ac7c-41', NULL, 1, NULL, 'Hypertensive Retinopathy', NULL, false, 0, NULL);
INSERT INTO public.medical_case VALUES ('VirtualCase', '34c7468b-888a-47d1-ada6-1878db2371a1', NULL, NULL, NULL, 'S0.00_D0.14__P_[''C0'']_odir_all_4327_right.jpg', 'No additional information', NULL, true, NULL, false, false, NULL, 0, '$2a$12$c9fbb6ba-a1f4-4f69-b352-a2424a5e774ff73a2ec6-95c3-4c', NULL, 1, NULL, 'Hypertensive Retinopathy', NULL, false, 0, NULL);
INSERT INTO public.medical_case VALUES ('MedicalCase', 'c8c531ca-7f90-4b94-93d1-d78e400b8e73', NULL, NULL, NULL, NULL, 'AO: Senile cataract + Tesselated fundus', '2023-11-13 09:57:27.070522', false, '2023-11-13 17:56:48.993', false, true, NULL, 1, '$2a$12$MDnofLJT8LrIILyh8SCle.ngFPo4MVa/qPz8hjGgVILJz3IdR9C/e', NULL, 0, '2023-11-13 09:57:27.07', 'Glaucoma', 'Glaucoma', true, 0, 'b8aa2410-c5ae-11ed-afa1-0242ac120003');
INSERT INTO public.medical_case VALUES ('MedicalCase', '9da145c4-c0d1-438a-bfdf-f2bc19286fc6', NULL, NULL, NULL, NULL, '', '2023-11-13 09:56:36.43651', false, '2023-11-14 19:05:26.832', false, true, NULL, 1, '$2a$12$MDnofLJT8LrIILyh8SCle.czwIwYneGbcg/y1jZpZBmmUABaAvgTm', NULL, 0, '2023-11-13 09:56:36.436', 'Rhegmatogenous retinal detachment', 'Rhegmatogenous retinal detachment', true, 0, 'b8aa2410-c5ae-11ed-afa1-0242ac120002');
INSERT INTO public.medical_case VALUES ('VirtualCase', 'dd98bbdb-0110-41e4-ba3e-fbeed6cc0fed', NULL, NULL, NULL, 'S-0.07_D0.04__P_[''C19'']_1000images_17.Myelinated nerve fiber_1ffa92c7-8d87-11e8-9daf-6045cb817f5b..JPG', 'No additional information', NULL, true, NULL, false, false, NULL, 0, '$2a$12$f33683bf-2e35-4639-973e-5b7916f39fdfb1429caa-2555-42', NULL, 1, NULL, 'Myelinated Retinal Nerve Fiber Layer (MRNF)', NULL, false, 0, NULL);
INSERT INTO public.medical_case VALUES ('VirtualCase', '7ef243d6-4440-4557-aed4-6e5b65102a92', NULL, NULL, NULL, 'S0.00_D0.00__P_[''C19'']_odir_all_1041_right.jpg', 'No additional information', NULL, true, NULL, false, false, NULL, 0, '$2a$12$ed241249-f6ef-467b-9480-21efdd5191fc4b8bb64a-270e-42', NULL, 1, NULL, 'Myelinated Retinal Nerve Fiber Layer (MRNF)', NULL, false, 0, NULL);
INSERT INTO public.medical_case VALUES ('VirtualCase', '62527ca0-f0fa-4da2-ad39-b75df21588da', NULL, NULL, NULL, 'S0.00_D0.55__P_[''C0'']_odir_all_779_right.jpg', 'No additional information', NULL, true, NULL, false, false, NULL, 0, '$2a$12$26886ac5-734b-4c6f-8fb2-fbf249f9f708b109b6ad-d7e3-4d', NULL, 1, NULL, 'Myelinated Retinal Nerve Fiber Layer (MRNF)', NULL, false, 0, NULL);
INSERT INTO public.medical_case VALUES ('VirtualCase', '4cae2438-a4cc-417b-9d0a-ef605dc9dc86', NULL, NULL, NULL, 'S-1.00_D0.23__P_[''C0'']_odir_all_4544_right.jpg', 'No additional information', NULL, true, NULL, false, false, NULL, 0, '$2a$12$4e52c856-1fe2-4bc4-828f-b5f377ed2d4a94c34974-6689-46', NULL, 1, NULL, 'Normal', NULL, false, 0, NULL);
INSERT INTO public.medical_case VALUES ('VirtualCase', '5bbe7b5e-8995-4197-8be2-2c90e882d15b', NULL, NULL, NULL, 'S1.00_D1.17__P_[]_1000images_0.0.Normal_1ffa9628-8d87-11e8-9daf-6045cb817f5b..JPG', 'No additional information', NULL, true, NULL, false, false, NULL, 0, '$2a$12$bd19830b-f897-4776-afbe-0cae0864ca168f263578-34c5-49', NULL, 1, NULL, 'Normal', NULL, false, 0, NULL);
INSERT INTO public.medical_case VALUES ('VirtualCase', '31c09ba6-0942-4352-b06f-f60136a1a200', NULL, NULL, NULL, 'S1.00_D1.22__P_[]_1000images_0.0.Normal_1ffa9651-8d87-11e8-9daf-6045cb817f5b..JPG', 'No additional information', NULL, true, NULL, false, false, NULL, 0, '$2a$12$58c2fdf2-703f-43ce-a824-af9f379b91004b895d8e-02be-47', NULL, 1, NULL, 'Normal', NULL, false, 0, NULL);
INSERT INTO public.medical_case VALUES ('VirtualCase', '64254c22-40f8-4e17-a9a0-1db14fc5ce76', NULL, NULL, NULL, 'S-0.67_D0.04__P_[''C14'']_rfmid_small_training_952.png', 'No additional information', NULL, true, NULL, false, false, NULL, 0, '$2a$12$abbb3c54-f161-4cef-9d3c-ae491e302adeb49b346e-cb4c-43', NULL, 1, NULL, 'Optic disc edema', NULL, false, 0, NULL);
INSERT INTO public.medical_case VALUES ('VirtualCase', '73be693d-8137-4800-91f5-4bace4c0803f', NULL, NULL, NULL, 'S-0.75_D0.05__P_[''C18'']_1000images_12.Disc swelling and elevation_1ffa95ab-8d87-11e8-9daf-6045cb817f5b..JPG', 'No additional information', NULL, true, NULL, false, false, NULL, 0, '$2a$12$25dbcbca-c3b5-4f5f-9559-f97d2b83aa2234f4bc90-9ff7-48', NULL, 1, NULL, 'Optic disc edema', NULL, false, 0, NULL);
INSERT INTO public.medical_case VALUES ('VirtualCase', 'f6fc6b72-91fc-47b0-a12d-6ddbce4ffffb', NULL, NULL, NULL, 'S-1.00_D0.00__P_[''C18'']_rfmid_small_training_223.png', 'No additional information', NULL, true, NULL, false, false, NULL, 0, '$2a$12$719b9181-e66d-4bcb-9960-953b078d85d2b4c903b4-b6bf-4b', NULL, 1, NULL, 'Optic disc edema', NULL, false, 0, NULL);
INSERT INTO public.medical_case VALUES ('MedicalCase', 'd4f92e79-5e78-4048-991c-fe041a566694', NULL, NULL, NULL, NULL, '', '2023-11-13 10:14:42.665483', false, '2023-11-13 17:32:45.289', false, true, NULL, 1, '$2a$12$MDnofLJT8LrIILyh8SCle.MkUK4p5n1ymnAruIK12whwylFaiMtQK', NULL, 0, '2023-11-13 10:14:42.665', 'Diabetic Retinopathy', 'Diabetic Retinopathy', true, 0, 'b8aa2410-c5ae-11ed-afa1-0242ac120001');
INSERT INTO public.medical_case VALUES ('VirtualCase', '4b0c7eb6-193f-476a-8f4e-6a76fc1f3fda', NULL, NULL, NULL, 'S1.00_D1.00__P_[]_rfmid_small_training_1630.png', 'No additional information', NULL, true, NULL, false, false, NULL, 0, '$2a$12$4b88f770-ae9f-4e1e-9fc5-66fa9cdf063f5cecd14f-a27c-4d', NULL, 1, NULL, 'Optic disc edema', NULL, false, 0, NULL);
INSERT INTO public.medical_case VALUES ('VirtualCase', '8597dca3-bfa4-4688-9218-6759ca093474', NULL, NULL, NULL, 'S1.00_D1.52__P_[]_rfmid_small_testing_183.png', 'No additional information', NULL, true, NULL, false, false, NULL, 0, '$2a$12$e3214a72-447f-4601-8a60-ffb4c7e48be463e3d2e1-44d6-4f', NULL, 1, NULL, 'Optic disc edema', NULL, false, 0, NULL);
INSERT INTO public.medical_case VALUES ('VirtualCase', 'fbec1331-df7b-434f-a458-1e4892fb8d47', NULL, NULL, NULL, 'S1.00_D1.65__P_[]_rfmid_small_testing_304.png', 'No additional information', NULL, true, NULL, false, false, NULL, 0, '$2a$12$9326f5af-7462-402b-9086-9715a083d72112f7a40a-be5f-43', NULL, 1, NULL, 'Optic disc edema', NULL, false, 0, NULL);
INSERT INTO public.medical_case VALUES ('VirtualCase', 'd8831b40-cb19-4419-83e3-ce7fcc216544', NULL, NULL, NULL, 'NOU_S0.00_D0.39__P_[''C8'']_odir_all_1546_right.jpg', 'No additional information', NULL, true, NULL, false, false, NULL, 0, '$2a$12$d73c181a-56a0-4ed9-b331-1edee1cad1afeb780d85-2af9-4b', NULL, 1, NULL, 'Pathological Myopia', NULL, false, 0, NULL);
INSERT INTO public.medical_case VALUES ('VirtualCase', '5608e4fa-4184-445a-be67-ca00307896aa', NULL, NULL, NULL, 'S-1.00_D0.00__P_[''C8'']_1000images_9.Pathological myopia_1ffa94ff-8d87-11e8-9daf-6045cb817f5b..JPG', 'No additional information', NULL, true, NULL, false, false, NULL, 0, '$2a$12$e0c3ce3d-28b8-401e-990f-7bb6571ff473585b97fb-02f8-40', NULL, 1, NULL, 'Pathological Myopia', NULL, false, 0, NULL);
INSERT INTO public.medical_case VALUES ('VirtualCase', '8cfb797f-cc69-4c68-a90f-2bfaa6452e10', NULL, NULL, NULL, 'S-1.00_D0.00__P_[''C8'']_1000images_9.Pathological myopia_1ffa9504-8d87-11e8-9daf-6045cb817f5b..JPG', 'No additional information', NULL, true, NULL, false, false, NULL, 0, '$2a$12$457fa78b-34c2-4344-a68d-16738e0f93f9cf384019-e36c-4b', NULL, 1, NULL, 'Pathological Myopia', NULL, false, 0, NULL);
INSERT INTO public.medical_case VALUES ('VirtualCase', '6e8cccd9-0d1b-46bc-997d-8a50750f28d1', NULL, NULL, NULL, 'S-1.02_D1.00__P_[''C1'', ''C8'']_rfmid_small_training_918.png', 'No additional information', NULL, true, NULL, false, false, NULL, 0, '$2a$12$909cd288-e3a8-47de-8ffc-e5451f9e6b6f849d6334-338c-44', NULL, 1, NULL, 'Pathological Myopia', NULL, false, 0, NULL);
INSERT INTO public.medical_case VALUES ('VirtualCase', '2e9d591d-86e1-49f2-ac73-fe8ba0b9c289', NULL, NULL, NULL, 'S0.00_D1.00__P_[''C0'', ''C8'']_odir_all_831_left.jpg', 'No additional information', NULL, true, NULL, false, false, NULL, 0, '$2a$12$3d9346a7-e8af-451b-b0da-f5e6ad5596d16e6d3c41-160e-4c', NULL, 1, NULL, 'Pathological Myopia', NULL, false, 0, NULL);
INSERT INTO public.medical_case VALUES ('VirtualCase', '0a0ab95a-2369-408d-94f6-4a9019fd1cf3', NULL, NULL, NULL, 'S0.00_D1.12__P_[''C8'']_odir_all_1547_left.jpg', 'No additional information', NULL, true, NULL, false, false, NULL, 0, '$2a$12$50bc7d28-6457-43e2-ba2b-5a82b9e7e718b2978759-8fd2-42', NULL, 1, NULL, 'Pathological Myopia', NULL, false, 0, NULL);
INSERT INTO public.medical_case VALUES ('VirtualCase', '348e5482-0487-43e5-8da6-96f98551f914', NULL, NULL, NULL, 'S0.10_D0.01__P_[''C0'']_rfmid_small_testing_635.png', 'No additional information', NULL, true, NULL, false, false, NULL, 0, '$2a$12$3c469250-32b7-46da-b4ab-491d2317b941090c91d4-cba5-4d', NULL, 1, NULL, 'Pathological Myopia', NULL, false, 0, NULL);
INSERT INTO public.medical_case VALUES ('VirtualCase', '7a805b8c-d92e-4efe-b552-790b8b229ff0', NULL, NULL, NULL, 'S1.00_D1.00__P_[]_rfmid_small_training_1568.png', 'No additional information', NULL, true, NULL, false, false, NULL, 0, '$2a$12$a3e79b79-0c5a-4dcc-9f18-03a465c97fd26793f70f-32eb-43', NULL, 1, NULL, 'Pathological Myopia', NULL, false, 0, NULL);
INSERT INTO public.medical_case VALUES ('VirtualCase', '532e9b56-266e-4a20-96c4-6a72391d09d0', NULL, NULL, NULL, 'NOU_S-0.67_D0.05__P_[''C13'']_rfmid_small_training_818.png', 'No additional information', NULL, true, NULL, false, false, NULL, 0, '$2a$12$c5d9e208-32ec-4ade-89ac-049db35afecf2a2b8d12-a583-4b', NULL, 1, NULL, 'Physiologic large optic cup', NULL, false, 0, NULL);
INSERT INTO public.medical_case VALUES ('VirtualCase', 'ca9861d8-3ed8-42be-b8e7-b6a54fe4059e', NULL, NULL, NULL, 'NOU_S-1.00_D0.00__P_[''C13'']_1000images_0.2.Large optic cup_1ffa94c5-8d87-11e8-9daf-6045cb817f5b..JPG', 'No additional information', NULL, true, NULL, false, false, NULL, 0, '$2a$12$f6978ec3-6435-4470-a035-fcc6d7f9dda3334ebc76-2a23-41', NULL, 1, NULL, 'Physiologic large optic cup', NULL, false, 0, NULL);
INSERT INTO public.medical_case VALUES ('VirtualCase', '3f0f4b7a-2edf-42cf-911a-747ebb0a9805', NULL, NULL, NULL, 'NOU_S-1.01_D1.15__P_[''C9'', ''C13'']_rfmid_small_training_1206.png', 'No additional information', NULL, true, NULL, false, false, NULL, 0, '$2a$12$5b818a00-426d-4e45-a4a9-f3e73bd218b3abaf5f02-cb5a-48', NULL, 1, NULL, 'Physiologic large optic cup', NULL, false, 0, NULL);
INSERT INTO public.medical_case VALUES ('VirtualCase', '9bca4d0a-d868-49af-b346-10e65d5cdc91', NULL, NULL, NULL, 'NU_S-0.32_D0.06__P_[''C13'']_rfmid_small_training_599.png', 'No additional information', NULL, true, NULL, false, false, NULL, 0, '$2a$12$9dc243ee-65e9-49b7-ac94-0171903735292b4d3903-8c56-45', NULL, 1, NULL, 'Physiologic large optic cup', NULL, false, 0, NULL);
INSERT INTO public.medical_case VALUES ('VirtualCase', '8c89e01d-517d-4744-bbbf-5b37654c72bd', NULL, NULL, NULL, 'S-0.53_D1.33__P_[''C13'', ''C14'']_rfmid_small_training_1074.png', 'No additional information', NULL, true, NULL, false, false, NULL, 0, '$2a$12$37784569-6c5a-4941-9d34-25690c4789e61d5ca624-c4a4-44', NULL, 1, NULL, 'Physiologic large optic cup', NULL, false, 0, NULL);
INSERT INTO public.medical_case VALUES ('MedicalCase', '6762762b-4345-4e75-83b7-90dd0b511d8c', NULL, NULL, NULL, NULL, '', '2023-11-13 10:32:06.460683', false, '2023-11-14 19:22:26.24', false, true, NULL, 1, '$2a$12$MDnofLJT8LrIILyh8SCle.Y0FFWOd80jFeW1ZWZQ4/JozJzgQoBUO', NULL, 0, '2023-11-13 10:32:06.46', 'Branch retinal vein occlusion', 'Central retinal vein occlusion', true, 0, 'b8aa2410-c5ae-11ed-afa1-0242ac120004');
INSERT INTO public.medical_case VALUES ('VirtualCase', 'be9a1c00-df98-450e-938d-53dea90e4c4b', NULL, NULL, NULL, 'NOU_S-1.00_D0.00__P_[''C22'']_1000images_4.Rhegmatogenous RD_1ffa935a-8d87-11e8-9daf-6045cb817f5b..JPG', 'No additional information', NULL, true, NULL, false, false, NULL, 0, '$2a$12$46ff1c78-2482-4b47-8ef4-1d558ff451e3994ba691-16b9-43', NULL, 1, NULL, 'Rhegmatogenous retinal detachment', NULL, false, 0, NULL);
INSERT INTO public.medical_case VALUES ('VirtualCase', 'd9af5e4a-e7ba-44c7-b07d-28f116253628', NULL, NULL, NULL, 'NOU_S-1.00_D0.00__P_[''C22'']_1000images_4.Rhegmatogenous RD_1ffa9372-8d87-11e8-9daf-6045cb817f5b..JPG', 'No additional information', NULL, true, NULL, false, false, NULL, 0, '$2a$12$c47bc6fc-ed8b-4ef7-b43c-a6f423e8787737ddf42b-f12d-4a', NULL, 1, NULL, 'Rhegmatogenous retinal detachment', NULL, false, 0, NULL);
INSERT INTO public.medical_case VALUES ('VirtualCase', '04edc035-a41a-4800-b63d-6188ec10d3d6', NULL, NULL, NULL, 'S-1.00_D0.00__P_[''C22'']_1000images_4.Rhegmatogenous RD_1ffa9357-8d87-11e8-9daf-6045cb817f5b..JPG', 'No additional information', NULL, true, NULL, false, false, NULL, 0, '$2a$12$09d4be90-e892-4784-b8fb-c61312aa5dea6cae1c80-6bfe-44', NULL, 1, NULL, 'Rhegmatogenous retinal detachment', NULL, false, 0, NULL);
INSERT INTO public.medical_case VALUES ('VirtualCase', '2efdade4-dc2b-47ee-b29e-9051760ddf7f', NULL, NULL, NULL, 'S-1.00_D0.00__P_[''C22'']_1000images_4.Rhegmatogenous RD_1ffa9369-8d87-11e8-9daf-6045cb817f5b..JPG', 'No additional information', NULL, true, NULL, false, false, NULL, 0, '$2a$12$591dd8ef-ec47-44c7-8694-20d5af9a319d61f6b98f-dc07-4b', NULL, 1, NULL, 'Rhegmatogenous retinal detachment', NULL, false, 0, NULL);
INSERT INTO public.medical_case VALUES ('VirtualCase', '09f2a10b-6236-481b-8945-8833349a7d30', NULL, NULL, NULL, 'S-1.00_D0.00__P_[''C22'']_1000images_4.Rhegmatogenous RD_1ffa9373-8d87-11e8-9daf-6045cb817f5b..JPG', 'No additional information', NULL, true, NULL, false, false, NULL, 0, '$2a$12$8fbebb65-b061-43aa-aadc-48b8432101fbfc214253-02f0-4a', NULL, 1, NULL, 'Rhegmatogenous retinal detachment', NULL, false, 0, NULL);
INSERT INTO public.medical_case VALUES ('VirtualCase', 'b6438538-2d4c-4f92-9fe1-3751ac1e0340', NULL, NULL, NULL, 'S1.00_D1.02__P_[]_1000images_4.Rhegmatogenous RD_1ffa9353-8d87-11e8-9daf-6045cb817f5b..JPG', 'No additional information', NULL, true, NULL, false, false, NULL, 0, '$2a$12$45fb8fdf-7ff4-4104-9cdf-c8db55c22a372c51b2c4-900f-41', NULL, 1, NULL, 'Rhegmatogenous retinal detachment', NULL, false, 0, NULL);
INSERT INTO public.medical_case VALUES ('VirtualCase', '3c4df7d0-183f-49de-8406-de349e7b5a6b', NULL, NULL, NULL, 'S-0.16_D0.49__P_[''C9'']_1000images_0.1.Tessellated fundus_1ffa9597-8d87-11e8-9daf-6045cb817f5b..JPG', 'No additional information', NULL, true, NULL, false, false, NULL, 0, '$2a$12$62999da9-9b04-4870-84e4-4fddbddb4d0b62a004f5-b97f-46', NULL, 1, NULL, 'Tessellated fundus', NULL, false, 0, NULL);
INSERT INTO public.medical_case VALUES ('VirtualCase', 'ab581365-428c-4e19-9155-090244d216a4', NULL, NULL, NULL, 'S-0.42_D1.01__P_[''C9'', ''C14'']_rfmid_small_testing_439.png', 'No additional information', NULL, true, NULL, false, false, NULL, 0, '$2a$12$957376a5-5586-4f75-9cdb-19151afd5812c73c2786-09f5-4a', NULL, 1, NULL, 'Tessellated fundus', NULL, false, 0, NULL);
INSERT INTO public.medical_case VALUES ('MedicalCase', '106f162d-4b80-4d0e-957a-056be41b81c5', NULL, NULL, NULL, 'S0.00_D0.00__P_[''C19'']_odir_all_450_left.jpg', 'No additional information', '2023-11-13 17:00:00.925088', true, NULL, false, false, NULL, 0, '$2a$12$421906da-190c-4020-a5f6-4dc84c2ad7032d6e7a02-da54-41', NULL, 1, '2023-11-13 17:00:00.925088', 'Myelinated Retinal Nerve Fiber Layer (MRNF)', NULL, false, 0, 'b8aa2410-c5ae-11ed-afa1-0242ac120005');
INSERT INTO public.medical_case VALUES ('VirtualCase', 'c09f77c1-358a-453d-b6f7-2283a328884b', NULL, NULL, NULL, 'S1.00_D1.01__P_[]_1000images_0.1.Tessellated fundus_1ffa9583-8d87-11e8-9daf-6045cb817f5b..JPG', 'No additional information', NULL, true, NULL, false, false, NULL, 0, '$2a$12$c0a5c101-d939-487c-8d46-1ecfc93fe0e6e1fceff8-2405-49', NULL, 1, NULL, 'Tessellated fundus', NULL, false, 0, NULL);
INSERT INTO public.medical_case VALUES ('VirtualCase', '76e4f104-f304-4f29-b4b1-aa16c109595d', NULL, NULL, NULL, 'S1.00_D1.01__P_[]_rfmid_small_training_243.png', 'No additional information', NULL, true, NULL, false, false, NULL, 0, '$2a$12$b0f6742d-b995-416f-b7c2-45ff99d950340e5903cb-1423-41', NULL, 1, NULL, 'Tessellated fundus', NULL, false, 0, NULL);
INSERT INTO public.medical_case VALUES ('VirtualCase', '1897cfb9-a8ef-487b-87af-c0ec8892826a', NULL, NULL, NULL, 'NOU_S0.00_D0.00__P_[''C10'']_odir_all_97_right.jpg', 'No additional information', NULL, true, NULL, false, false, NULL, 0, '$2a$12$c0499df0-40fe-4195-9e08-69fd1f1bc6a2f9af0fdf-6818-46', NULL, 1, NULL, 'Vitreous degeneration (PVD + Vitreous liquefaction) & Asteroid hyalosis & Synchysis scintillans', NULL, false, 0, NULL);
INSERT INTO public.medical_case VALUES ('VirtualCase', 'b0440111-b63f-473b-b135-4c70b122def4', NULL, NULL, NULL, 'S-1.00_D0.00__P_[''C10'']_1000images_18.Vitreous particles_202efd4c-8d87-11e8-9daf-6045cb817f5b..JPG', 'No additional information', NULL, true, NULL, false, false, NULL, 0, '$2a$12$cbed3e9e-7c47-4ba9-ba02-99f08506b9c476b71133-c76d-40', NULL, 1, NULL, 'Vitreous degeneration (PVD + Vitreous liquefaction) & Asteroid hyalosis & Synchysis scintillans', NULL, false, 0, NULL);
INSERT INTO public.medical_case VALUES ('VirtualCase', '05958727-de94-4fc5-bb3a-52c0509bb2b4', NULL, NULL, NULL, 'S0.00_D1.04__P_[]_odir_all_531_right.jpg', 'No additional information', NULL, true, NULL, false, false, NULL, 0, '$2a$12$ce8d8db5-625c-45ae-9fa1-10f3eff6054fb5a8b728-6574-40', NULL, 1, NULL, 'Vitreous degeneration (PVD + Vitreous liquefaction) & Asteroid hyalosis & Synchysis scintillans', NULL, false, 0, NULL);
INSERT INTO public.medical_case VALUES ('MedicalCase', 'fae668c5-09b2-4e5b-b684-c339120a3aa8', NULL, NULL, NULL, 'S-0.13_D0.78__P_[''C11'']_rfmid_small_training_1278.png', 'No additional information', '2023-11-01 17:00:04.770738', true, NULL, false, false, NULL, 0, '$2a$12$d8cdd408-3d7a-4e8f-a33b-aaf07bce7c78587c83e5-0e10-4a', NULL, 1, '2023-11-01 17:00:04.770738', 'Branch retinal vein occlusion', NULL, false, 0, 'b8aa2410-c5ae-11ed-afa1-0242ac120005');
INSERT INTO public.medical_case VALUES ('MedicalCase', 'bdca8604-23a2-44fd-b81e-2c94b39a3b6f', NULL, NULL, NULL, 'NOU_S-0.79_D0.40__P_[''C27'']_rfmid_small_validation_163.png', 'No additional information', '2023-11-01 17:00:08.328243', true, NULL, false, false, NULL, 0, '$2a$12$0afa4c20-4499-4e42-97cc-9ef09b6bf0c5c1d0cbf5-fd6f-4a', NULL, 1, '2023-11-01 17:00:08.328243', 'Central serous chorioretinopathy', NULL, false, 0, 'b8aa2410-c5ae-11ed-afa1-0242ac120001');
INSERT INTO public.medical_case VALUES ('MedicalCase', 'b856ad61-05d8-4594-b459-10ac43ee8849', NULL, NULL, NULL, 'S0.00_D1.35__P_[''C0'', ''C8'']_odir_all_46_right.jpg', 'No additional information', '2023-11-01 17:00:07.72834', true, '2023-11-02 13:56:55.08', true, true, 'Pathological Myopia', 0, '$2a$12$e5f81c74-e8f2-462b-bef9-3d925bbd0c25bb06463c-2c99-48', NULL, 7.33, '2023-11-01 17:00:07.728', 'Pathological Myopia', 'Pathological Myopia', true, 11, 'b8aa2410-c5ae-11ed-afa1-0242ac120003');
INSERT INTO public.medical_case VALUES ('MedicalCase', '9896810a-19d7-4d33-96c4-5d88c3564d7a', NULL, NULL, NULL, 'S-1.00_D0.00__P_[''C11'']_1000images_2.0.BRVO_1ffa961b-8d87-11e8-9daf-6045cb817f5b..JPG', 'No additional information', '2023-11-01 17:00:06.641655', true, '2023-11-01 19:52:19.791', true, true, 'Branch retinal vein occlusion', 0, '$2a$12$e6e8a440-2c1d-4575-a14a-87643a90700f8b14d706-7f27-40', NULL, 8.64, '2023-11-01 17:00:06.641', 'Branch retinal vein occlusion', 'Branch retinal vein occlusion', true, 19, 'b8aa2410-c5ae-11ed-afa1-0242ac120004');
INSERT INTO public.medical_case VALUES ('MedicalCase', 'ac345546-cd46-408a-b477-f380ec266769', NULL, NULL, NULL, 'S0.00_D0.00__P_[''C0'']_odir_all_1486_left.jpg', 'No additional information', '2023-11-01 17:00:08.923779', true, '2023-11-02 07:11:27.901', true, true, 'Glaucoma', 0, '$2a$12$2cffda5f-7c36-4341-a923-e599487a5483f40ae5c1-3215-42', NULL, 0, '2023-11-01 17:00:08.923', 'Glaucoma', 'Pathological Myopia', true, 0, 'b8aa2410-c5ae-11ed-afa1-0242ac120002');
INSERT INTO public.medical_case VALUES ('MedicalCase', '5ee049b1-b787-4f32-ae0c-f28321dcd9a7', NULL, NULL, NULL, 'S-1.00_D0.00__P_[''diabet'']_1000images_1.0.DR2_1ffa93df-8d87-11e8-9daf-6045cb817f5b..JPG', 'No additional information', '2023-11-05 17:00:00.755743', true, '2023-11-10 19:25:39.429', false, true, NULL, 0, '$2a$12$abbb6451-8e5d-4e36-97f4-ad94fb3e7a8a0ed667a9-ffc4-4f', NULL, 10, '2023-11-05 17:00:00.755', 'Diabetic Retinopathy', NULL, true, 0, 'b8aa2410-c5ae-11ed-afa1-0242ac120001');
INSERT INTO public.medical_case VALUES ('MedicalCase', '31b61729-2a1e-41a9-9d3e-2cf771aa09de', NULL, NULL, NULL, 'S-1.00_D0.00__P_[''C22'']_1000images_4.Rhegmatogenous RD_1ffa935f-8d87-11e8-9daf-6045cb817f5b..JPG', 'No additional information', '2023-11-02 17:00:00.584377', true, NULL, false, false, NULL, 0, '$2a$12$86c13b7b-ca74-4e61-867c-a61d1891e716938acd40-a691-44', NULL, 1, '2023-11-02 17:00:00.584377', 'Rhegmatogenous retinal detachment', NULL, false, 0, 'b8aa2410-c5ae-11ed-afa1-0242ac120005');
INSERT INTO public.medical_case VALUES ('MedicalCase', '9d587288-1e73-47da-8dcd-6a8fc843e1c7', NULL, NULL, NULL, 'S0.00_D0.07__P_[''C10'']_odir_all_154_left.jpg', 'No additional information', '2023-11-02 17:00:00.654251', true, NULL, false, false, NULL, 0, '$2a$12$b62e37aa-6492-416b-a194-baf58feaab5bf732833c-8ccf-4f', NULL, 1, '2023-11-02 17:00:00.654251', 'Vitreous degeneration (PVD + Vitreous liquefaction) & Asteroid hyalosis & Synchysis scintillans', NULL, false, 0, 'b8aa2410-c5ae-11ed-afa1-0242ac120001');
INSERT INTO public.medical_case VALUES ('MedicalCase', '006f31ca-0d47-40a8-a028-20c4dfc28acb', NULL, NULL, NULL, 'S-0.79_D0.01__P_[''C32'']_rfmid_small_validation_218.png', 'No additional information', '2023-11-04 17:00:00.766944', true, NULL, false, false, NULL, 0, '$2a$12$336ecbff-1bca-430d-933c-9484e45046f4493d82f5-9748-4e', NULL, 1, '2023-11-04 17:00:00.766944', 'Central retinal vein occlusion', NULL, false, 0, 'b8aa2410-c5ae-11ed-afa1-0242ac120001');
INSERT INTO public.medical_case VALUES ('MedicalCase', '7e8467c9-957c-4538-81a8-e906353945cf', NULL, NULL, NULL, NULL, '', '2023-11-02 09:55:48.610533', false, '2023-11-02 18:08:23.959', false, true, NULL, 1, '$2a$12$MDnofLJT8LrIILyh8SCle.ZRxfJrKigtJiWM3ZDoK5S6g9tBp29WW', NULL, 0, '2023-11-02 09:55:48.61', 'Other diagnosis', 'Epiretinal membrane', true, 0, 'b8aa2410-c5ae-11ed-afa1-0242ac120004');
INSERT INTO public.medical_case VALUES ('MedicalCase', 'b4e26f9d-f6d7-409f-8031-2b01cc71c6d9', NULL, NULL, NULL, 'S-0.15_D0.02__P_[''C9'']_rfmid_small_training_516.png', 'No additional information', '2023-11-02 17:00:00.626074', true, '2023-11-02 21:10:14.052', true, true, 'Tessellated fundus', 0, '$2a$12$271bfd76-b1df-4d17-b61f-948848718cd27aea669f-27b6-4c', NULL, 0, '2023-11-02 17:00:00.626', 'Tessellated fundus', 'Tessellated fundus', true, 0, 'b8aa2410-c5ae-11ed-afa1-0242ac120003');
INSERT INTO public.medical_case VALUES ('MedicalCase', '29b22de1-e06a-42f0-918e-e09a53baa96f', NULL, NULL, NULL, 'S0.00_D1.44__P_[]_odir_all_990_right.jpg', 'No additional information', '2023-11-05 17:00:00.668676', true, NULL, false, false, NULL, 0, '$2a$12$03516ae1-185c-4417-9a7d-91ec830dbcf3f9eefaae-3093-43', NULL, 1, '2023-11-05 17:00:00.668676', 'Epiretinal membrane', NULL, false, 0, 'b8aa2410-c5ae-11ed-afa1-0242ac120005');
INSERT INTO public.medical_case VALUES ('MedicalCase', 'c61d6a96-83ae-443a-854b-df206691afe1', NULL, NULL, NULL, NULL, '', '2023-11-02 10:45:05.497071', false, '2023-11-02 20:45:40.333', true, true, 'Age-Related Macular Degeneration (AMD)', 1, '$2a$12$MDnofLJT8LrIILyh8SCle.tK5JtQNNL1nbLr.PzmkhatL.qbo6c7q', NULL, 5.93, '2023-11-02 10:45:05.497', 'Age-Related Macular Degeneration (AMD)', 'Age-Related Macular Degeneration (AMD)', true, 16, 'b8aa2410-c5ae-11ed-afa1-0242ac120002');
INSERT INTO public.medical_case VALUES ('MedicalCase', 'ea083c16-dd50-43cf-a19e-7cfd7f7180f3', NULL, NULL, NULL, 'S-1.00_D0.00__P_[''C22'']_1000images_4.Rhegmatogenous RD_1ffa9350-8d87-11e8-9daf-6045cb817f5b..JPG', 'No additional information', '2023-11-05 17:00:00.691514', true, '2023-11-05 17:00:38.458', false, true, NULL, 0, '$2a$12$fa2a73c9-d407-48fc-bfce-abbc30d482482b58bb64-4bca-43', NULL, 0, '2023-11-05 17:00:00.691', 'Rhegmatogenous retinal detachment', 'Rhegmatogenous retinal detachment', true, 0, 'b8aa2410-c5ae-11ed-afa1-0242ac120003');
INSERT INTO public.medical_case VALUES ('MedicalCase', 'ef2ec353-8627-4ad8-8c02-5e2c7504e3f9', NULL, NULL, NULL, 'S-1.00_D0.00__P_[''C18'']_rfmid_small_testing_72.png', 'No additional information', '2023-11-03 17:00:00.736992', true, NULL, false, false, NULL, 0, '$2a$12$fe9330d6-ac3d-4c44-87af-6f80ff9c5ffc21433cf5-de3b-4c', NULL, 1, '2023-11-03 17:00:00.736992', 'Optic disc edema', NULL, false, 0, 'b8aa2410-c5ae-11ed-afa1-0242ac120005');
INSERT INTO public.medical_case VALUES ('MedicalCase', 'a95f9835-63be-4c65-831a-a1c1eff195e6', NULL, NULL, NULL, 'S0.00_D1.00__P_[''C1'', ''diabet'']_odir_all_603_left.jpg', 'No additional information', '2023-11-03 17:00:00.853305', true, NULL, false, false, NULL, 0, '$2a$12$d3665f72-ec1b-4491-ba71-dded6e2eff3e581a3fd6-ddf4-47', NULL, 1, '2023-11-03 17:00:00.853305', 'Age-Related Macular Degeneration (AMD)', NULL, false, 0, 'b8aa2410-c5ae-11ed-afa1-0242ac120001');
INSERT INTO public.medical_case VALUES ('MedicalCase', '89dbd4e4-2ec5-4541-90d5-00aace479da8', NULL, NULL, NULL, 'S0.00_D0.06__P_[''C0'']_odir_all_1056_left.jpg', 'No additional information', '2023-11-04 17:00:00.652881', true, NULL, false, false, NULL, 0, '$2a$12$01187710-3d71-40b2-93a6-528b8140634bc3afe1ac-5304-4f', NULL, 1, '2023-11-04 17:00:00.652881', 'Hypertensive Retinopathy', NULL, false, 0, 'b8aa2410-c5ae-11ed-afa1-0242ac120005');
INSERT INTO public.medical_case VALUES ('MedicalCase', '0a894542-3786-4d82-b3f6-41b0b99a33b7', NULL, NULL, NULL, 'S0.00_D0.11__P_[''C0'']_odir_all_368_right.jpg', 'No additional information', '2023-11-03 17:00:00.893089', true, '2023-11-04 19:32:02.531', true, true, 'Myelinated Retinal Nerve Fiber Layer (MRNF)', 0, '$2a$12$fd3c5f2d-84f1-4fed-963b-e1f2f30084eb17bd6a6b-03a4-45', NULL, 10, '2023-11-03 17:00:00.893', 'Myelinated Retinal Nerve Fiber Layer (MRNF)', 'Myelinated Retinal Nerve Fiber Layer (MRNF)', true, 6, 'b8aa2410-c5ae-11ed-afa1-0242ac120002');
INSERT INTO public.medical_case VALUES ('MedicalCase', 'b62fb1e9-9079-4370-980b-99162a6718a2', NULL, NULL, NULL, 'S0.00_D1.24__P_[''C6'', ''C25'']_odir_all_1353_left.jpg', 'No additional information', '2023-11-03 17:00:00.824969', true, '2023-11-04 17:05:30.037', true, true, 'Glaucoma', 0, '$2a$12$678ff2d8-b7de-471a-ab27-b8e9f90f101703a36269-3cb8-43', NULL, 9, '2023-11-03 17:00:00.824', 'Glaucoma', 'Glaucoma', true, 9, 'b8aa2410-c5ae-11ed-afa1-0242ac120003');
INSERT INTO public.medical_case VALUES ('MedicalCase', 'fa4200b7-9376-450c-bdfa-e9c9a8c5790c', NULL, NULL, NULL, 'S-1.02_D1.00__P_[''C13'', ''C14'']_rfmid_small_training_1155.png', 'No additional information', '2023-11-04 17:00:00.801017', true, '2023-11-04 19:32:38.141', true, true, 'Physiologic large optic cup', 0, '$2a$12$9a653717-bd57-40c6-9728-f27e61bbfd7444ea08f7-4f73-44', NULL, 0, '2023-11-04 17:00:00.801', 'Physiologic large optic cup', 'Other diagnosis', true, 0, 'b8aa2410-c5ae-11ed-afa1-0242ac120002');
INSERT INTO public.medical_case VALUES ('MedicalCase', 'fe3807f4-29aa-4360-8b85-e35c4f60473a', NULL, NULL, NULL, 'S0.00_D1.70__P_[]_odir_all_2592_right.jpg', 'No additional information', '2023-11-04 17:00:00.710659', true, '2023-11-04 17:08:34.364', true, true, 'Normal', 0, '$2a$12$2f782402-3bf9-4bfa-9da7-2dd1f09391d56f62e2d7-fd13-40', NULL, 0, '2023-11-04 17:00:00.71', 'Normal', 'Hypertensive Retinopathy', true, 0, 'b8aa2410-c5ae-11ed-afa1-0242ac120003');
INSERT INTO public.medical_case VALUES ('MedicalCase', 'e9401af4-00cc-4c9b-92e2-2aa4652c9543', NULL, NULL, NULL, 'S0.00_D0.02__P_[''C10'']_odir_all_457_right.jpg', 'No additional information', '2023-11-03 17:00:00.787333', true, '2023-11-03 21:23:58.626', true, true, 'Vitreous degeneration (PVD + Vitreous liquefaction) & Asteroid hyalosis & Synchysis scintillans', 0, '$2a$12$939e3187-ec81-45db-808f-2cb27f4d4e43c12f5713-4e2a-49', NULL, 0, '2023-11-03 17:00:00.787', 'Vitreous degeneration (PVD + Vitreous liquefaction) & Asteroid hyalosis & Synchysis scintillans', 'Diabetic Retinopathy', true, 0, 'b8aa2410-c5ae-11ed-afa1-0242ac120004');
INSERT INTO public.medical_case VALUES ('MedicalCase', '013daf46-e0a2-4748-b7e9-d8f5198cb478', NULL, NULL, NULL, NULL, '', '2023-11-06 10:14:26.213744', false, '2023-11-06 11:47:16.339', false, true, NULL, 1, '$2a$12$MDnofLJT8LrIILyh8SCle.IJCQlZTkBsfgBV0ljcqL8UgFuxL.p6C', NULL, 0, '2023-11-06 10:14:26.213', 'Diabetic Retinopathy', 'Diabetic Retinopathy', true, 0, 'b8aa2410-c5ae-11ed-afa1-0242ac120005');
INSERT INTO public.medical_case VALUES ('MedicalCase', 'f70b4334-974a-4db5-b53d-eaf62a0d51c8', NULL, NULL, NULL, NULL, '', '2023-11-06 10:13:03.839777', false, '2023-11-06 19:00:35.639', false, true, NULL, 1, '$2a$12$MDnofLJT8LrIILyh8SCle.JAb/qYIkROl.WEn7VISeO5X98jJVwRO', NULL, 0, '2023-11-06 10:13:03.839', 'Diabetic Retinopathy', 'Diabetic Retinopathy', true, 0, 'b8aa2410-c5ae-11ed-afa1-0242ac120003');
INSERT INTO public.medical_case VALUES ('MedicalCase', '7ec5a58e-ca6c-4bb7-b536-8cb4de72ba45', NULL, NULL, NULL, NULL, '', '2023-11-06 11:19:17.110146', false, '2023-11-06 17:41:12.709', false, true, NULL, 1, '$2a$12$MDnofLJT8LrIILyh8SCle.2XQV5ohZuEoMU5vIUrCKA1cc7.4cPlK', NULL, 0, '2023-11-06 11:19:17.11', 'Epiretinal membrane', 'Epiretinal membrane', true, 0, 'b8aa2410-c5ae-11ed-afa1-0242ac120001');
INSERT INTO public.medical_case VALUES ('MedicalCase', '73689614-83b8-4927-83b2-7c3ada4d4395', NULL, NULL, NULL, NULL, '', '2023-11-06 10:57:58.033872', false, '2023-11-06 18:14:28.48', false, true, NULL, 1, '$2a$12$MDnofLJT8LrIILyh8SCle.OQz/jIYQrfdAhIcY1HFu76PFvonEWVa', NULL, 0, '2023-11-06 10:57:58.033', 'Epiretinal membrane', 'Epiretinal membrane', true, 0, 'b8aa2410-c5ae-11ed-afa1-0242ac120002');
INSERT INTO public.medical_case VALUES ('MedicalCase', 'aa0326dd-8e24-4318-901a-901301c9bde6', NULL, NULL, NULL, 'S-0.68_D0.00__P_[''C0'']_1000images_0.0.Normal_1ffa9658-8d87-11e8-9daf-6045cb817f5b..JPG', 'No additional information', '2023-11-06 17:00:00.738596', true, '2023-11-06 19:18:17.24', false, true, NULL, 0, '$2a$12$26f426a6-59d2-4b0f-b7de-dc869b793ab0152bd096-c740-47', NULL, 10, '2023-11-06 17:00:00.738', 'Normal', 'Normal', true, 0, 'b8aa2410-c5ae-11ed-afa1-0242ac120004');
INSERT INTO public.medical_case VALUES ('MedicalCase', 'a6116823-8059-4eee-b44a-ae674caecb98', NULL, NULL, NULL, 'S-0.09_D0.49__P_[''C18'']_rfmid_small_testing_341.png', 'No additional information', '2023-11-05 17:00:00.714627', true, '2023-11-06 19:24:32.457', false, true, NULL, 0, '$2a$12$5a9410e3-6993-423c-8adb-2529f4e554d744eb1401-0f25-41', NULL, 0, '2023-11-05 17:00:00.714', 'Optic disc edema', 'Optic disc edema', true, 0, 'b8aa2410-c5ae-11ed-afa1-0242ac120004');
INSERT INTO public.medical_case VALUES ('MedicalCase', 'd5716c58-3f7b-4182-9c0d-d2ed46abfe07', NULL, NULL, NULL, 'S0.00_D1.47__P_[]_odir_all_1195_left.jpg', 'No additional information', '2023-11-04 17:00:00.683988', true, '2023-11-06 19:29:38.251', false, true, NULL, 0, '$2a$12$615b65a2-76ff-4804-aa7a-3dd2984f01ef29ed3d79-4196-49', NULL, 0, '2023-11-04 17:00:00.683', 'Epiretinal membrane', 'Physiologic large optic cup', true, 0, 'b8aa2410-c5ae-11ed-afa1-0242ac120004');
INSERT INTO public.medical_case VALUES ('MedicalCase', '8453f68b-cb44-4718-ac09-5fba0e1b42e9', NULL, NULL, NULL, 'NU_S0.00_D1.46__P_[''C0'', ''diabet'']_odir_all_4258_left.jpg', 'No additional information', '2023-11-05 17:00:00.791666', true, '2023-11-06 18:15:59.433', false, true, NULL, 0, '$2a$12$dd5a0fb5-fd9b-477d-88dd-e38449663e8e780d5535-c31c-48', NULL, 10, '2023-11-05 17:00:00.791', 'Diabetic Retinopathy', 'Other diagnosis', true, 0, 'b8aa2410-c5ae-11ed-afa1-0242ac120002');
INSERT INTO public.medical_case VALUES ('MedicalCase', '74571983-5caf-4b62-8b23-19c9171a7073', NULL, NULL, NULL, 'S-1.00_D0.00__P_[''C10'']_rfmid_small_training_1443.png', 'No additional information', '2023-11-07 17:00:00.708673', true, NULL, false, false, NULL, 0, '$2a$12$2eb3a131-fb87-4583-84a2-42f90e52798889084ce1-f7fb-44', NULL, 1, '2023-11-07 17:00:00.708673', 'Vitreous degeneration (PVD + Vitreous liquefaction) & Asteroid hyalosis & Synchysis scintillans', NULL, false, 0, 'b8aa2410-c5ae-11ed-afa1-0242ac120005');
INSERT INTO public.medical_case VALUES ('MedicalCase', 'dadebaed-6684-40ff-898c-b47cbf5645a7', NULL, NULL, NULL, 'S0.00_D0.00__P_[''C19'']_odir_all_822_right.jpg', 'No additional information', '2023-11-07 17:00:00.807268', true, '2023-11-07 17:18:40.664', false, true, NULL, 0, '$2a$12$247f5a05-6517-4544-a647-91d47dcb99f63d8f351b-9fce-4e', NULL, 0, '2023-11-07 17:00:00.807', 'Myelinated Retinal Nerve Fiber Layer (MRNF)', 'Myelinated Retinal Nerve Fiber Layer (MRNF)', true, 0, 'b8aa2410-c5ae-11ed-afa1-0242ac120001');
INSERT INTO public.medical_case VALUES ('MedicalCase', '20d5823b-4fc5-4e31-b2c5-b99977713a2d', NULL, NULL, NULL, 'NOU_S0.00_D1.17__P_[''diabet'']_odir_all_791_right.jpg', 'No additional information', '2023-11-08 17:00:00.708266', true, '2023-11-08 20:18:28.321', false, true, NULL, 0, '$2a$12$8c1226c2-624a-4e4c-a824-7aa7af51296749775870-17a3-4e', NULL, 0, '2023-11-08 17:00:00.708', 'Diabetic Retinopathy', 'Diabetic Retinopathy', true, 0, 'b8aa2410-c5ae-11ed-afa1-0242ac120004');
INSERT INTO public.medical_case VALUES ('MedicalCase', '43eafe29-d95c-4cd9-bbd1-521192509e14', NULL, NULL, NULL, 'S1.00_D1.34__P_[]_rfmid_small_training_89.png', 'No additional information', '2023-11-07 17:00:00.846911', true, '2023-11-10 19:11:33.369', false, true, NULL, 0, '$2a$12$982f433f-4251-4d75-9c88-a34100c35e2bd860b7b9-3977-43', NULL, 0, '2023-11-07 17:00:00.846', 'Central serous chorioretinopathy', 'Central serous chorioretinopathy', true, 0, 'b8aa2410-c5ae-11ed-afa1-0242ac120002');
INSERT INTO public.medical_case VALUES ('MedicalCase', '46ec44e7-b0b2-4ecb-b498-ce355319b46c', NULL, NULL, NULL, 'S-0.36_D0.38__P_[''C10'']_1000images_18.Vitreous particles_202efd42-8d87-11e8-9daf-6045cb817f5b..JPG', 'No additional information', '2023-11-07 17:00:00.743141', true, '2023-11-07 17:35:05.565', false, true, NULL, 0, '$2a$12$12a447b4-b73e-4e1b-a2df-76e2b3525a02f2b5d18f-72cf-43', NULL, 0, '2023-11-07 17:00:00.743', 'Vitreous degeneration (PVD + Vitreous liquefaction) & Asteroid hyalosis & Synchysis scintillans', 'Vitreous degeneration (PVD + Vitreous liquefaction) & Asteroid hyalosis & Synchysis scintillans', true, 0, 'b8aa2410-c5ae-11ed-afa1-0242ac120003');
INSERT INTO public.medical_case VALUES ('MedicalCase', '0eeac27c-bebf-4654-ac3f-7a43952b6d05', NULL, NULL, NULL, 'S1.00_D1.33__P_[]_rfmid_small_training_124.png', 'No additional information', '2023-11-08 17:00:00.731349', true, '2023-11-08 22:13:28.53', false, true, NULL, 0, '$2a$12$13efc395-62ea-47e1-8835-03319e352736d990a55c-ef4d-4a', NULL, 0, '2023-11-08 17:00:00.731', 'Drusen', 'Diabetic Retinopathy', true, 0, 'b8aa2410-c5ae-11ed-afa1-0242ac120001');
INSERT INTO public.medical_case VALUES ('MedicalCase', '5c283633-aad8-48c1-8c96-3d2f1e8f2bcf', NULL, NULL, NULL, 'S-1.00_D0.00__P_[''C32'']_rfmid_small_training_58.png', 'No additional information', '2023-11-07 17:00:00.773693', true, '2023-11-07 20:30:19.99', false, true, NULL, 0, '$2a$12$1fa229c4-2d55-44fb-8156-225837205695cc9b5317-fd29-48', NULL, 0, '2023-11-07 17:00:00.773', 'Central retinal vein occlusion', 'Central retinal vein occlusion', true, 0, 'b8aa2410-c5ae-11ed-afa1-0242ac120004');
INSERT INTO public.medical_case VALUES ('MedicalCase', '67172891-ccb2-42e0-bf15-034e4148dd1c', NULL, NULL, NULL, 'NU_S0.00_D1.02__P_[]_odir_all_2048_right.jpg', 'No additional information', '2023-11-08 17:00:00.646255', true, NULL, false, false, NULL, 0, '$2a$12$0a19dff3-b537-4aeb-a67f-28096a13ad491026de29-0f84-4f', NULL, 1, '2023-11-08 17:00:00.646255', 'Glaucoma', NULL, false, 0, 'b8aa2410-c5ae-11ed-afa1-0242ac120005');
INSERT INTO public.medical_case VALUES ('MedicalCase', '8b08fec0-57d6-42d8-b7a6-e2ad5a5788b0', NULL, NULL, NULL, NULL, '', '2023-11-09 10:28:26.116006', false, NULL, false, false, NULL, 1, '$2a$12$MDnofLJT8LrIILyh8SCle.zZc8DT6iLK46CWC1E7s8jG1tlhysfnO', NULL, 1, '2023-11-09 10:28:26.116', 'Age-Related Macular Degeneration (AMD)', 'Normal', false, 0, 'b8aa2410-c5ae-11ed-afa1-0242ac120005');
INSERT INTO public.medical_case VALUES ('VirtualCase', 'a23f2e3f-64ef-4e5f-8e79-254608589936', NULL, NULL, NULL, 'NOU_S0.00_D0.02__P_[''C1'']_odir_all_1075_left.jpg', 'No additional information', NULL, true, NULL, false, false, NULL, 0, '$2a$12$c64d5404-c171-4675-84b3-86255ab1bdf307c36bc8-60df-49', NULL, 1, NULL, 'Age-Related Macular Degeneration (AMD)', NULL, false, 0, NULL);
INSERT INTO public.medical_case VALUES ('MedicalCase', '12ecf02f-cb68-45df-89d3-7f5ee2bf5f2a', NULL, NULL, NULL, 'S0.00_D1.22__P_[]_odir_all_91_right.jpg', 'No additional information', '2023-11-08 17:00:00.673664', true, '2023-11-08 19:08:18.649', false, true, NULL, 0, '$2a$12$b36dcb6c-0722-4e14-9af5-5ec2a9095e0bbde61095-de35-40', NULL, 0, '2023-11-08 17:00:00.673', 'Myelinated Retinal Nerve Fiber Layer (MRNF)', 'Myelinated Retinal Nerve Fiber Layer (MRNF)', true, 0, 'b8aa2410-c5ae-11ed-afa1-0242ac120003');
INSERT INTO public.medical_case VALUES ('VirtualCase', 'ed3bc754-1faf-4dcf-8f60-7e95ffcfe931', NULL, NULL, NULL, 'NOU_S0.00_D0.02__P_[''C1'']_odir_all_43_left.jpg', 'No additional information', NULL, true, NULL, false, false, NULL, 0, '$2a$12$7114ca0c-4a19-4f67-a90b-396294f92e6df74c23e0-e45b-4f', NULL, 1, NULL, 'Age-Related Macular Degeneration (AMD)', NULL, false, 0, NULL);
INSERT INTO public.medical_case VALUES ('VirtualCase', '9d6486b9-cda8-4200-811b-5bbaa33a706f', NULL, NULL, NULL, 'NOU_S0.00_D0.08__P_[''C1'']_odir_all_1835_left.jpg', 'No additional information', NULL, true, NULL, false, false, NULL, 0, '$2a$12$c9033adb-996e-4ff0-bf45-55537de84c4d758dd086-55b1-4d', NULL, 1, NULL, 'Age-Related Macular Degeneration (AMD)', NULL, false, 0, NULL);
INSERT INTO public.medical_case VALUES ('VirtualCase', '13f56121-19e0-4af4-a41d-c1f77ccbf3a7', NULL, NULL, NULL, 'S-0.96_D1.12__P_[''C1'', ''C9'']_rfmid_small_validation_205.png', 'No additional information', NULL, true, NULL, false, false, NULL, 0, '$2a$12$55b5a4da-8c74-46c0-8f91-8fcca9901d626e65cbf3-dfbd-4c', NULL, 1, NULL, 'Age-Related Macular Degeneration (AMD)', NULL, false, 0, NULL);
INSERT INTO public.medical_case VALUES ('VirtualCase', '05e0b8c5-fcb2-417c-97ae-a412733a57f8', NULL, NULL, NULL, 'S-1.02_D1.27__P_[''C1'', ''C9'']_rfmid_small_training_755.png', 'No additional information', NULL, true, NULL, false, false, NULL, 0, '$2a$12$c0b58c14-7fb8-4837-8b36-f49f9f1efd5e9e97aaf3-5cff-47', NULL, 1, NULL, 'Age-Related Macular Degeneration (AMD)', NULL, false, 0, NULL);
INSERT INTO public.medical_case VALUES ('MedicalCase', '3ea4687a-ab3b-4bc0-9814-fe6860135649', NULL, NULL, NULL, 'S-0.78_D0.47__P_[''C32'']_rfmid_small_testing_413.png', 'No additional information', '2023-11-08 17:00:00.753875', true, '2023-11-10 19:12:15.918', false, true, NULL, 0, '$2a$12$0346fd60-2c23-46ef-9a06-05c38e458a550517a068-86c5-4c', NULL, 0, '2023-11-08 17:00:00.753', 'Central retinal vein occlusion', 'Optic disc edema', true, 0, 'b8aa2410-c5ae-11ed-afa1-0242ac120002');
INSERT INTO public.medical_case VALUES ('VirtualCase', '98cfcca7-6462-4333-8313-f0b565d93368', NULL, NULL, NULL, 'S0.00_D0.14__P_[''C1'']_odir_all_1064_left.jpg', 'No additional information', NULL, true, NULL, false, false, NULL, 0, '$2a$12$913addf7-b388-4e25-a019-8868c44299b46f3ffb9b-b102-4e', NULL, 1, NULL, 'Age-Related Macular Degeneration (AMD)', NULL, false, 0, NULL);
INSERT INTO public.medical_case VALUES ('MedicalCase', '057e13aa-6031-40c6-ad3b-4a3d082d0fc0', NULL, NULL, NULL, 'S0.00_D1.86__P_[''C1'', ''C8'']_odir_all_334_right.jpg', 'No additional information', '2023-11-14 17:00:00.719743', true, NULL, false, false, NULL, 0, '$2a$12$ad8019e7-047b-4823-8ca8-487f1d5ef032fa3cb0ef-361c-48', NULL, 1, '2023-11-14 17:00:00.719743', 'Drusen', NULL, false, 0, 'b8aa2410-c5ae-11ed-afa1-0242ac120005');
INSERT INTO public.medical_case VALUES ('VirtualCase', '96899b0b-f5af-4cea-9c45-0e0b2ceb6a41', NULL, NULL, NULL, 'S0.00_D0.22__P_[''C1'']_odir_all_1837_right.jpg', 'No additional information', NULL, true, NULL, false, false, NULL, 0, '$2a$12$6218defe-23d1-4ad3-bca5-89b5c22816a5b45c89b9-0eeb-48', NULL, 1, NULL, 'Age-Related Macular Degeneration (AMD)', NULL, false, 0, NULL);
INSERT INTO public.medical_case VALUES ('MedicalCase', 'a4e121f9-5482-4b82-8bf3-2669a3e45019', NULL, NULL, NULL, 'S-0.03_D0.72__P_[''C11'']_rfmid_small_training_691.png', 'No additional information', '2023-11-14 17:00:00.744482', true, '2023-11-14 17:15:57.793', false, true, NULL, 0, '$2a$12$bd6bb816-ad82-4d6d-9630-01ffcdcf9185b3a66b3e-685a-4a', NULL, 0, '2023-11-14 17:00:00.744', 'Branch retinal vein occlusion', 'Branch retinal vein occlusion', true, 0, 'b8aa2410-c5ae-11ed-afa1-0242ac120003');
INSERT INTO public.medical_case VALUES ('MedicalCase', 'dfc58661-655f-45fe-afa5-288d696374f7', NULL, NULL, NULL, 'NOU_S0.00_D1.43__P_[''C0'', ''C14'']_odir_all_402_right.jpg', 'No additional information', '2023-11-14 17:00:00.797953', true, '2023-11-14 19:07:06.673', false, true, NULL, 0, '$2a$12$a3c2bc1e-b1df-486d-bb70-a7b3582440370072043c-a2bf-45', NULL, 0, '2023-11-14 17:00:00.797', 'Drusen', 'Drusen', true, 0, 'b8aa2410-c5ae-11ed-afa1-0242ac120002');
INSERT INTO public.medical_case VALUES ('MedicalCase', 'c52f4a7e-72d3-4d24-b110-52fa80e71dc5', NULL, NULL, NULL, 'S-1.00_D0.00__P_[''C13'']_1000images_0.2.Large optic cup_1ffa94c4-8d87-11e8-9daf-6045cb817f5b..JPG', 'No additional information', '2023-11-14 17:00:00.771945', true, '2023-11-14 19:31:47.813', false, true, NULL, 0, '$2a$12$c2f0ed9a-ff9f-4da3-9fa7-5c778c49831b262d43a8-2353-43', NULL, 0, '2023-11-14 17:00:00.771', 'Physiologic large optic cup', 'Physiologic large optic cup', true, 0, 'b8aa2410-c5ae-11ed-afa1-0242ac120004');
INSERT INTO public.medical_case VALUES ('VirtualCase', '3358cd9f-6950-497e-a16e-48f525c5cf61', NULL, NULL, NULL, 'S0.00_D0.39__P_[''diabet'']_odir_all_1857_left.jpg', 'No additional information', NULL, true, NULL, false, false, NULL, 0, '$2a$12$d2abb6e3-3c9b-4378-8ffa-05bd24ca35c05d4c14dd-0a4d-42', NULL, 1, NULL, 'Age-Related Macular Degeneration (AMD)', NULL, false, 0, NULL);
INSERT INTO public.medical_case VALUES ('MedicalCase', 'ccfbb42e-889a-43a7-a1a7-0a9277285531', NULL, NULL, NULL, 'S-0.23_D0.19__P_[''C9'']_1000images_0.1.Tessellated fundus_1ffa957f-8d87-11e8-9daf-6045cb817f5b..JPG', 'No additional information', '2023-11-15 17:00:00.855024', true, NULL, false, false, NULL, 0, '$2a$12$80a1bb1e-8934-4910-b697-5cfde6c9f604efd20336-4f60-4f', NULL, 1, '2023-11-15 17:00:00.855024', 'Tessellated fundus', NULL, false, 0, 'b8aa2410-c5ae-11ed-afa1-0242ac120005');
INSERT INTO public.medical_case VALUES ('VirtualCase', '27b75c29-1c76-4567-8971-c44c8323373b', NULL, NULL, NULL, 'S0.00_D1.11__P_[]_odir_all_1854_left.jpg', 'No additional information', NULL, true, NULL, false, false, NULL, 0, '$2a$12$c9ca55d7-9899-4f64-827f-06ee1ea87e9760131f22-12d7-40', NULL, 1, NULL, 'Age-Related Macular Degeneration (AMD)', NULL, false, 0, NULL);
INSERT INTO public.medical_case VALUES ('MedicalCase', '6232ccf5-133b-4781-b3b1-22b1c90255f5', NULL, NULL, NULL, 'S0.00_D0.17__P_[''diabet'']_odir_all_1045_right.jpg', 'No additional information', '2023-11-15 17:00:00.922613', true, NULL, false, false, NULL, 0, '$2a$12$72f3a9ee-50d8-45f0-84a2-0b308dcfb4c09edbee00-2f58-4f', NULL, 1, '2023-11-15 17:00:00.922613', 'Hypertensive Retinopathy', NULL, false, 0, 'b8aa2410-c5ae-11ed-afa1-0242ac120004');
INSERT INTO public.medical_case VALUES ('VirtualCase', 'f8a093d8-b6d2-43e0-8c68-ea4a33cdbeeb', NULL, NULL, NULL, 'S-0.00_D0.26__P_[''C13'']_rfmid_small_training_1908.png', 'No additional information', NULL, true, NULL, false, false, NULL, 0, '$2a$12$59f11fb6-3983-4465-b39c-015d5f7263777e9d1317-74fb-48', NULL, 1, NULL, 'Branch retinal vein occlusion', NULL, false, 0, NULL);
INSERT INTO public.medical_case VALUES ('VirtualCase', 'a1b96ee0-5b7d-4746-80b4-c562e6abb502', NULL, NULL, NULL, 'S-1.00_D0.00__P_[''C11'']_1000images_2.0.BRVO_1ffa95f8-8d87-11e8-9daf-6045cb817f5b..JPG', 'No additional information', NULL, true, NULL, false, false, NULL, 0, '$2a$12$859884cc-feda-4e7d-8deb-d1dcda25fa5bed489506-64a9-4b', NULL, 1, NULL, 'Branch retinal vein occlusion', NULL, false, 0, NULL);
INSERT INTO public.medical_case VALUES ('MedicalCase', 'd3d4f0d9-be9b-4abe-b566-b702fe584d6b', NULL, NULL, NULL, 'S-1.00_D0.00__P_[''C32'']_1000images_2.1.CRVO_202efd1a-8d87-11e8-9daf-6045cb817f5b..JPG', 'No additional information', '2023-11-15 17:00:00.880484', true, '2023-11-15 17:18:34.98', false, true, NULL, 0, '$2a$12$50e2c136-c15a-41c0-9557-e5615ac29c116bac1f95-0ce4-46', NULL, 0, '2023-11-15 17:00:00.88', 'Central retinal vein occlusion', 'Central retinal vein occlusion', true, 0, 'b8aa2410-c5ae-11ed-afa1-0242ac120003');
INSERT INTO public.medical_case VALUES ('MedicalCase', 'c6cfc423-33c3-4a96-b375-0741cd03d9a3', NULL, NULL, NULL, 'S1.00_D1.59__P_[]_rfmid_small_testing_414.png', 'No additional information', '2023-11-15 17:00:00.955645', true, '2023-11-15 20:30:04.321', false, true, NULL, 0, '$2a$12$26a37a4f-b281-44e5-bd17-cf97e3295f7874021ad3-4d00-4a', NULL, 10, '2023-11-15 17:00:00.955', 'Pathological Myopia', 'Other diagnosis', true, 0, 'b8aa2410-c5ae-11ed-afa1-0242ac120002');
INSERT INTO public.medical_case VALUES ('MedicalCase', 'ac3d4294-f540-4c10-943d-9d426a5402fa', NULL, NULL, NULL, 'S-0.41_D0.01__P_[''C14'']_rfmid_small_validation_226.png', 'No additional information', '2023-11-15 17:00:00.821969', true, '2023-11-15 20:59:23.615', false, true, NULL, 0, '$2a$12$12ca2881-23bf-47f0-bf8e-01069ba5610bfbefdf9c-fd3c-4b', NULL, 0, '2023-11-15 17:00:00.821', 'Optic disc edema', 'Epiretinal membrane', true, 0, 'b8aa2410-c5ae-11ed-afa1-0242ac120001');
INSERT INTO public.medical_case VALUES ('VirtualCase', 'a1f77084-b14c-4b6b-ade0-d0118d56d14f', NULL, NULL, NULL, 'S0.00_D0.00__P_[''C11'']_odir_all_869_right.jpg', 'No additional information', NULL, true, NULL, false, false, NULL, 0, '$2a$12$56a4dc2f-b14e-404f-8ef9-0a08c441cb1e36353491-0c2e-40', NULL, 1, NULL, 'Branch retinal vein occlusion', NULL, false, 0, NULL);
INSERT INTO public.medical_case VALUES ('VirtualCase', '4b1b2c8c-1ec5-461b-97b2-65fab5f181fb', NULL, NULL, NULL, 'S1.00_D0.12__P_[''C15'']_rfmid_small_testing_290.png', 'No additional information', NULL, true, NULL, false, false, NULL, 0, '$2a$12$f80d469d-26f4-416f-ba47-c743cc384a9e49b7ab38-0782-40', NULL, 1, NULL, 'Branch retinal vein occlusion', NULL, false, 0, NULL);
INSERT INTO public.medical_case VALUES ('VirtualCase', 'c5a32838-f961-471c-a14f-8e45b8c0af55', NULL, NULL, NULL, 'S-1.00_D0.00__P_[''C32'']_rfmid_small_training_1434.png', 'No additional information', NULL, true, NULL, false, false, NULL, 0, '$2a$12$b85bb2da-2217-4b9a-b492-1c841dc0c294db6fdb71-a7df-41', NULL, 1, NULL, 'Central retinal vein occlusion', NULL, false, 0, NULL);
INSERT INTO public.medical_case VALUES ('VirtualCase', 'aae20596-b88d-49d4-936a-e7fe0905b17e', NULL, NULL, NULL, 'S-1.00_D0.00__P_[''C32'']_rfmid_small_validation_432.png', 'No additional information', NULL, true, NULL, false, false, NULL, 0, '$2a$12$2a0720ed-5961-48d8-8f9e-061dcaccb98e5b4492f4-c2be-41', NULL, 1, NULL, 'Central retinal vein occlusion', NULL, false, 0, NULL);
INSERT INTO public.medical_case VALUES ('VirtualCase', '43d6b473-25ee-4d5d-8af4-c15b413cb14d', NULL, NULL, NULL, 'S-1.00_D0.01__P_[''C32'']_rfmid_small_training_727.png', 'No additional information', NULL, true, NULL, false, false, NULL, 0, '$2a$12$db401bac-fa4d-4d4a-b9de-15daa9f7614c66346918-aac2-42', NULL, 1, NULL, 'Central retinal vein occlusion', NULL, false, 0, NULL);
INSERT INTO public.medical_case VALUES ('VirtualCase', 'efc152bc-7a65-403e-a8ce-84b07c08376e', NULL, NULL, NULL, 'S-1.00_D0.15__P_[''C32'']_rfmid_small_training_338.png', 'No additional information', NULL, true, NULL, false, false, NULL, 0, '$2a$12$938c1675-09d8-41b5-b519-0b78e42dae1ff4cef639-8d8f-40', NULL, 1, NULL, 'Central retinal vein occlusion', NULL, false, 0, NULL);
INSERT INTO public.medical_case VALUES ('VirtualCase', '3adc96f7-3e52-4589-adbd-1d966df6b85c', NULL, NULL, NULL, 'S-1.00_D0.38__P_[''C32'']_rfmid_small_training_1260.png', 'No additional information', NULL, true, NULL, false, false, NULL, 0, '$2a$12$039006f4-50cc-4baa-924d-0c4a39b081deb3c7cff2-4b77-41', NULL, 1, NULL, 'Central retinal vein occlusion', NULL, false, 0, NULL);
INSERT INTO public.medical_case VALUES ('VirtualCase', '03e27418-62cc-427e-82f7-3c7df62cbf58', NULL, NULL, NULL, 'S-1.00_D1.02__P_[''C11'', ''C32'']_rfmid_small_testing_324.png', 'No additional information', NULL, true, NULL, false, false, NULL, 0, '$2a$12$da3902f5-2dc4-4d9f-a730-5b89686d1d4e712adfac-c87d-44', NULL, 1, NULL, 'Central retinal vein occlusion', NULL, false, 0, NULL);
INSERT INTO public.medical_case VALUES ('VirtualCase', '71e7e971-8415-4250-a07b-65e3c41a17ff', NULL, NULL, NULL, 'S-0.05_D0.28__P_[''C11'']_rfmid_small_training_806.png', 'No additional information', NULL, true, NULL, false, false, NULL, 0, '$2a$12$f8ed0b28-eea1-40b6-b45b-54bfb066b50ef66e9410-be5a-43', NULL, 1, NULL, 'Central serous chorioretinopathy', NULL, false, 0, NULL);
INSERT INTO public.medical_case VALUES ('VirtualCase', '5c067bfd-9060-4a7d-8256-c00133ec575f', NULL, NULL, NULL, 'S-0.19_D0.64__P_[''C27'']_rfmid_small_training_423.png', 'No additional information', NULL, true, NULL, false, false, NULL, 0, '$2a$12$32b5995f-e686-4614-afe2-adcf13802a119c5e9e33-04ec-43', NULL, 1, NULL, 'Central serous chorioretinopathy', NULL, false, 0, NULL);
INSERT INTO public.medical_case VALUES ('VirtualCase', '5fb2e600-66f9-48a2-ae44-3a5b898f93af', NULL, NULL, NULL, 'S-0.45_D0.46__P_[''C27'']_rfmid_small_training_764.png', 'No additional information', NULL, true, NULL, false, false, NULL, 0, '$2a$12$2869a4be-7a70-4421-aad1-eb33cc0c239d6302cd25-fdf0-41', NULL, 1, NULL, 'Central serous chorioretinopathy', NULL, false, 0, NULL);
INSERT INTO public.medical_case VALUES ('VirtualCase', '2b19c0bf-81e1-4ff7-b94e-0e313f29a9e8', NULL, NULL, NULL, 'S-0.47_D0.00__P_[''C27'']_1000images_5.0.CSCR_1ffa9671-8d87-11e8-9daf-6045cb817f5b..JPG', 'No additional information', NULL, true, NULL, false, false, NULL, 0, '$2a$12$cca116cb-d228-4811-829d-6b741e4949d7fa53d0b3-e80b-43', NULL, 1, NULL, 'Central serous chorioretinopathy', NULL, false, 0, NULL);
INSERT INTO public.medical_case VALUES ('VirtualCase', '6c08102d-4feb-4811-8927-395aec0f80c2', NULL, NULL, NULL, 'S-0.54_D0.02__P_[''C27'']_rfmid_small_testing_54.png', 'No additional information', NULL, true, NULL, false, false, NULL, 0, '$2a$12$8780e10d-d121-4299-b335-394b141ed716bf9a0ae9-fe45-46', NULL, 1, NULL, 'Central serous chorioretinopathy', NULL, false, 0, NULL);
INSERT INTO public.medical_case VALUES ('VirtualCase', '3e2d67c9-cb33-46b9-9acb-7d6a3a600d6e', NULL, NULL, NULL, 'S-0.56_D0.02__P_[''C27'']_1000images_5.0.CSCR_1ffa9676-8d87-11e8-9daf-6045cb817f5b..JPG', 'No additional information', NULL, true, NULL, false, false, NULL, 0, '$2a$12$6649b595-1f69-4320-b34f-80fb2f90e6343d48609c-00af-40', NULL, 1, NULL, 'Central serous chorioretinopathy', NULL, false, 0, NULL);
INSERT INTO public.medical_case VALUES ('VirtualCase', '628acec9-9763-4095-9333-9cf804e57241', NULL, NULL, NULL, 'S-0.58_D0.01__P_[''C27'']_rfmid_small_training_592.png', 'No additional information', NULL, true, NULL, false, false, NULL, 0, '$2a$12$a2f439fa-f2a9-469d-9ccf-e7fdb5662a9860d6e0fe-ecd9-45', NULL, 1, NULL, 'Central serous chorioretinopathy', NULL, false, 0, NULL);
INSERT INTO public.medical_case VALUES ('MedicalCase', '2230238c-cd7b-4fc5-8e0b-4dbd91b0357f', NULL, NULL, NULL, 'NOU_S0.00_D0.38__P_[''C8'']_odir_all_1561_right.jpg', 'No additional information', '2023-11-14 17:00:00.687264', true, '2023-11-15 20:55:53.381', false, true, NULL, 0, '$2a$12$41501ba3-eac7-46c7-a666-5e71d54c2c1a8e1ae03e-f342-4b', NULL, 0, '2023-11-14 17:00:00.687', 'Pathological Myopia', 'Pathological Myopia', true, 0, 'b8aa2410-c5ae-11ed-afa1-0242ac120001');
INSERT INTO public.medical_case VALUES ('VirtualCase', 'c1f9e04e-6c39-4609-b2be-64f0cb0ebb13', NULL, NULL, NULL, 'S-1.00_D0.22__P_[''C27'']_rfmid_small_training_87.png', 'No additional information', NULL, true, NULL, false, false, NULL, 0, '$2a$12$8251fdb8-d0e3-481e-8f50-e4443530196b66c2c990-1af3-4d', NULL, 1, NULL, 'Central serous chorioretinopathy', NULL, false, 0, NULL);
INSERT INTO public.medical_case VALUES ('VirtualCase', '24d6b7f5-c3e4-40f8-adda-0192e9c826b2', NULL, NULL, NULL, 'NU_S0.00_D1.55__P_[]_odir_all_4_right.jpg', 'No additional information', NULL, true, NULL, false, false, NULL, 0, '$2a$12$10c1fdef-4cb5-46f0-a147-9f54934fe8a2f8757b93-1ea0-46', NULL, 1, NULL, 'Diabetic Retinopathy', NULL, false, 0, NULL);
INSERT INTO public.medical_case VALUES ('VirtualCase', 'b9d21012-34c3-4d4a-bae6-257e1101cab4', NULL, NULL, NULL, 'S-1.00_D0.00__P_[''diabet'']_1000images_1.0.DR2_1ffa93c1-8d87-11e8-9daf-6045cb817f5b..JPG', 'No additional information', NULL, true, NULL, false, false, NULL, 0, '$2a$12$faa68b44-61d4-46af-95a1-4bcec58d8d6f5213859f-5f1c-44', NULL, 1, NULL, 'Diabetic Retinopathy', NULL, false, 0, NULL);
INSERT INTO public.medical_case VALUES ('VirtualCase', '797e2e92-5790-4c87-8646-fc0ff5fae92c', NULL, NULL, NULL, 'S-1.00_D0.00__P_[''diabet'']_1000images_1.0.DR2_1ffa93e3-8d87-11e8-9daf-6045cb817f5b..JPG', 'No additional information', NULL, true, NULL, false, false, NULL, 0, '$2a$12$32cd5e7f-d868-4c16-b81c-0a5704b5d90c99da9b69-6c7d-41', NULL, 1, NULL, 'Diabetic Retinopathy', NULL, false, 0, NULL);
INSERT INTO public.medical_case VALUES ('VirtualCase', '25fe6ce7-bca9-4ceb-a88c-d6c407cd52af', NULL, NULL, NULL, 'S-1.00_D0.00__P_[''diabet'']_odir_all_4492_right.jpg', 'No additional information', NULL, true, NULL, false, false, NULL, 0, '$2a$12$b47999e8-b97d-4f15-a2f3-18156e95494838629e5f-7be8-49', NULL, 1, NULL, 'Diabetic Retinopathy', NULL, false, 0, NULL);
INSERT INTO public.medical_case VALUES ('VirtualCase', '0f99e10e-1b70-4977-90da-b4623d2c380b', NULL, NULL, NULL, 'S0.00_D0.11__P_[''diabet'']_odir_all_4679_right.jpg', 'No additional information', NULL, true, NULL, false, false, NULL, 0, '$2a$12$a991adec-d347-477b-8f43-da647b40b982da12394c-ecb0-4f', NULL, 1, NULL, 'Diabetic Retinopathy', NULL, false, 0, NULL);
INSERT INTO public.medical_case VALUES ('VirtualCase', 'f5e26d06-139a-42c8-a944-4996fc7ab3f2', NULL, NULL, NULL, 'S0.00_D1.46__P_[''C0'', ''diabet'']_odir_all_4255_left.jpg', 'No additional information', NULL, true, NULL, false, false, NULL, 0, '$2a$12$b65dd155-5065-41d9-a845-e9ed699a80ebe2fdb147-02a6-49', NULL, 1, NULL, 'Diabetic Retinopathy', NULL, false, 0, NULL);
INSERT INTO public.medical_case VALUES ('VirtualCase', '60a25ecb-f0ff-4b6c-8502-efc13bc24d3b', NULL, NULL, NULL, 'S0.03_D0.13__P_[''diabet'']_odir_all_4536_right.jpg', 'No additional information', NULL, true, NULL, false, false, NULL, 0, '$2a$12$a87ca1e7-b532-41cc-9aab-03a2792adee8ed560d18-6189-41', NULL, 1, NULL, 'Diabetic Retinopathy', NULL, false, 0, NULL);
INSERT INTO public.medical_case VALUES ('VirtualCase', '5cf349d6-aad6-434e-9ab6-b298b1cd765d', NULL, NULL, NULL, 'S0.06_D0.00__P_[''C0'']_odir_all_4603_right.jpg', 'No additional information', NULL, true, NULL, false, false, NULL, 0, '$2a$12$74086c03-e6ce-4c04-af30-6a15f1f0baa1f4b1b465-e4a3-47', NULL, 1, NULL, 'Diabetic Retinopathy', NULL, false, 0, NULL);
INSERT INTO public.medical_case VALUES ('VirtualCase', 'e0959d68-dc3c-40b4-bacf-0e92f704ff85', NULL, NULL, NULL, 'NOU_S0.00_D0.04__P_[''C14'']_odir_all_1877_right.jpg', 'No additional information', NULL, true, NULL, false, false, NULL, 0, '$2a$12$bca39cf0-fe5b-4f6a-92e6-21a3a8237d1113bc8fdb-285d-49', NULL, 1, NULL, 'Drusen', NULL, false, 0, NULL);
INSERT INTO public.medical_case VALUES ('MedicalCase', '5bd86a0c-20de-45f1-82e9-002ce7525a79', NULL, NULL, NULL, NULL, '+ OD: Senile cataract', '2023-11-16 10:56:44.183516', false, '2023-11-16 21:13:36.138', false, true, NULL, 1, '$2a$12$MDnofLJT8LrIILyh8SCle.ga/IiT275Ndbh5CGjfCntd6Mdt6djbC', NULL, 0, '2023-11-16 10:56:44.183', 'Branch retinal vein occlusion', 'Branch retinal vein occlusion', true, 0, 'b8aa2410-c5ae-11ed-afa1-0242ac120003');
INSERT INTO public.medical_case VALUES ('VirtualCase', '3eb5b2b1-5826-4fc6-aa5f-ead5a9c9ac5e', NULL, NULL, NULL, 'S-0.90_D1.00__P_[''C13'', ''C14'']_rfmid_small_training_831.png', 'No additional information', NULL, true, NULL, false, false, NULL, 0, '$2a$12$fc9af9e8-46b9-4359-9665-ffe6945ecea7eb90628f-bba5-4d', NULL, 1, NULL, 'Drusen', NULL, false, 0, NULL);
INSERT INTO public.medical_case VALUES ('VirtualCase', '8f8b7e06-d5ca-47df-ab7f-b4bcebccddd4', NULL, NULL, NULL, 'S-0.97_D1.00__P_[''C13'', ''C14'']_rfmid_small_validation_131.png', 'No additional information', NULL, true, NULL, false, false, NULL, 0, '$2a$12$04242a62-1950-4697-aa90-ef304485f4a29956ab8b-ad44-4f', NULL, 1, NULL, 'Drusen', NULL, false, 0, NULL);
INSERT INTO public.medical_case VALUES ('VirtualCase', 'd1aa93d1-bab7-4a15-bf5e-fc3e7d75f7c6', NULL, NULL, NULL, 'S-1.06_D1.06__P_[''C13'', ''C25'']_rfmid_small_training_824.png', 'No additional information', NULL, true, NULL, false, false, NULL, 0, '$2a$12$88dd91a0-f3d9-4469-96fd-a45bd5eed3b3c020a5bd-e7ba-40', NULL, 1, NULL, 'Drusen', NULL, false, 0, NULL);
INSERT INTO public.medical_case VALUES ('VirtualCase', 'aaa27099-d947-4897-b9f9-d79a6cf7af1a', NULL, NULL, NULL, 'NOU_S0.00_D0.40__P_[''C15'']_odir_all_6_left.jpg', 'No additional information', NULL, true, NULL, false, false, NULL, 0, '$2a$12$8dd942d1-e1ce-4f3e-8487-2179fba423e09161d66a-e041-4e', NULL, 1, NULL, 'Epiretinal membrane', NULL, false, 0, NULL);
INSERT INTO public.medical_case VALUES ('VirtualCase', 'fa0a3652-0129-4e1e-96ee-274e2c6284bc', NULL, NULL, NULL, 'NU_S1.00_D1.49__P_[]_rfmid_small_training_137.png', 'No additional information', NULL, true, NULL, false, false, NULL, 0, '$2a$12$9a897bfa-7188-48cd-a58b-4fc86169662aa9ad5369-99e7-48', NULL, 1, NULL, 'Epiretinal membrane', NULL, false, 0, NULL);
INSERT INTO public.medical_case VALUES ('VirtualCase', '66dc851c-4c69-46ee-b497-7e4cc4851197', NULL, NULL, NULL, 'S-0.17_D0.00__P_[''C15'']_rfmid_small_training_1559.png', 'No additional information', NULL, true, NULL, false, false, NULL, 0, '$2a$12$0bb8ba13-bfa5-43c4-966e-fee827e70a444438b5c6-0f65-4d', NULL, 1, NULL, 'Epiretinal membrane', NULL, false, 0, NULL);
INSERT INTO public.medical_case VALUES ('VirtualCase', '19752d0b-37b7-4622-b631-3dcac9e5255b', NULL, NULL, NULL, 'S0.00_D1.22__P_[]_odir_all_534_left.jpg', 'No additional information', NULL, true, NULL, false, false, NULL, 0, '$2a$12$744a7121-cfec-4935-9298-0e10b25d6ec0b4dad01b-6432-41', NULL, 1, NULL, 'Epiretinal membrane', NULL, false, 0, NULL);
INSERT INTO public.medical_case VALUES ('VirtualCase', '8d200ddb-e2cd-4162-be61-3d00fbcf6646', NULL, NULL, NULL, 'S0.00_D1.43__P_[''C15'', ''diabet'']_odir_all_580_right.jpg', 'No additional information', NULL, true, NULL, false, false, NULL, 0, '$2a$12$d1fab41a-4b0a-49ba-b1d0-87aca69732a0757ad92b-8f09-4d', NULL, 1, NULL, 'Epiretinal membrane', NULL, false, 0, NULL);
INSERT INTO public.medical_case VALUES ('VirtualCase', 'a9644448-74b3-47be-808b-f41f65613685', NULL, NULL, NULL, 'S1.00_D1.29__P_[]_1000images_7.ERM_1ffa932e-8d87-11e8-9daf-6045cb817f5b..JPG', 'No additional information', NULL, true, NULL, false, false, NULL, 0, '$2a$12$4c01b141-ae73-4752-9a1a-50ff17c8a5b64de8adc1-989e-45', NULL, 1, NULL, 'Epiretinal membrane', NULL, false, 0, NULL);
INSERT INTO public.medical_case VALUES ('MedicalCase', '39a27554-9f6c-4386-9917-f96a02ac5456', NULL, NULL, NULL, NULL, '', '2023-11-16 11:07:04.629554', false, '2023-11-16 20:25:56.412', false, true, NULL, 1, '$2a$12$MDnofLJT8LrIILyh8SCle.NuDW68U9VnmfxlWxsIkfWGrddwWX.w2', NULL, 0, '2023-11-16 11:07:04.629', 'Diabetic Retinopathy', 'Diabetic Retinopathy', true, 0, 'b8aa2410-c5ae-11ed-afa1-0242ac120001');
INSERT INTO public.medical_case VALUES ('VirtualCase', '75d20801-d77a-4769-a6ef-ece7b4fdc22a', NULL, NULL, NULL, 'S0.00_D1.01__P_[]_odir_all_1271_left.jpg', 'No additional information', NULL, true, NULL, false, false, NULL, 0, '$2a$12$3f101f2a-10c2-4ccb-b513-abf7be6e13aa05caccd5-04ee-4f', NULL, 1, NULL, 'Glaucoma', NULL, false, 0, NULL);
INSERT INTO public.medical_case VALUES ('VirtualCase', 'd65052bb-d556-407d-869a-fce2a92144c9', NULL, NULL, NULL, 'S0.00_D1.03__P_[]_odir_all_2074_left.jpg', 'No additional information', NULL, true, NULL, false, false, NULL, 0, '$2a$12$9a7ba516-de22-4def-a762-0854a993e858b31476db-8077-4a', NULL, 1, NULL, 'Glaucoma', NULL, false, 0, NULL);
INSERT INTO public.medical_case VALUES ('VirtualCase', '9ea8a4d3-ef37-4bdd-8d85-88d991edd193', NULL, NULL, NULL, 'S0.00_D1.10__P_[''C0'', ''C6'']_odir_all_1478_left.jpg', 'No additional information', NULL, true, NULL, false, false, NULL, 0, '$2a$12$674d0269-3d0a-4d05-b848-9c65c3829e44bf660311-ebad-4f', NULL, 1, NULL, 'Glaucoma', NULL, false, 0, NULL);
INSERT INTO public.medical_case VALUES ('VirtualCase', '10538b84-5b36-402f-bb25-90d5eb6987dd', NULL, NULL, NULL, 'S0.00_D1.13__P_[''C0'', ''C6'']_odir_all_1248_right.jpg', 'No additional information', NULL, true, NULL, false, false, NULL, 0, '$2a$12$4e7cc6c3-5691-462d-af5b-a669fb060c5eac989059-03da-4d', NULL, 1, NULL, 'Glaucoma', NULL, false, 0, NULL);
INSERT INTO public.medical_case VALUES ('VirtualCase', '9f050dd0-a3aa-4d28-9d19-1305ac7e19b9', NULL, NULL, NULL, 'S0.00_D1.48__P_[''C0'', ''C6'']_odir_all_1246_right.jpg', 'No additional information', NULL, true, NULL, false, false, NULL, 0, '$2a$12$ee3ef208-b18a-4e65-8bc5-bf49cd6cb4866339d957-f688-4f', NULL, 1, NULL, 'Glaucoma', NULL, false, 0, NULL);
INSERT INTO public.medical_case VALUES ('VirtualCase', 'db83d61a-74e4-4dc8-8a0a-435a2ed67454', NULL, NULL, NULL, 'S0.00_D0.00__P_[''C0'']_odir_all_1989_left.jpg', 'No additional information', NULL, true, NULL, false, false, NULL, 0, '$2a$12$f3e51753-c206-42d2-83ce-895340af5b6e306177c5-e1b7-40', NULL, 1, NULL, 'Hypertensive Retinopathy', NULL, false, 0, NULL);
INSERT INTO public.medical_case VALUES ('VirtualCase', '77dbe2df-40ef-4d8a-8340-69012a13a05d', NULL, NULL, NULL, 'S0.00_D0.00__P_[''C0'']_odir_all_323_right.jpg', 'No additional information', NULL, true, NULL, false, false, NULL, 0, '$2a$12$a4627627-3d16-465d-a11d-7cbcc59769f7ac692757-0c36-41', NULL, 1, NULL, 'Hypertensive Retinopathy', NULL, false, 0, NULL);
INSERT INTO public.medical_case VALUES ('VirtualCase', '0a36ff7b-e420-46eb-9e9b-fc25a21b6b0b', NULL, NULL, NULL, 'S0.00_D0.13__P_[''diabet'']_odir_all_32_right.jpg', 'No additional information', NULL, true, NULL, false, false, NULL, 0, '$2a$12$21da4d07-e865-4b38-9d1c-6895231b351e8959377e-f68a-47', NULL, 1, NULL, 'Hypertensive Retinopathy', NULL, false, 0, NULL);
INSERT INTO public.medical_case VALUES ('VirtualCase', 'cac73f60-e471-4a79-bf5b-310fa2c5804d', NULL, NULL, NULL, 'S0.00_D0.19__P_[''C0'']_odir_all_4559_left.jpg', 'No additional information', NULL, true, NULL, false, false, NULL, 0, '$2a$12$a108af89-93a6-43c8-ae10-263d8220af52f7eaaa05-16f3-48', NULL, 1, NULL, 'Hypertensive Retinopathy', NULL, false, 0, NULL);
INSERT INTO public.medical_case VALUES ('VirtualCase', '92d7d1e4-c93b-4316-b3f5-333aa9fa115a', NULL, NULL, NULL, 'S0.00_D0.19__P_[''C7'']_odir_all_777_right.jpg', 'No additional information', NULL, true, NULL, false, false, NULL, 0, '$2a$12$6892665d-e406-4c68-b07b-0b2f5cfe72dae99065bd-23e6-4e', NULL, 1, NULL, 'Hypertensive Retinopathy', NULL, false, 0, NULL);
INSERT INTO public.medical_case VALUES ('VirtualCase', '02135399-f9bf-45e9-b670-85cc8afbe98d', NULL, NULL, NULL, 'S0.00_D0.19__P_[''diabet'']_odir_all_32_left.jpg', 'No additional information', NULL, true, NULL, false, false, NULL, 0, '$2a$12$ede06e6f-f3dd-4098-acda-038bc73e27b3b116abd8-961c-48', NULL, 1, NULL, 'Hypertensive Retinopathy', NULL, false, 0, NULL);
INSERT INTO public.medical_case VALUES ('VirtualCase', 'f98b8d7b-73f5-461c-b7ce-702358de0d55', NULL, NULL, NULL, 'S0.00_D1.08__P_[]_odir_all_62_left.jpg', 'No additional information', NULL, true, NULL, false, false, NULL, 0, '$2a$12$f013af90-a684-4280-8477-682572f575a40c1eb5c8-4fd6-47', NULL, 1, NULL, 'Hypertensive Retinopathy', NULL, false, 0, NULL);
INSERT INTO public.medical_case VALUES ('VirtualCase', '7f6f4254-54d1-4ba9-9ef4-c525d34d969f', NULL, NULL, NULL, 'S0.00_D1.19__P_[''C7'', ''C15'']_odir_all_754_right.jpg', 'No additional information', NULL, true, NULL, false, false, NULL, 0, '$2a$12$41257aa4-afae-4f68-b151-fbf7336f40a3729b176e-feda-40', NULL, 1, NULL, 'Hypertensive Retinopathy', NULL, false, 0, NULL);
INSERT INTO public.medical_case VALUES ('VirtualCase', 'ab498609-fb59-4c6e-9296-0d363ff08611', NULL, NULL, NULL, 'S0.00_D0.00__P_[''C19'']_odir_all_1133_left.jpg', 'No additional information', NULL, true, NULL, false, false, NULL, 0, '$2a$12$673c406b-2868-46a1-93c6-b71d390054460d48fa8d-df63-4d', NULL, 1, NULL, 'Myelinated Retinal Nerve Fiber Layer (MRNF)', NULL, false, 0, NULL);
INSERT INTO public.medical_case VALUES ('MedicalCase', '7701edee-7ba3-4244-acd5-7b85f94f3de5', NULL, NULL, NULL, NULL, '', '2023-11-16 11:17:59.82222', false, NULL, false, false, NULL, 1, '$2a$12$MDnofLJT8LrIILyh8SCle.pMHC96ca6zxL2UlaA36vNYVt/YgTSTW', NULL, 1, '2023-11-16 11:17:59.82221', 'Glaucoma', 'Normal', false, 0, 'b8aa2410-c5ae-11ed-afa1-0242ac120002');
INSERT INTO public.medical_case VALUES ('VirtualCase', '7a31c1d3-28bb-4a5b-a988-19f9f2e8ed47', NULL, NULL, NULL, 'S0.00_D1.02__P_[''C0'', ''C19'']_odir_all_780_left.jpg', 'No additional information', NULL, true, NULL, false, false, NULL, 0, '$2a$12$95293e0a-06dc-4191-b749-e4028edfc1648d352551-fd05-4e', NULL, 1, NULL, 'Myelinated Retinal Nerve Fiber Layer (MRNF)', NULL, false, 0, NULL);
INSERT INTO public.medical_case VALUES ('VirtualCase', '0670a8c1-53b0-403f-8100-398c01f68242', NULL, NULL, NULL, 'S-0.68_D0.01__P_[''C0'']_1000images_0.0.Normal_1ffa9644-8d87-11e8-9daf-6045cb817f5b..JPG', 'No additional information', NULL, true, NULL, false, false, NULL, 0, '$2a$12$de9c8f14-5ba1-4d78-aff4-51ff04b288a20ed5264e-2b4b-4a', NULL, 1, NULL, 'Normal', NULL, false, 0, NULL);
INSERT INTO public.medical_case VALUES ('VirtualCase', '2de1e77a-02c8-4152-b4be-0c61c754bd65', NULL, NULL, NULL, 'S1.00_D1.07__P_[]_1000images_0.0.Normal_1ffa9627-8d87-11e8-9daf-6045cb817f5b..JPG', 'No additional information', NULL, true, NULL, false, false, NULL, 0, '$2a$12$b344cbad-2169-402f-8b75-52c82acacddfb1e4efda-683a-49', NULL, 1, NULL, 'Normal', NULL, false, 0, NULL);
INSERT INTO public.medical_case VALUES ('VirtualCase', '8575bc35-ba35-44d6-b6cb-394476748b54', NULL, NULL, NULL, 'S-0.12_D0.13__P_[''C18'']_rfmid_small_validation_134.png', 'No additional information', NULL, true, NULL, false, false, NULL, 0, '$2a$12$20e674e2-3cdb-40f0-8fb1-e114b457407e59d1ee79-737b-4c', NULL, 1, NULL, 'Optic disc edema', NULL, false, 0, NULL);
INSERT INTO public.medical_case VALUES ('VirtualCase', '86c4dcdf-ee32-47c4-9de4-da12ef624eeb', NULL, NULL, NULL, 'S-1.00_D0.00__P_[''C18'']_rfmid_small_training_1423.png', 'No additional information', NULL, true, NULL, false, false, NULL, 0, '$2a$12$999b777a-f156-48ae-9ea7-a2e4f66de00b2c31b2f0-7736-48', NULL, 1, NULL, 'Optic disc edema', NULL, false, 0, NULL);
INSERT INTO public.medical_case VALUES ('VirtualCase', '21ba3665-fb9f-4c02-bc52-3bca412ba149', NULL, NULL, NULL, 'S-1.00_D0.00__P_[''C18'']_rfmid_small_training_870.png', 'No additional information', NULL, true, NULL, false, false, NULL, 0, '$2a$12$18992152-a119-466e-8890-c1419e8589f8560ef971-3bb7-45', NULL, 1, NULL, 'Optic disc edema', NULL, false, 0, NULL);
INSERT INTO public.medical_case VALUES ('VirtualCase', '39e89bbe-7ac4-48d0-a82c-a9576d356853', NULL, NULL, NULL, 'S-1.00_D0.00__P_[''C18'']_rfmid_small_validation_201.png', 'No additional information', NULL, true, NULL, false, false, NULL, 0, '$2a$12$d6156045-2f89-4f45-81ea-0c8664b9dac9ff0ae569-c135-45', NULL, 1, NULL, 'Optic disc edema', NULL, false, 0, NULL);
INSERT INTO public.medical_case VALUES ('VirtualCase', 'e07f625d-afc3-477f-ab04-cdeba8462604', NULL, NULL, NULL, 'NOU_S0.00_D0.09__P_[''C8'']_odir_all_1716_left.jpg', 'No additional information', NULL, true, NULL, false, false, NULL, 0, '$2a$12$3aeeb05b-aa55-4626-80d4-a7e473bc6a4731e6c8d7-6557-47', NULL, 1, NULL, 'Pathological Myopia', NULL, false, 0, NULL);
INSERT INTO public.medical_case VALUES ('MedicalCase', '2af8439b-29c1-43cb-be1c-03f0bfde1d28', NULL, NULL, NULL, 'S1.00_D1.38__P_[]_1000images_0.0.Normal_1ffa9629-8d87-11e8-9daf-6045cb817f5b..JPG', 'No additional information', '2023-11-16 17:00:00.761252', true, NULL, false, false, NULL, 0, '$2a$12$47a94f3c-1769-41ce-86b4-a7d7b1ac374ab99976bb-bf28-42', NULL, 1, '2023-11-16 17:00:00.761252', 'Normal', NULL, false, 0, 'b8aa2410-c5ae-11ed-afa1-0242ac120005');
INSERT INTO public.medical_case VALUES ('VirtualCase', 'f629bfbd-d657-47c4-9fbf-a9ced1f9ed31', NULL, NULL, NULL, 'S-1.00_D0.00__P_[''C8'']_1000images_9.Pathological myopia_1ffa94f2-8d87-11e8-9daf-6045cb817f5b..JPG', 'No additional information', NULL, true, NULL, false, false, NULL, 0, '$2a$12$02cab6aa-0fc8-4db9-b3e6-2937f8d7fabfb60291ef-bdbb-42', NULL, 1, NULL, 'Pathological Myopia', NULL, false, 0, NULL);
INSERT INTO public.medical_case VALUES ('VirtualCase', 'f62ef994-50d2-4e02-ac99-9751d3beeff3', NULL, NULL, NULL, 'S-1.00_D0.00__P_[''C8'']_1000images_9.Pathological myopia_1ffa9501-8d87-11e8-9daf-6045cb817f5b..JPG', 'No additional information', NULL, true, NULL, false, false, NULL, 0, '$2a$12$cab63364-f34e-414c-8bef-894752fc6c09978faecb-4d64-4a', NULL, 1, NULL, 'Pathological Myopia', NULL, false, 0, NULL);
INSERT INTO public.medical_case VALUES ('VirtualCase', '80e886c2-7150-4d49-bf7f-98e574af1a32', NULL, NULL, NULL, 'S0.00_D1.28__P_[''C0'', ''C8'']_odir_all_525_left.jpg', 'No additional information', NULL, true, NULL, false, false, NULL, 0, '$2a$12$416f575b-abbe-46ba-bd2a-69f2ab76b4a192673417-b7b5-46', NULL, 1, NULL, 'Pathological Myopia', NULL, false, 0, NULL);
INSERT INTO public.medical_case VALUES ('VirtualCase', '839af82e-b38b-4eca-87dc-47fdf777ba6d', NULL, NULL, NULL, 'S0.00_D1.32__P_[''C0'', ''C8'']_odir_all_106_right.jpg', 'No additional information', NULL, true, NULL, false, false, NULL, 0, '$2a$12$974e0da5-661d-431b-bc0e-2829d0fbb243f27cabcc-8bb6-46', NULL, 1, NULL, 'Pathological Myopia', NULL, false, 0, NULL);
INSERT INTO public.medical_case VALUES ('VirtualCase', 'cb678f01-1f76-4983-a655-8e99103eae53', NULL, NULL, NULL, 'S1.00_D1.11__P_[]_rfmid_small_training_1500.png', 'No additional information', NULL, true, NULL, false, false, NULL, 0, '$2a$12$74ce7d49-dcc0-4908-ae7d-f1232f64df8dc6ef2b67-7782-4d', NULL, 1, NULL, 'Pathological Myopia', NULL, false, 0, NULL);
INSERT INTO public.medical_case VALUES ('VirtualCase', '9c388088-996a-4745-b849-f07d1557fa89', NULL, NULL, NULL, 'NOU_S-0.66_D1.40__P_[''C13'', ''C14'']_rfmid_small_training_1402.png', 'No additional information', NULL, true, NULL, false, false, NULL, 0, '$2a$12$92a338da-5e4d-4e82-b187-67837ea59213ed01bf7b-9f8b-42', NULL, 1, NULL, 'Physiologic large optic cup', NULL, false, 0, NULL);
INSERT INTO public.medical_case VALUES ('VirtualCase', 'b25d673a-7738-439a-98f1-a251433ccaac', NULL, NULL, NULL, 'S-0.59_D1.12__P_[''C9'', ''C14'']_rfmid_small_training_1486.png', 'No additional information', NULL, true, NULL, false, false, NULL, 0, '$2a$12$2ea7dcd0-c394-478e-932e-ec683e894259011a1e66-3f81-4e', NULL, 1, NULL, 'Physiologic large optic cup', NULL, false, 0, NULL);
INSERT INTO public.medical_case VALUES ('VirtualCase', '7fef0c95-3747-428e-ae4f-e052b497892a', NULL, NULL, NULL, 'S-0.66_D0.00__P_[''C13'']_rfmid_small_training_1299.png', 'No additional information', NULL, true, NULL, false, false, NULL, 0, '$2a$12$ca206561-db39-4ee1-b3aa-384b14a34bb54497c41f-d599-48', NULL, 1, NULL, 'Physiologic large optic cup', NULL, false, 0, NULL);
INSERT INTO public.medical_case VALUES ('VirtualCase', '4886a2dc-ca44-4e22-9858-e6afe2504edd', NULL, NULL, NULL, 'S-1.00_D0.00__P_[''C13'']_1000images_0.2.Large optic cup_1ffa94d1-8d87-11e8-9daf-6045cb817f5b..JPG', 'No additional information', NULL, true, NULL, false, false, NULL, 0, '$2a$12$31cfe095-33a4-499e-a9c7-aa799ab632c04559b0ba-f849-46', NULL, 1, NULL, 'Physiologic large optic cup', NULL, false, 0, NULL);
INSERT INTO public.medical_case VALUES ('VirtualCase', '8fb3a12d-7f35-456a-899c-43271affc799', NULL, NULL, NULL, 'NOU_S-1.00_D0.00__P_[''C22'']_1000images_4.Rhegmatogenous RD_1ffa9341-8d87-11e8-9daf-6045cb817f5b..JPG', 'No additional information', NULL, true, NULL, false, false, NULL, 0, '$2a$12$a8ee86c8-20b9-4f16-a9cb-87f2364e8905567c78a5-0102-48', NULL, 1, NULL, 'Rhegmatogenous retinal detachment', NULL, false, 0, NULL);
INSERT INTO public.medical_case VALUES ('VirtualCase', '7b2188a8-8797-4c62-bba3-9005a1e691ee', NULL, NULL, NULL, 'S-1.00_D0.00__P_[''C22'']_1000images_4.Rhegmatogenous RD_1ffa934e-8d87-11e8-9daf-6045cb817f5b..JPG', 'No additional information', NULL, true, NULL, false, false, NULL, 0, '$2a$12$0a975929-47fd-4a90-b8bf-f269313cf1949e3207e2-f8e9-40', NULL, 1, NULL, 'Rhegmatogenous retinal detachment', NULL, false, 0, NULL);
INSERT INTO public.medical_case VALUES ('VirtualCase', 'ddd6c9da-80ff-4f63-b0cb-4e7e95645378', NULL, NULL, NULL, 'S-1.00_D0.00__P_[''C22'']_1000images_4.Rhegmatogenous RD_1ffa935b-8d87-11e8-9daf-6045cb817f5b..JPG', 'No additional information', NULL, true, NULL, false, false, NULL, 0, '$2a$12$5e1915f1-2ca3-4267-a522-5227dbf84a8345ce537f-b640-4e', NULL, 1, NULL, 'Rhegmatogenous retinal detachment', NULL, false, 0, NULL);
INSERT INTO public.medical_case VALUES ('VirtualCase', '13102412-679f-4e45-98c3-4a8022f91a4d', NULL, NULL, NULL, 'S-1.00_D0.00__P_[''C22'']_1000images_4.Rhegmatogenous RD_1ffa936e-8d87-11e8-9daf-6045cb817f5b..JPG', 'No additional information', NULL, true, NULL, false, false, NULL, 0, '$2a$12$729a7484-0b14-401f-9637-45d2f4cc75c79c17a503-6d2a-4b', NULL, 1, NULL, 'Rhegmatogenous retinal detachment', NULL, false, 0, NULL);
INSERT INTO public.medical_case VALUES ('VirtualCase', '551b1b1c-b215-494d-99a5-ba366282bff5', NULL, NULL, NULL, 'S-0.52_D0.00__P_[''C9'']_1000images_0.1.Tessellated fundus_1ffa959d-8d87-11e8-9daf-6045cb817f5b..JPG', 'No additional information', NULL, true, NULL, false, false, NULL, 0, '$2a$12$f45b5861-458f-4f7f-8f17-d4448f4f246420a62357-07d5-4f', NULL, 1, NULL, 'Tessellated fundus', NULL, false, 0, NULL);
INSERT INTO public.medical_case VALUES ('VirtualCase', 'cc36ef22-88d1-40d3-8b86-e9bb32bbacd5', NULL, NULL, NULL, 'S-1.00_D0.00__P_[''C10'']_1000images_18.Vitreous particles_202efd44-8d87-11e8-9daf-6045cb817f5b..JPG', 'No additional information', NULL, true, NULL, false, false, NULL, 0, '$2a$12$be2fd221-1b6a-4a11-8f96-656a3c0cafc5cf2e40e8-59f3-42', NULL, 1, NULL, 'Vitreous degeneration (PVD + Vitreous liquefaction) & Asteroid hyalosis & Synchysis scintillans', NULL, false, 0, NULL);
INSERT INTO public.medical_case VALUES ('VirtualCase', 'ab233388-07bc-463e-8e0c-d8b72ca08540', NULL, NULL, NULL, 'S0.00_D0.00__P_[''C10'']_odir_all_1173_left.jpg', 'No additional information', NULL, true, NULL, false, false, NULL, 0, '$2a$12$4a313881-680c-43b0-8fdf-9996a197fffdd50d62a5-7243-41', NULL, 1, NULL, 'Vitreous degeneration (PVD + Vitreous liquefaction) & Asteroid hyalosis & Synchysis scintillans', NULL, false, 0, NULL);
INSERT INTO public.medical_case VALUES ('VirtualCase', '3de17a19-6981-454a-ac93-a2a02d60e0fa', NULL, NULL, NULL, 'S0.00_D0.00__P_[''C10'']_odir_all_180_left.jpg', 'No additional information', NULL, true, NULL, false, false, NULL, 0, '$2a$12$4420703c-b185-46f2-bb2f-da6d692044a80c926357-cbbc-4c', NULL, 1, NULL, 'Vitreous degeneration (PVD + Vitreous liquefaction) & Asteroid hyalosis & Synchysis scintillans', NULL, false, 0, NULL);
INSERT INTO public.medical_case VALUES ('VirtualCase', '4095bc1e-74e4-4397-945a-016afb8d4307', NULL, NULL, NULL, 'S0.00_D0.04__P_[''C10'']_odir_all_454_right.jpg', 'No additional information', NULL, true, NULL, false, false, NULL, 0, '$2a$12$ed658bf2-ccc0-4f99-ad21-65764a03ce4e1de04a5c-f28c-41', NULL, 1, NULL, 'Vitreous degeneration (PVD + Vitreous liquefaction) & Asteroid hyalosis & Synchysis scintillans', NULL, false, 0, NULL);
INSERT INTO public.medical_case VALUES ('MedicalCase', '1dfdc126-835f-4e09-9b55-b403a253a77d', NULL, NULL, NULL, NULL, '', '2023-11-09 11:30:48.317528', false, '2023-11-09 20:01:10.504', false, true, NULL, 1, '$2a$12$MDnofLJT8LrIILyh8SCle.zeXYRHkojQE2UWAJG7D6IP0kohE38xW', NULL, 0, '2023-11-09 11:30:48.317', 'Age-Related Macular Degeneration (AMD)', 'Age-Related Macular Degeneration (AMD)', true, 0, 'b8aa2410-c5ae-11ed-afa1-0242ac120003');
INSERT INTO public.medical_case VALUES ('VirtualCase', '52221f6a-d01e-48e1-907a-8edb4ee531b8', NULL, NULL, NULL, 'S0.00_D1.17__P_[]_odir_all_511_right.jpg', 'No additional information', NULL, true, NULL, false, false, NULL, 0, '$2a$12$0fb4b081-8614-46c9-81af-c69e34eb1faf485e3a7c-2f96-4c', NULL, 1, NULL, 'Vitreous degeneration (PVD + Vitreous liquefaction) & Asteroid hyalosis & Synchysis scintillans', NULL, false, 0, NULL);
INSERT INTO public.medical_case VALUES ('VirtualCase', 'e44ce2c9-1169-4b8f-b775-c11e787bdf2a', NULL, NULL, NULL, 'S0.00_D1.22__P_[]_odir_all_454_left.jpg', 'No additional information', NULL, true, NULL, false, false, NULL, 0, '$2a$12$ed0c3524-c7fd-4488-8ad1-f9400fccd6049b8e213b-d55f-4e', NULL, 1, NULL, 'Vitreous degeneration (PVD + Vitreous liquefaction) & Asteroid hyalosis & Synchysis scintillans', NULL, false, 0, NULL);
INSERT INTO public.medical_case VALUES ('VirtualCase', 'f109f8bd-0b26-4b01-87af-0670be26dbe7', NULL, NULL, NULL, 'S0.00_D1.31__P_[''C6'', ''C10'']_odir_all_172_left.jpg', 'No additional information', NULL, true, NULL, false, false, NULL, 0, '$2a$12$9f77a0fd-ebcc-45dc-9830-b276a67a3a72192a58f9-2d32-40', NULL, 1, NULL, 'Vitreous degeneration (PVD + Vitreous liquefaction) & Asteroid hyalosis & Synchysis scintillans', NULL, false, 0, NULL);
INSERT INTO public.medical_case VALUES ('MedicalCase', 'ec84b38b-f98b-4e4b-9ec1-19214da2f836', NULL, NULL, NULL, NULL, '', '2023-11-09 10:55:47.615367', false, '2023-11-09 20:52:39.404', false, true, NULL, 1, '$2a$12$MDnofLJT8LrIILyh8SCle.HuyN/k/3jkVvZ2ENSIp0abTO3O5hsPK', NULL, 0, '2023-11-09 10:55:47.615', 'Rhegmatogenous retinal detachment', 'Rhegmatogenous retinal detachment', true, 0, 'b8aa2410-c5ae-11ed-afa1-0242ac120001');
INSERT INTO public.medical_case VALUES ('MedicalCase', 'eef1b502-7757-4f5e-9705-182a16890a19', NULL, NULL, NULL, NULL, '', '2023-11-09 11:37:35.251972', false, NULL, false, false, NULL, 1, '$2a$12$MDnofLJT8LrIILyh8SCle./s6jk3UzEqERNjQzpwgPRLn8d1xv3s6', NULL, 1, '2023-11-09 11:37:35.251962', 'Diabetic Retinopathy', 'Normal', false, 0, 'b8aa2410-c5ae-11ed-afa1-0242ac120005');
INSERT INTO public.medical_case VALUES ('MedicalCase', '272eddb1-7552-4c4f-b744-b1f8ed3b2b30', NULL, NULL, NULL, NULL, '', '2023-11-09 10:57:42.287022', false, '2023-11-09 21:44:37.878', false, true, NULL, 1, '$2a$12$MDnofLJT8LrIILyh8SCle.2kl7hbn1/EPir/313BUA7z4hKCgdVlu', NULL, 0, '2023-11-09 10:57:42.287', 'Rhegmatogenous retinal detachment', 'Rhegmatogenous retinal detachment', true, 0, 'b8aa2410-c5ae-11ed-afa1-0242ac120004');
INSERT INTO public.medical_case VALUES ('MedicalCase', '392ab2e5-cbf0-45cb-a011-7c3a36a20ff7', NULL, NULL, NULL, NULL, '', '2023-11-09 11:39:04.117374', false, '2023-11-10 19:16:35.548', false, true, NULL, 1, '$2a$12$MDnofLJT8LrIILyh8SCle.eAHD8vAfvMp44CK2XgwUlyBuK5Pon4W', NULL, 0, '2023-11-09 11:39:04.117', 'Diabetic Retinopathy', 'Diabetic Retinopathy', true, 0, 'b8aa2410-c5ae-11ed-afa1-0242ac120002');


--
-- TOC entry 4397 (class 0 OID 28077)
-- Dependencies: 211
-- Data for Name: clinical_sign_grade; Type: TABLE DATA; Schema: public; Owner: postgres
--

INSERT INTO public.clinical_sign_grade VALUES ('12f52ffd-a999-433b-baea-d4d334560d98', false, false, 'Ischemic BRVO', '9896810a-19d7-4d33-96c4-5d88c3564d7a');
INSERT INTO public.clinical_sign_grade VALUES ('9ebcf431-60c1-421a-904c-7ff4483e221b', false, false, 'Macular ischemia', '9896810a-19d7-4d33-96c4-5d88c3564d7a');
INSERT INTO public.clinical_sign_grade VALUES ('93190c9f-25f6-4c82-bf85-299d86f2b084', true, false, 'Non-ischemic BRVO', '9896810a-19d7-4d33-96c4-5d88c3564d7a');
INSERT INTO public.clinical_sign_grade VALUES ('1f0816d5-2881-4acd-8718-b55d9ebbcd6b', false, false, 'Acquired optic disc pit', 'ac345546-cd46-408a-b477-f380ec266769');
INSERT INTO public.clinical_sign_grade VALUES ('0e9b51d2-5797-4502-ad7c-5f248d472d38', false, false, 'Focal chorioretinal atrophy', 'ac345546-cd46-408a-b477-f380ec266769');
INSERT INTO public.clinical_sign_grade VALUES ('3edfc452-9eb4-437d-aecf-695e852bb564', false, false, 'Fuchs spot', 'ac345546-cd46-408a-b477-f380ec266769');
INSERT INTO public.clinical_sign_grade VALUES ('0f1b99c7-5326-4b0d-94b5-63a80f3e060c', true, false, 'Lacquer cracks', 'ac345546-cd46-408a-b477-f380ec266769');
INSERT INTO public.clinical_sign_grade VALUES ('90af257c-98d7-4616-9b63-ef32385768ad', false, false, 'Lattice degeneration', 'ac345546-cd46-408a-b477-f380ec266769');
INSERT INTO public.clinical_sign_grade VALUES ('7be3ff3e-ef8d-43d9-8c59-3758e06e6b05', false, false, 'Macular hole', 'ac345546-cd46-408a-b477-f380ec266769');
INSERT INTO public.clinical_sign_grade VALUES ('917e9cbf-2279-44d5-857f-539094305ed8', false, false, 'Macular retinoschisis (foveoschisis)', 'ac345546-cd46-408a-b477-f380ec266769');
INSERT INTO public.clinical_sign_grade VALUES ('94a5c8dd-bd8b-4537-b51f-3452dea0ec4e', false, false, 'Myopic choroidal neovascularization', 'ac345546-cd46-408a-b477-f380ec266769');
INSERT INTO public.clinical_sign_grade VALUES ('73c4b87f-5d11-4d57-98d5-f65519e97c4e', true, false, 'Optic nerve head changes: oval, tilted disc', 'ac345546-cd46-408a-b477-f380ec266769');
INSERT INTO public.clinical_sign_grade VALUES ('4a85cde0-e387-406c-a108-b30d5974edf6', true, false, 'Pale tessellated retina', 'ac345546-cd46-408a-b477-f380ec266769');
INSERT INTO public.clinical_sign_grade VALUES ('ec55a541-5246-4d1a-82e0-8323cd967d86', true, false, 'Peripapillary atrophy', 'ac345546-cd46-408a-b477-f380ec266769');
INSERT INTO public.clinical_sign_grade VALUES ('346990bf-c40f-48ec-b79a-a9bc5c450fa4', false, false, 'Peripapillary intrachoroidal cavitation', 'ac345546-cd46-408a-b477-f380ec266769');
INSERT INTO public.clinical_sign_grade VALUES ('48edff5d-049e-4141-b54b-1987982feccf', false, false, 'Rhegmatogenous retinal detachment', 'ac345546-cd46-408a-b477-f380ec266769');
INSERT INTO public.clinical_sign_grade VALUES ('01c6b150-480e-45ef-a8f9-9fadc4b03ace', false, false, 'Staphyloma', 'ac345546-cd46-408a-b477-f380ec266769');
INSERT INTO public.clinical_sign_grade VALUES ('f5ef667b-940d-45cb-85cd-be24abc8e4b4', false, false, 'Subretinal ‘coin’ hemorrhages', 'ac345546-cd46-408a-b477-f380ec266769');
INSERT INTO public.clinical_sign_grade VALUES ('697dd8df-f828-49fe-b373-6472bc2d4875', true, false, 'Myopic choroidal neovascularization', 'b856ad61-05d8-4594-b459-10ac43ee8849');
INSERT INTO public.clinical_sign_grade VALUES ('4df24c56-b4f4-4290-a5bb-6e596c5e8fb8', false, false, 'Peripapillary intrachoroidal cavitation', 'b856ad61-05d8-4594-b459-10ac43ee8849');
INSERT INTO public.clinical_sign_grade VALUES ('78af845e-2927-4fb9-852d-f10dfaa980a9', false, false, 'Staphyloma', 'b856ad61-05d8-4594-b459-10ac43ee8849');
INSERT INTO public.clinical_sign_grade VALUES ('870dd324-989b-44c7-8799-c10ffb328b5e', true, false, 'Subretinal ‘coin’ hemorrhages', 'b856ad61-05d8-4594-b459-10ac43ee8849');
INSERT INTO public.clinical_sign_grade VALUES ('38ee5cb2-c115-4acd-bc63-1db89fb5836e', true, false, 'Cellophane maculopathy', '7e8467c9-957c-4538-81a8-e906353945cf');
INSERT INTO public.clinical_sign_grade VALUES ('2b3e2b33-a869-4057-a370-8b39654d3cde', true, false, 'Distorted blood vessels', '7e8467c9-957c-4538-81a8-e906353945cf');
INSERT INTO public.clinical_sign_grade VALUES ('62364235-d31c-4490-822f-796a9dcf3728', true, false, 'Fine retinal translucent folds or creases', '7e8467c9-957c-4538-81a8-e906353945cf');
INSERT INTO public.clinical_sign_grade VALUES ('82a7cdbe-c80c-4439-80b2-52a3fef7df56', true, false, 'Macular pseudohole', '7e8467c9-957c-4538-81a8-e906353945cf');
INSERT INTO public.clinical_sign_grade VALUES ('b7a31373-9cd8-4d96-a420-a2be7af31c23', true, false, 'Macular reflex changes', '7e8467c9-957c-4538-81a8-e906353945cf');
INSERT INTO public.clinical_sign_grade VALUES ('5d594f46-280c-4b82-ad12-cfa739a14636', true, false, 'Macular thickening (macular edema)', '7e8467c9-957c-4538-81a8-e906353945cf');
INSERT INTO public.clinical_sign_grade VALUES ('b3fb7fd5-0f66-4aea-a64d-b32ec4fdb001', true, false, 'Wrinkling or distortion of the retinal tissue', '7e8467c9-957c-4538-81a8-e906353945cf');
INSERT INTO public.clinical_sign_grade VALUES ('92c12a8d-a1bd-4db0-9a6b-4677b90ad45a', true, false, 'Visibility of large choroidal vessels at the posterior fundus pole outside of the peripapillary region', 'b4e26f9d-f6d7-409f-8031-2b01cc71c6d9');
INSERT INTO public.clinical_sign_grade VALUES ('c5467d4a-1891-4597-97e1-e387f0efd34b', true, false, 'Cotton-wool spots', 'e9401af4-00cc-4c9b-92e2-2aa4652c9543');
INSERT INTO public.clinical_sign_grade VALUES ('59df5f70-97c9-433f-98cd-86462e549649', false, false, 'Dilated veins', 'e9401af4-00cc-4c9b-92e2-2aa4652c9543');
INSERT INTO public.clinical_sign_grade VALUES ('2b0d6f86-ae95-42c6-96ba-748a5adc5366', false, false, 'Dot-blot hemorrhages', 'e9401af4-00cc-4c9b-92e2-2aa4652c9543');
INSERT INTO public.clinical_sign_grade VALUES ('68f7bd0a-58ba-4b8f-a0f1-d8c6d9afbb84', false, false, 'Flame-shaped hemorrhages', 'e9401af4-00cc-4c9b-92e2-2aa4652c9543');
INSERT INTO public.clinical_sign_grade VALUES ('a052ca29-2d39-4a17-a9e5-f5fd08235460', false, false, 'Hard exudates', 'e9401af4-00cc-4c9b-92e2-2aa4652c9543');
INSERT INTO public.clinical_sign_grade VALUES ('7f09b170-5920-4290-b8d5-89ceac9bd9f0', false, false, 'Intraretinal microvascular anomalies ', 'e9401af4-00cc-4c9b-92e2-2aa4652c9543');
INSERT INTO public.clinical_sign_grade VALUES ('969a81ac-40ac-4a2f-9cbc-900706e3226d', false, false, 'Laser spots', 'e9401af4-00cc-4c9b-92e2-2aa4652c9543');
INSERT INTO public.clinical_sign_grade VALUES ('fbe58c81-c1f4-4d3b-8725-08ecfc59f321', false, false, 'Microaneurysms', 'e9401af4-00cc-4c9b-92e2-2aa4652c9543');
INSERT INTO public.clinical_sign_grade VALUES ('23ef48b2-d9bc-4c52-b532-4a601b621223', false, false, 'Neovascularization elsewhere', 'e9401af4-00cc-4c9b-92e2-2aa4652c9543');
INSERT INTO public.clinical_sign_grade VALUES ('3104c150-e4bf-45bc-ae19-f0757804aac1', false, false, 'Neovascularization of the disc', 'e9401af4-00cc-4c9b-92e2-2aa4652c9543');
INSERT INTO public.clinical_sign_grade VALUES ('e9c00f2e-be7a-4674-8738-7fc9b5a4f908', false, false, 'Preretinal hemorrhage', 'e9401af4-00cc-4c9b-92e2-2aa4652c9543');
INSERT INTO public.clinical_sign_grade VALUES ('722c2086-a45c-4618-9e41-dda6d52c4b22', false, false, 'Tractional retinal detachment', 'e9401af4-00cc-4c9b-92e2-2aa4652c9543');
INSERT INTO public.clinical_sign_grade VALUES ('073757d4-bbf6-4f82-948a-d337eb91e8e7', true, false, 'Venous beading', 'e9401af4-00cc-4c9b-92e2-2aa4652c9543');
INSERT INTO public.clinical_sign_grade VALUES ('9486db38-09c9-42e3-b36e-9efcb7bfcbdb', false, false, 'Venous loops', 'e9401af4-00cc-4c9b-92e2-2aa4652c9543');
INSERT INTO public.clinical_sign_grade VALUES ('ebca4566-ff8a-4ef3-9808-80d5529ae4a6', false, false, 'Vitreous hemorrhage', 'e9401af4-00cc-4c9b-92e2-2aa4652c9543');
INSERT INTO public.clinical_sign_grade VALUES ('9b8c1f3a-73e1-4f34-be92-6fcefec0b2ec', false, false, 'Notching of the rim (localized rim thinning)', 'b62fb1e9-9079-4370-980b-99162a6718a2');
INSERT INTO public.clinical_sign_grade VALUES ('cdfe8f80-19ba-4c36-bf88-e12a818e1f19', false, true, 'Asymmetry of cupping (> 0.2) in the absence of asymmetry of disc sizes', 'b62fb1e9-9079-4370-980b-99162a6718a2');
INSERT INTO public.clinical_sign_grade VALUES ('a7cb08b1-1654-4539-9e85-9c563c34d79c', true, true, 'Baring of circumlinear vessels', 'b62fb1e9-9079-4370-980b-99162a6718a2');
INSERT INTO public.clinical_sign_grade VALUES ('cc2b79c6-1180-4f36-a34c-7c362b864e2c', true, true, 'Bayoneting vessels at the disc edge', 'b62fb1e9-9079-4370-980b-99162a6718a2');
INSERT INTO public.clinical_sign_grade VALUES ('10e5be1e-82cb-41c2-a325-8b6091f70a4f', true, true, 'Increased cup to disc ratio (in correspondence to disc size)', 'b62fb1e9-9079-4370-980b-99162a6718a2');
INSERT INTO public.clinical_sign_grade VALUES ('622a6d4b-c6c0-4724-90eb-5bfd64252e30', true, true, 'Nasal shift of the central retinal vessels', 'b62fb1e9-9079-4370-980b-99162a6718a2');
INSERT INTO public.clinical_sign_grade VALUES ('561bfafe-8e31-42c8-a7e7-7aed49c75966', false, true, 'Acquired optic disc pit', 'b856ad61-05d8-4594-b459-10ac43ee8849');
INSERT INTO public.clinical_sign_grade VALUES ('905e2346-832f-41e2-a6c7-47ce11089265', true, true, 'Focal chorioretinal atrophy', 'b856ad61-05d8-4594-b459-10ac43ee8849');
INSERT INTO public.clinical_sign_grade VALUES ('cad19964-7105-4706-8bb7-0129323a6656', false, true, 'Fuchs spot', 'b856ad61-05d8-4594-b459-10ac43ee8849');
INSERT INTO public.clinical_sign_grade VALUES ('433b72c7-042f-4d1f-96f2-ff9e49973f03', false, true, 'Lacquer cracks', 'b856ad61-05d8-4594-b459-10ac43ee8849');
INSERT INTO public.clinical_sign_grade VALUES ('ff62aa2a-b923-4613-b538-4f39f45be732', false, true, 'Lattice degeneration', 'b856ad61-05d8-4594-b459-10ac43ee8849');
INSERT INTO public.clinical_sign_grade VALUES ('56aad48d-2409-45af-9366-bdc1319b01c1', false, true, 'Macular hole', 'b856ad61-05d8-4594-b459-10ac43ee8849');
INSERT INTO public.clinical_sign_grade VALUES ('ab46fd14-9c6a-4522-83d5-3f317c2984b3', false, true, 'Macular retinoschisis (foveoschisis)', 'b856ad61-05d8-4594-b459-10ac43ee8849');
INSERT INTO public.clinical_sign_grade VALUES ('47beb336-cc5e-422c-8c39-ae9b2b6226d3', false, true, 'Collateral vascular shunt at the optic disc', '9896810a-19d7-4d33-96c4-5d88c3564d7a');
INSERT INTO public.clinical_sign_grade VALUES ('fdcfae59-52df-40a0-9b11-f604269502ce', true, true, 'Cotton-wool spots', '9896810a-19d7-4d33-96c4-5d88c3564d7a');
INSERT INTO public.clinical_sign_grade VALUES ('ba28976e-30ed-412c-b5ca-79b55d3e8ddc', false, true, 'Hard exudates', '9896810a-19d7-4d33-96c4-5d88c3564d7a');
INSERT INTO public.clinical_sign_grade VALUES ('c94a94c7-3509-498c-982f-2f6b77d7e702', false, true, 'IRMA', '9896810a-19d7-4d33-96c4-5d88c3564d7a');
INSERT INTO public.clinical_sign_grade VALUES ('c3cf0a68-c3d9-467b-be02-ffc929118efe', false, true, 'Iris neovascularization', '9896810a-19d7-4d33-96c4-5d88c3564d7a');
INSERT INTO public.clinical_sign_grade VALUES ('9cbbd6d3-89e2-4d95-a159-e7db1f915daa', true, true, 'Macular edema', '9896810a-19d7-4d33-96c4-5d88c3564d7a');
INSERT INTO public.clinical_sign_grade VALUES ('288603f9-95fe-4012-9e77-a3a583dcde4e', true, true, 'Microaneurysms', '9896810a-19d7-4d33-96c4-5d88c3564d7a');
INSERT INTO public.clinical_sign_grade VALUES ('d7d9edf8-6e00-4a64-8bcc-cef613ca074d', true, true, 'Narrowing/sheathing of the adjacent artery', '9896810a-19d7-4d33-96c4-5d88c3564d7a');
INSERT INTO public.clinical_sign_grade VALUES ('eb6a4f1f-6468-4c32-bedf-a9fb28e77425', false, true, 'Neovascularization elsewhere', '9896810a-19d7-4d33-96c4-5d88c3564d7a');
INSERT INTO public.clinical_sign_grade VALUES ('8d16f064-8939-4beb-8c08-87b448890723', false, true, 'Neovascularization of the disc', '9896810a-19d7-4d33-96c4-5d88c3564d7a');
INSERT INTO public.clinical_sign_grade VALUES ('513374d6-63bc-40fb-8ce2-d52527fef237', false, true, 'Optic disc edema', '9896810a-19d7-4d33-96c4-5d88c3564d7a');
INSERT INTO public.clinical_sign_grade VALUES ('8be54683-4b60-426b-a1f0-8e06e97988e4', true, false, 'Arteriovenous crossing signs', 'fe3807f4-29aa-4360-8b85-e35c4f60473a');
INSERT INTO public.clinical_sign_grade VALUES ('dee0c558-38dd-4e7b-9555-d43ccbf0b511', true, false, 'Constricted and tortuous arterioles', 'fe3807f4-29aa-4360-8b85-e35c4f60473a');
INSERT INTO public.clinical_sign_grade VALUES ('44ae345f-9371-49ad-b427-eca7a74893cb', false, false, 'Copper wire arterioles', 'fe3807f4-29aa-4360-8b85-e35c4f60473a');
INSERT INTO public.clinical_sign_grade VALUES ('0ab5ec77-8484-49f5-a8ea-17fc2e80bc0a', false, false, 'Cotton-wool spots', 'fe3807f4-29aa-4360-8b85-e35c4f60473a');
INSERT INTO public.clinical_sign_grade VALUES ('0a00d14c-106e-4f00-a449-dea6ff7e5353', false, false, 'Dot-blot hemorrhages', 'fe3807f4-29aa-4360-8b85-e35c4f60473a');
INSERT INTO public.clinical_sign_grade VALUES ('973ffacc-4942-43d5-b4db-662020c71464', false, false, 'Elschnig’s spots', 'fe3807f4-29aa-4360-8b85-e35c4f60473a');
INSERT INTO public.clinical_sign_grade VALUES ('c8dd532a-1b30-40d3-92e8-a54b2a3903f1', false, false, 'Exudative retinal detachment', 'fe3807f4-29aa-4360-8b85-e35c4f60473a');
INSERT INTO public.clinical_sign_grade VALUES ('9dbc23db-f258-4e29-bedf-07cd8a9274d0', false, false, 'Flame-shaped hemorrhages', 'fe3807f4-29aa-4360-8b85-e35c4f60473a');
INSERT INTO public.clinical_sign_grade VALUES ('28b776d6-d4c0-489e-a950-d8e1e181d817', false, false, 'Focal pigment epithelial detachment', 'fe3807f4-29aa-4360-8b85-e35c4f60473a');
INSERT INTO public.clinical_sign_grade VALUES ('b57fe2f4-e763-419b-be74-3e228aed75c9', false, false, 'Hard exudates', 'fe3807f4-29aa-4360-8b85-e35c4f60473a');
INSERT INTO public.clinical_sign_grade VALUES ('5052c6e6-c62d-40d0-80ee-74c4c340c10c', false, false, 'Macular star formation', 'fe3807f4-29aa-4360-8b85-e35c4f60473a');
INSERT INTO public.clinical_sign_grade VALUES ('c925508d-e1a1-4ce2-a2bb-bb049cb6a12e', false, false, 'Optic disc edema', 'fe3807f4-29aa-4360-8b85-e35c4f60473a');
INSERT INTO public.clinical_sign_grade VALUES ('096be6f8-0b89-4e73-a2a2-d0bf8013b241', false, false, 'Retinal edema', 'fe3807f4-29aa-4360-8b85-e35c4f60473a');
INSERT INTO public.clinical_sign_grade VALUES ('61c9bdb4-83e3-4559-84a2-c64fb8a9e686', false, false, 'Siegrist streaks', 'fe3807f4-29aa-4360-8b85-e35c4f60473a');
INSERT INTO public.clinical_sign_grade VALUES ('2e2ec2e9-1aa4-4990-8a62-44b2a0e4ea78', true, false, 'Silver wire arterioles', 'fe3807f4-29aa-4360-8b85-e35c4f60473a');
INSERT INTO public.clinical_sign_grade VALUES ('d3602239-61ef-471c-a455-a9566060d34b', true, false, 'Widening of the arteriole reflex', 'fe3807f4-29aa-4360-8b85-e35c4f60473a');
INSERT INTO public.clinical_sign_grade VALUES ('6fa57f00-beae-43b4-998e-158f0c059f19', true, true, 'Geographic atrophy', 'c61d6a96-83ae-443a-854b-df206691afe1');
INSERT INTO public.clinical_sign_grade VALUES ('90cce890-b001-4fad-b3d4-d4a9ad303668', true, true, 'Hard drusen', 'c61d6a96-83ae-443a-854b-df206691afe1');
INSERT INTO public.clinical_sign_grade VALUES ('68e61776-4743-47b6-8b2a-b8f9020a635d', true, true, 'Retinal pigment epithelium changes', 'c61d6a96-83ae-443a-854b-df206691afe1');
INSERT INTO public.clinical_sign_grade VALUES ('b4257cf9-0fa1-4604-bb9e-b3a16226509b', true, true, 'Soft drusen', 'c61d6a96-83ae-443a-854b-df206691afe1');
INSERT INTO public.clinical_sign_grade VALUES ('0a21583d-8f78-43df-bd91-0738d8f7ae34', true, true, 'Subretinal disciform fibrosis', 'c61d6a96-83ae-443a-854b-df206691afe1');
INSERT INTO public.clinical_sign_grade VALUES ('a021eb0b-2992-414b-a3cb-16b51dfc7318', true, true, 'Subretinal fluid', 'c61d6a96-83ae-443a-854b-df206691afe1');
INSERT INTO public.clinical_sign_grade VALUES ('72d5e0ff-3ee7-4cd4-a6c7-76f62ca1d3e4', false, true, 'Subretinal hard exudates', 'c61d6a96-83ae-443a-854b-df206691afe1');
INSERT INTO public.clinical_sign_grade VALUES ('d3771b27-b108-4e63-ab61-ed83ac3ef7fb', true, true, 'Subretinal hemorrhage', 'c61d6a96-83ae-443a-854b-df206691afe1');
INSERT INTO public.clinical_sign_grade VALUES ('fb66fd66-9e67-4919-aea5-800564578ca8', true, true, 'Approximately one disc diameter in size or larger', '0a894542-3786-4d82-b3f6-41b0b99a33b7');
INSERT INTO public.clinical_sign_grade VALUES ('9444194b-0b76-4bf3-8fa8-593bce79b254', true, true, 'Contiguous with the optic disc', '0a894542-3786-4d82-b3f6-41b0b99a33b7');
INSERT INTO public.clinical_sign_grade VALUES ('f8a54497-d555-4e3b-b6e1-439db97f059e', true, true, 'Fan-shaped peripapillary white striated patches', '0a894542-3786-4d82-b3f6-41b0b99a33b7');
INSERT INTO public.clinical_sign_grade VALUES ('252d2044-a999-456c-b910-69ba426fd66f', true, true, 'Feathered borders', '0a894542-3786-4d82-b3f6-41b0b99a33b7');
INSERT INTO public.clinical_sign_grade VALUES ('1875f8eb-f26d-4a8a-a605-6ebd99efa5fe', true, true, 'In the distribution of the RNFL', '0a894542-3786-4d82-b3f6-41b0b99a33b7');
INSERT INTO public.clinical_sign_grade VALUES ('7bd626af-71cb-4441-bd85-ec698926de8e', true, true, 'Obscuration of retinal vessels', '0a894542-3786-4d82-b3f6-41b0b99a33b7');
INSERT INTO public.clinical_sign_grade VALUES ('6682f69e-01b4-4db9-ab3d-5d7feba85301', true, true, 'Peripapillary atrophy (beta-zone)', 'b62fb1e9-9079-4370-980b-99162a6718a2');
INSERT INTO public.clinical_sign_grade VALUES ('9beefed7-3199-4d8d-abb9-c78f9e756715', true, true, 'Remaining rim of normal color', 'b62fb1e9-9079-4370-980b-99162a6718a2');
INSERT INTO public.clinical_sign_grade VALUES ('a4dfa695-6bb5-4769-9819-3deca814a73f', false, true, 'Splinter or flame-shaped optic disc hemorrhage', 'b62fb1e9-9079-4370-980b-99162a6718a2');
INSERT INTO public.clinical_sign_grade VALUES ('a5c973af-d599-4158-8dd8-7c9877a9d40b', true, true, 'Violation of the ISNT rule', 'b62fb1e9-9079-4370-980b-99162a6718a2');
INSERT INTO public.clinical_sign_grade VALUES ('b4fe7343-e90a-4b10-b48e-c9fdec03ef52', true, true, 'Optic nerve head changes: oval, tilted disc', 'b856ad61-05d8-4594-b459-10ac43ee8849');
INSERT INTO public.clinical_sign_grade VALUES ('eaa69484-0dbd-478a-9609-6d9707243395', true, true, 'Pale tessellated retina', 'b856ad61-05d8-4594-b459-10ac43ee8849');
INSERT INTO public.clinical_sign_grade VALUES ('8f70a397-d2b0-4014-9569-ef0ce846570c', true, true, 'Peripapillary atrophy', 'b856ad61-05d8-4594-b459-10ac43ee8849');
INSERT INTO public.clinical_sign_grade VALUES ('c78bcea9-25b2-4f1a-83c6-8e0683af962c', false, true, 'Rhegmatogenous retinal detachment', 'b856ad61-05d8-4594-b459-10ac43ee8849');
INSERT INTO public.clinical_sign_grade VALUES ('dcda0019-0146-4f24-86ca-1226000d4fc0', false, true, 'Preretinal hemorrhage', '9896810a-19d7-4d33-96c4-5d88c3564d7a');
INSERT INTO public.clinical_sign_grade VALUES ('5df216a6-200e-4d4c-ae81-5a71d23f746a', true, true, 'Retinal hemorrhages', '9896810a-19d7-4d33-96c4-5d88c3564d7a');
INSERT INTO public.clinical_sign_grade VALUES ('defe1b66-f12f-4522-a908-13f9cf387b51', false, true, 'Salus sign', '9896810a-19d7-4d33-96c4-5d88c3564d7a');
INSERT INTO public.clinical_sign_grade VALUES ('783a82c9-846f-4dfa-85d3-e3f0acfa3526', false, true, 'Sclerosed veins', '9896810a-19d7-4d33-96c4-5d88c3564d7a');
INSERT INTO public.clinical_sign_grade VALUES ('65aff729-2bf6-45ee-9f99-1fbdee292eb4', true, true, 'Sectorial venous dilatation and tortuosity', '9896810a-19d7-4d33-96c4-5d88c3564d7a');
INSERT INTO public.clinical_sign_grade VALUES ('faa6e222-e70a-4a76-8294-46f8ee0893c1', false, true, 'Telangiectatic vessels', '9896810a-19d7-4d33-96c4-5d88c3564d7a');
INSERT INTO public.clinical_sign_grade VALUES ('a8c94dfd-125e-4787-9421-7fc074c43bf8', false, true, 'Tractional retinal detachment', '9896810a-19d7-4d33-96c4-5d88c3564d7a');
INSERT INTO public.clinical_sign_grade VALUES ('99e6c327-1cd2-49bd-957c-5d882d8e0182', false, true, 'Vitreous hemorrhage', '9896810a-19d7-4d33-96c4-5d88c3564d7a');
INSERT INTO public.clinical_sign_grade VALUES ('6bd9f699-1896-4b76-9ad2-bd95b96e6445', true, false, 'Detached corrugated retina which undulates with eye movements', 'ea083c16-dd50-43cf-a19e-7cfd7f7180f3');
INSERT INTO public.clinical_sign_grade VALUES ('68d6c588-cb88-4866-a13f-acc358c1844f', false, false, 'Horseshoe retinal tear', 'ea083c16-dd50-43cf-a19e-7cfd7f7180f3');
INSERT INTO public.clinical_sign_grade VALUES ('26e9d834-824d-4b20-ad18-11440b503812', true, false, 'Lattice degeneration', 'ea083c16-dd50-43cf-a19e-7cfd7f7180f3');
INSERT INTO public.clinical_sign_grade VALUES ('f16e35af-ce5b-4527-9f81-ec2d69447054', false, false, 'Operculated retinal tear', 'ea083c16-dd50-43cf-a19e-7cfd7f7180f3');
INSERT INTO public.clinical_sign_grade VALUES ('73e3b4f6-af93-4022-94f7-20a991f2c9b6', false, false, 'Other peripheral retinal degenerations', 'ea083c16-dd50-43cf-a19e-7cfd7f7180f3');
INSERT INTO public.clinical_sign_grade VALUES ('634857da-b8a3-4354-aebf-49462654a1fe', false, false, 'PVR', 'ea083c16-dd50-43cf-a19e-7cfd7f7180f3');
INSERT INTO public.clinical_sign_grade VALUES ('5d81b711-2b4c-4def-87e1-98bb5081378b', false, false, 'Posterior vitreous detachment', 'ea083c16-dd50-43cf-a19e-7cfd7f7180f3');
INSERT INTO public.clinical_sign_grade VALUES ('c34efd92-7c89-4530-91d9-feebae6f3765', false, false, 'Shaffer’s sign (pigment in the anterior vitreous)', 'ea083c16-dd50-43cf-a19e-7cfd7f7180f3');
INSERT INTO public.clinical_sign_grade VALUES ('5a8e0a9c-f478-4f14-9692-900bdf677a62', false, false, 'Vitreous hemorrhage ', 'ea083c16-dd50-43cf-a19e-7cfd7f7180f3');
INSERT INTO public.clinical_sign_grade VALUES ('a24a7c31-8879-48e4-81a9-f9247f382f58', true, false, 'Cotton-wool spots', '013daf46-e0a2-4748-b7e9-d8f5198cb478');
INSERT INTO public.clinical_sign_grade VALUES ('c8a4bc0a-9f88-4a78-a12a-922aa2f9c76f', false, false, 'Dilated veins', '013daf46-e0a2-4748-b7e9-d8f5198cb478');
INSERT INTO public.clinical_sign_grade VALUES ('794b4682-1870-4c05-8919-06b94d4eb8fa', true, false, 'Dot-blot hemorrhages', '013daf46-e0a2-4748-b7e9-d8f5198cb478');
INSERT INTO public.clinical_sign_grade VALUES ('c05f068e-5c9a-44d0-bbff-e23d3944f3b1', false, false, 'Flame-shaped hemorrhages', '013daf46-e0a2-4748-b7e9-d8f5198cb478');
INSERT INTO public.clinical_sign_grade VALUES ('f6d93b0c-6364-45a7-958f-6a6a6ce64ab6', false, false, 'Hard exudates', '013daf46-e0a2-4748-b7e9-d8f5198cb478');
INSERT INTO public.clinical_sign_grade VALUES ('437c0d99-82fe-4f74-a423-a3b964c0ff95', false, false, 'Intraretinal microvascular anomalies ', '013daf46-e0a2-4748-b7e9-d8f5198cb478');
INSERT INTO public.clinical_sign_grade VALUES ('d051adeb-f210-4b25-a47c-fb0552b2eafe', true, false, 'Laser spots', '013daf46-e0a2-4748-b7e9-d8f5198cb478');
INSERT INTO public.clinical_sign_grade VALUES ('dc0bb4a8-0c78-43ee-b71e-6ed2036bbbcf', true, false, 'Microaneurysms', '013daf46-e0a2-4748-b7e9-d8f5198cb478');
INSERT INTO public.clinical_sign_grade VALUES ('6082c77c-b730-4c5c-9824-0f946ae45ff7', false, false, 'Neovascularization elsewhere', '013daf46-e0a2-4748-b7e9-d8f5198cb478');
INSERT INTO public.clinical_sign_grade VALUES ('75816afb-bce7-4a54-8517-96ab10cf7455', true, false, 'Neovascularization of the disc', '013daf46-e0a2-4748-b7e9-d8f5198cb478');
INSERT INTO public.clinical_sign_grade VALUES ('b96de4b2-ec59-410a-ac58-e48733c6f195', false, false, 'Preretinal hemorrhage', '013daf46-e0a2-4748-b7e9-d8f5198cb478');
INSERT INTO public.clinical_sign_grade VALUES ('a676b808-629a-4f60-9f7a-5fce802403fb', false, false, 'Tractional retinal detachment', '013daf46-e0a2-4748-b7e9-d8f5198cb478');
INSERT INTO public.clinical_sign_grade VALUES ('55954e54-8452-405a-b728-eed833e836b5', false, false, 'Venous beading', '013daf46-e0a2-4748-b7e9-d8f5198cb478');
INSERT INTO public.clinical_sign_grade VALUES ('ebe98364-c64b-4e33-8af7-2c2d175a2faf', false, false, 'Venous loops', '013daf46-e0a2-4748-b7e9-d8f5198cb478');
INSERT INTO public.clinical_sign_grade VALUES ('1e4c5b1d-7588-4876-8cbe-6283740a341e', false, false, 'Vitreous hemorrhage', '013daf46-e0a2-4748-b7e9-d8f5198cb478');
INSERT INTO public.clinical_sign_grade VALUES ('c02634be-04c6-4986-bf43-8fea8ea7d419', true, false, 'Cellophane maculopathy', '7ec5a58e-ca6c-4bb7-b536-8cb4de72ba45');
INSERT INTO public.clinical_sign_grade VALUES ('c9990616-c9e4-411c-8c3a-a7c8cc23ca78', true, false, 'Distorted blood vessels', '7ec5a58e-ca6c-4bb7-b536-8cb4de72ba45');
INSERT INTO public.clinical_sign_grade VALUES ('3a8357b7-c024-4fe6-ba7f-626cd4141e50', true, false, 'Fine retinal translucent folds or creases', '7ec5a58e-ca6c-4bb7-b536-8cb4de72ba45');
INSERT INTO public.clinical_sign_grade VALUES ('47358fd3-de40-4565-b34c-cd94002baba7', false, false, 'Macular pseudohole', '7ec5a58e-ca6c-4bb7-b536-8cb4de72ba45');
INSERT INTO public.clinical_sign_grade VALUES ('617cc167-77de-41af-8ee3-5fe0353e396b', true, false, 'Macular reflex changes', '7ec5a58e-ca6c-4bb7-b536-8cb4de72ba45');
INSERT INTO public.clinical_sign_grade VALUES ('7b2b14ed-89df-4310-9936-f1f12f19a52c', false, false, 'Macular thickening (macular edema)', '7ec5a58e-ca6c-4bb7-b536-8cb4de72ba45');
INSERT INTO public.clinical_sign_grade VALUES ('ff310dd0-ac69-4ee0-b173-40c3f0c0b060', false, false, 'Wrinkling or distortion of the retinal tissue', '7ec5a58e-ca6c-4bb7-b536-8cb4de72ba45');
INSERT INTO public.clinical_sign_grade VALUES ('4eb82885-48ce-45cc-b1a9-cce3610790e9', true, false, 'Cellophane maculopathy', '73689614-83b8-4927-83b2-7c3ada4d4395');
INSERT INTO public.clinical_sign_grade VALUES ('aab47558-52e4-4b08-9333-df31271cbb81', true, false, 'Distorted blood vessels', '73689614-83b8-4927-83b2-7c3ada4d4395');
INSERT INTO public.clinical_sign_grade VALUES ('ef37a15b-c8d8-43bb-bddb-8ceeafd42879', true, false, 'Fine retinal translucent folds or creases', '73689614-83b8-4927-83b2-7c3ada4d4395');
INSERT INTO public.clinical_sign_grade VALUES ('e8d6f7c3-7748-4400-a7c9-92e7811495e9', false, false, 'Macular pseudohole', '73689614-83b8-4927-83b2-7c3ada4d4395');
INSERT INTO public.clinical_sign_grade VALUES ('c1ae00b7-211a-44ef-bdc9-9aac42867997', true, false, 'Macular reflex changes', '73689614-83b8-4927-83b2-7c3ada4d4395');
INSERT INTO public.clinical_sign_grade VALUES ('900810b9-8c11-49ff-a31e-48e9dbe2a2d1', true, false, 'Macular thickening (macular edema)', '73689614-83b8-4927-83b2-7c3ada4d4395');
INSERT INTO public.clinical_sign_grade VALUES ('2d355217-beee-448c-b771-bf21b0df3aea', true, false, 'Wrinkling or distortion of the retinal tissue', '73689614-83b8-4927-83b2-7c3ada4d4395');
INSERT INTO public.clinical_sign_grade VALUES ('530bf498-4043-404c-ba5a-6c3eba50a35e', false, false, 'Cotton-wool spots', 'f70b4334-974a-4db5-b53d-eaf62a0d51c8');
INSERT INTO public.clinical_sign_grade VALUES ('4ae14816-d6fe-412a-95d9-31c4ba6bee1e', false, false, 'Dilated veins', 'f70b4334-974a-4db5-b53d-eaf62a0d51c8');
INSERT INTO public.clinical_sign_grade VALUES ('3d7b3563-05ef-42b9-afe6-51d71a5cb772', true, false, 'Dot-blot hemorrhages', 'f70b4334-974a-4db5-b53d-eaf62a0d51c8');
INSERT INTO public.clinical_sign_grade VALUES ('8e3cec1c-8c26-408b-992c-a869f6a2b94b', false, false, 'Flame-shaped hemorrhages', 'f70b4334-974a-4db5-b53d-eaf62a0d51c8');
INSERT INTO public.clinical_sign_grade VALUES ('6b080509-2a0c-45cb-b57b-9098f651d0c7', true, false, 'Hard exudates', 'f70b4334-974a-4db5-b53d-eaf62a0d51c8');
INSERT INTO public.clinical_sign_grade VALUES ('982879fa-420e-4b19-b39e-5e12917f81a2', false, false, 'Intraretinal microvascular anomalies ', 'f70b4334-974a-4db5-b53d-eaf62a0d51c8');
INSERT INTO public.clinical_sign_grade VALUES ('b7cf71f9-a8eb-434e-8a75-b5e24312aa92', true, false, 'Laser spots', 'f70b4334-974a-4db5-b53d-eaf62a0d51c8');
INSERT INTO public.clinical_sign_grade VALUES ('e2baf3a1-ac79-45cc-bea8-2ee0ac5f58c7', true, false, 'Microaneurysms', 'f70b4334-974a-4db5-b53d-eaf62a0d51c8');
INSERT INTO public.clinical_sign_grade VALUES ('48fc27ab-3827-4523-a3b0-d8ee09880b79', false, false, 'Neovascularization elsewhere', 'f70b4334-974a-4db5-b53d-eaf62a0d51c8');
INSERT INTO public.clinical_sign_grade VALUES ('73c8d9c0-4961-4922-ba83-093478f194ba', true, false, 'Neovascularization of the disc', 'f70b4334-974a-4db5-b53d-eaf62a0d51c8');
INSERT INTO public.clinical_sign_grade VALUES ('be97912d-4608-4027-a98d-b6d05bdb92b4', false, false, 'Preretinal hemorrhage', 'f70b4334-974a-4db5-b53d-eaf62a0d51c8');
INSERT INTO public.clinical_sign_grade VALUES ('86f4363f-e3ac-4d86-ad2e-43a5890fd319', false, false, 'Tractional retinal detachment', 'f70b4334-974a-4db5-b53d-eaf62a0d51c8');
INSERT INTO public.clinical_sign_grade VALUES ('ee0c8a5f-6498-43c1-8e60-faa81533356d', false, false, 'Venous beading', 'f70b4334-974a-4db5-b53d-eaf62a0d51c8');
INSERT INTO public.clinical_sign_grade VALUES ('e4873d6c-7e72-4f4a-b697-b6b6db3ccd74', false, false, 'Venous loops', 'f70b4334-974a-4db5-b53d-eaf62a0d51c8');
INSERT INTO public.clinical_sign_grade VALUES ('6ed5bbcf-bb82-4a6b-b477-cc830d893095', false, false, 'Vitreous hemorrhage', 'f70b4334-974a-4db5-b53d-eaf62a0d51c8');
INSERT INTO public.clinical_sign_grade VALUES ('7bfc45ef-b71f-45b3-b080-f042ed14261b', false, false, 'Macular star', 'a6116823-8059-4eee-b44a-ae674caecb98');
INSERT INTO public.clinical_sign_grade VALUES ('1d275e80-288c-4e96-8c3b-a8750da64af5', true, false, 'Optic nerve elevated', 'a6116823-8059-4eee-b44a-ae674caecb98');
INSERT INTO public.clinical_sign_grade VALUES ('0193edb6-f7a3-45d9-a478-b3d9a228d4d5', true, false, 'Peripapillary cotton-wool spots', 'a6116823-8059-4eee-b44a-ae674caecb98');
INSERT INTO public.clinical_sign_grade VALUES ('95326f1a-c7b8-4ba6-aab1-a14063b69285', false, false, 'Peripapillary exudates', 'a6116823-8059-4eee-b44a-ae674caecb98');
INSERT INTO public.clinical_sign_grade VALUES ('c4ccf933-624f-4c59-a2f6-20b08eeb7320', true, false, 'Peripapillary hemorrhages', 'a6116823-8059-4eee-b44a-ae674caecb98');
INSERT INTO public.clinical_sign_grade VALUES ('f63f0c4f-502f-4f20-a556-8430676d73e2', true, false, 'Venous dilation and tortuosity', 'a6116823-8059-4eee-b44a-ae674caecb98');
INSERT INTO public.clinical_sign_grade VALUES ('263fcbd4-4efe-4476-8e66-7ded08be70c8', false, false, 'Vessels at optic nerve obscured', 'a6116823-8059-4eee-b44a-ae674caecb98');
INSERT INTO public.clinical_sign_grade VALUES ('d01c7318-d424-4076-9fb6-2527b8433738', true, false, 'White chalky appearance of edema', 'a6116823-8059-4eee-b44a-ae674caecb98');
INSERT INTO public.clinical_sign_grade VALUES ('38fa8072-70d3-4d0d-91dd-ab64928f6c75', false, false, 'Asymmetry of cupping (> 0.2) in the absence of asymmetry of disc sizes', 'd5716c58-3f7b-4182-9c0d-d2ed46abfe07');
INSERT INTO public.clinical_sign_grade VALUES ('9ff2266d-e6ff-46db-98aa-3b020ced591c', false, false, 'Baring of circumlinear vessels', 'd5716c58-3f7b-4182-9c0d-d2ed46abfe07');
INSERT INTO public.clinical_sign_grade VALUES ('9ad610d1-ea02-467b-bad4-6ae71429c6d5', false, false, 'Bayoneting vessels at the disc edge', 'd5716c58-3f7b-4182-9c0d-d2ed46abfe07');
INSERT INTO public.clinical_sign_grade VALUES ('d56082a8-ca79-4793-947e-158c9421989a', true, false, 'ISNT rule intact', 'd5716c58-3f7b-4182-9c0d-d2ed46abfe07');
INSERT INTO public.clinical_sign_grade VALUES ('a99278fc-efcb-4d3b-a8c9-35def306d6d6', false, false, 'Increased cup to disc ratio (in correspondence to disc size)', 'd5716c58-3f7b-4182-9c0d-d2ed46abfe07');
INSERT INTO public.clinical_sign_grade VALUES ('b9e08484-4606-48b0-afb1-d4ccfb5b9e38', false, false, 'Nasal shift of the central retinal vessels', 'd5716c58-3f7b-4182-9c0d-d2ed46abfe07');
INSERT INTO public.clinical_sign_grade VALUES ('1cc515ab-36f5-4f0c-8df1-f232e5a3de4f', false, false, 'Notching of the rim (localized rim thinning)', 'd5716c58-3f7b-4182-9c0d-d2ed46abfe07');
INSERT INTO public.clinical_sign_grade VALUES ('8305e12f-e695-40a9-87f2-2748910e6d17', false, false, 'Peripapillary atrophy', 'd5716c58-3f7b-4182-9c0d-d2ed46abfe07');
INSERT INTO public.clinical_sign_grade VALUES ('88964bbd-0d4b-4fcc-a253-3705ed0c6695', false, false, 'Remaining rim of normal color', 'd5716c58-3f7b-4182-9c0d-d2ed46abfe07');
INSERT INTO public.clinical_sign_grade VALUES ('a932f5e0-ab4a-445e-9a55-6ea35b8fa8b1', false, false, 'Splinter or flame-shaped optic disc hemorrhage', 'd5716c58-3f7b-4182-9c0d-d2ed46abfe07');
INSERT INTO public.clinical_sign_grade VALUES ('3d53947b-18e2-4ae0-aefc-15de85c43571', false, false, 'Approximately one disc diameter in size or larger', 'dadebaed-6684-40ff-898c-b47cbf5645a7');
INSERT INTO public.clinical_sign_grade VALUES ('1159da8a-a7d4-4bcd-a775-8aa8aa117e5d', false, false, 'Contiguous with the optic disc', 'dadebaed-6684-40ff-898c-b47cbf5645a7');
INSERT INTO public.clinical_sign_grade VALUES ('47e95de3-7060-4fd0-8bd3-625bae573559', true, false, 'Fan-shaped peripapillary white striated patches', 'dadebaed-6684-40ff-898c-b47cbf5645a7');
INSERT INTO public.clinical_sign_grade VALUES ('f97ccfee-e763-46f5-8d13-ccc5f4aedab5', true, false, 'Feathered borders', 'dadebaed-6684-40ff-898c-b47cbf5645a7');
INSERT INTO public.clinical_sign_grade VALUES ('89ca29dc-bd66-4c89-a44c-d35403386d56', true, false, 'In the distribution of the RNFL', 'dadebaed-6684-40ff-898c-b47cbf5645a7');
INSERT INTO public.clinical_sign_grade VALUES ('94ca330c-50cd-4d8d-af6b-65406679beb2', false, false, 'Obscuration of retinal vessels', 'dadebaed-6684-40ff-898c-b47cbf5645a7');
INSERT INTO public.clinical_sign_grade VALUES ('880eca4a-2925-4f56-9694-07b995664c09', true, false, 'Highly refractile, multi-coloured opacities, flat, angular or disc-shaped', '46ec44e7-b0b2-4ecb-b498-ce355319b46c');
INSERT INTO public.clinical_sign_grade VALUES ('2d05b4a5-25a3-42d5-bbf4-5b6627040007', false, false, 'Pigment in vitreous', '46ec44e7-b0b2-4ecb-b498-ce355319b46c');
INSERT INTO public.clinical_sign_grade VALUES ('42b66ce3-280c-4d18-8fbf-9cf5fde49a7e', true, false, 'Small yellowish-white spherical opacities in the vitreous (stars in the night sky)', '46ec44e7-b0b2-4ecb-b498-ce355319b46c');
INSERT INTO public.clinical_sign_grade VALUES ('2d337ce7-cebb-4729-a452-3254d5253b05', false, false, 'Vitreous hemorrhage', '46ec44e7-b0b2-4ecb-b498-ce355319b46c');
INSERT INTO public.clinical_sign_grade VALUES ('ee25a517-b924-4015-8a0f-533d4a9721ad', false, false, 'Vitreous liquefaction and syneresis', '46ec44e7-b0b2-4ecb-b498-ce355319b46c');
INSERT INTO public.clinical_sign_grade VALUES ('bc4ac0ca-295c-4962-a715-520529c62c67', false, false, 'Weiss ring', '46ec44e7-b0b2-4ecb-b498-ce355319b46c');
INSERT INTO public.clinical_sign_grade VALUES ('e3f0b7d8-ab51-46c8-b643-023d09c8ebbf', false, false, 'Collateral vascular shunt at the optic disc', '5c283633-aad8-48c1-8c96-3d2f1e8f2bcf');
INSERT INTO public.clinical_sign_grade VALUES ('35148615-3fda-4f79-b62d-d354322e2078', true, false, 'Cotton-wool spots', '5c283633-aad8-48c1-8c96-3d2f1e8f2bcf');
INSERT INTO public.clinical_sign_grade VALUES ('3ed16021-cebb-40fb-8709-821ec03e57c6', false, false, 'Hard exudates', '5c283633-aad8-48c1-8c96-3d2f1e8f2bcf');
INSERT INTO public.clinical_sign_grade VALUES ('09eb022d-c053-4df0-9425-627b48d74a87', false, false, 'IRMA', '5c283633-aad8-48c1-8c96-3d2f1e8f2bcf');
INSERT INTO public.clinical_sign_grade VALUES ('c7b73bdc-3207-4e9e-be57-803330a0211c', true, false, 'Iris neovascularization', '5c283633-aad8-48c1-8c96-3d2f1e8f2bcf');
INSERT INTO public.clinical_sign_grade VALUES ('11aeab14-4415-4209-ac7b-9348bafc89e0', true, false, 'Ischemic central retinal vein occlusion', '5c283633-aad8-48c1-8c96-3d2f1e8f2bcf');
INSERT INTO public.clinical_sign_grade VALUES ('4c65b3a7-c699-41dc-a514-76bb9fd45bd7', true, false, 'Macular edema', '5c283633-aad8-48c1-8c96-3d2f1e8f2bcf');
INSERT INTO public.clinical_sign_grade VALUES ('73700fa5-2dc9-4a59-8d03-f1dbe5cdf0b0', false, false, 'Macular ischemia', '5c283633-aad8-48c1-8c96-3d2f1e8f2bcf');
INSERT INTO public.clinical_sign_grade VALUES ('fc6560e1-be3d-453d-853e-060af273fe8d', true, false, 'Microaneurysms', '5c283633-aad8-48c1-8c96-3d2f1e8f2bcf');
INSERT INTO public.clinical_sign_grade VALUES ('20a64fb8-2049-4710-ab88-5cf948904b34', true, false, 'Neovascularization elsewhere', '5c283633-aad8-48c1-8c96-3d2f1e8f2bcf');
INSERT INTO public.clinical_sign_grade VALUES ('d947b280-47c8-45d4-acc8-b49813029997', true, false, 'Neovascularization of the disc', '5c283633-aad8-48c1-8c96-3d2f1e8f2bcf');
INSERT INTO public.clinical_sign_grade VALUES ('b7ab057a-4ca7-4f90-92fa-fa5cef3b5ab8', false, false, 'Non-ischemic central retinal vein occlusion', '5c283633-aad8-48c1-8c96-3d2f1e8f2bcf');
INSERT INTO public.clinical_sign_grade VALUES ('3e115b4f-4d44-4e70-be61-7ce43bcbefb6', true, false, 'Optic disc edema', '5c283633-aad8-48c1-8c96-3d2f1e8f2bcf');
INSERT INTO public.clinical_sign_grade VALUES ('d18f8efc-51cf-4a0c-b7d1-eded7537601b', true, false, 'Panretinal venous dilatation and tortuosity', '5c283633-aad8-48c1-8c96-3d2f1e8f2bcf');
INSERT INTO public.clinical_sign_grade VALUES ('5cbf0a2e-31b8-4fa4-a2bc-c74195c35eb5', false, false, 'Preretinal hemorrhage', '5c283633-aad8-48c1-8c96-3d2f1e8f2bcf');
INSERT INTO public.clinical_sign_grade VALUES ('f021eda5-6477-47da-bb3b-9988db3e8911', true, false, 'Retinal hemorrhages', '5c283633-aad8-48c1-8c96-3d2f1e8f2bcf');
INSERT INTO public.clinical_sign_grade VALUES ('2ef8071d-4f68-4ff2-baad-74a45a49de37', false, false, 'Retinal vessel wall sheating', '5c283633-aad8-48c1-8c96-3d2f1e8f2bcf');
INSERT INTO public.clinical_sign_grade VALUES ('6b5eca35-e72a-4d2e-b40d-a98a7be44bfe', false, false, 'Salus sign', '5c283633-aad8-48c1-8c96-3d2f1e8f2bcf');
INSERT INTO public.clinical_sign_grade VALUES ('10bdb47b-194e-4fcc-a0ed-25a1034d3ef6', false, false, 'Sclerosed veins', '5c283633-aad8-48c1-8c96-3d2f1e8f2bcf');
INSERT INTO public.clinical_sign_grade VALUES ('6440ceaa-c477-4a88-9750-4948b3642d63', true, false, 'Telangiectatic vessels', '5c283633-aad8-48c1-8c96-3d2f1e8f2bcf');
INSERT INTO public.clinical_sign_grade VALUES ('94825bef-a7f9-4452-891c-e0db6add619e', false, false, 'Tractional retinal detachment', '5c283633-aad8-48c1-8c96-3d2f1e8f2bcf');
INSERT INTO public.clinical_sign_grade VALUES ('864d1f93-bfdb-4958-873d-01ef36c51bed', false, false, 'Vitreous hemorrhage', '5c283633-aad8-48c1-8c96-3d2f1e8f2bcf');
INSERT INTO public.clinical_sign_grade VALUES ('30896d74-cde6-4260-9bae-0958e9d8bc05', true, false, 'Approximately one disc diameter in size or larger', '12ecf02f-cb68-45df-89d3-7f5ee2bf5f2a');
INSERT INTO public.clinical_sign_grade VALUES ('492c88f2-8361-4d9c-9d7c-0444ea302909', false, false, 'Contiguous with the optic disc', '12ecf02f-cb68-45df-89d3-7f5ee2bf5f2a');
INSERT INTO public.clinical_sign_grade VALUES ('034970f4-3d56-471d-a83a-f6e0cb80a614', false, false, 'Fan-shaped peripapillary white striated patches', '12ecf02f-cb68-45df-89d3-7f5ee2bf5f2a');
INSERT INTO public.clinical_sign_grade VALUES ('f492c918-891e-4cf7-9149-ebdfdb13f19a', true, false, 'Feathered borders', '12ecf02f-cb68-45df-89d3-7f5ee2bf5f2a');
INSERT INTO public.clinical_sign_grade VALUES ('479da599-434e-4738-8f83-cda0ee8db236', true, false, 'In the distribution of the RNFL', '12ecf02f-cb68-45df-89d3-7f5ee2bf5f2a');
INSERT INTO public.clinical_sign_grade VALUES ('de3a2d6f-c030-43ae-b098-ec300ee3ac44', true, false, 'Obscuration of retinal vessels', '12ecf02f-cb68-45df-89d3-7f5ee2bf5f2a');
INSERT INTO public.clinical_sign_grade VALUES ('bd8f14fc-d04d-429e-9026-9e1920b14a04', true, false, 'Cotton-wool spots', '20d5823b-4fc5-4e31-b2c5-b99977713a2d');
INSERT INTO public.clinical_sign_grade VALUES ('a4589a2b-4fad-410e-814d-d7cda3e0ac54', false, false, 'Dilated veins', '20d5823b-4fc5-4e31-b2c5-b99977713a2d');
INSERT INTO public.clinical_sign_grade VALUES ('4bea376b-16c4-4cf0-8655-803b87d9b452', true, false, 'Dot-blot hemorrhages', '20d5823b-4fc5-4e31-b2c5-b99977713a2d');
INSERT INTO public.clinical_sign_grade VALUES ('55e88965-b73e-42bb-8da7-8e52e8a4e9d2', true, false, 'Flame-shaped hemorrhages', '20d5823b-4fc5-4e31-b2c5-b99977713a2d');
INSERT INTO public.clinical_sign_grade VALUES ('e2653123-be88-4092-9ed1-01ce1b23ba2f', true, false, 'Hard exudates', '20d5823b-4fc5-4e31-b2c5-b99977713a2d');
INSERT INTO public.clinical_sign_grade VALUES ('100849c8-6ad8-46f7-8e3e-9daf9facad8d', false, false, 'Intraretinal microvascular anomalies ', '20d5823b-4fc5-4e31-b2c5-b99977713a2d');
INSERT INTO public.clinical_sign_grade VALUES ('ce7bacd9-f65e-40ac-98d3-1589cd516fa9', true, false, 'Laser spots', '20d5823b-4fc5-4e31-b2c5-b99977713a2d');
INSERT INTO public.clinical_sign_grade VALUES ('a8dfba55-0a35-4d91-a454-5863adb310de', true, false, 'Microaneurysms', '20d5823b-4fc5-4e31-b2c5-b99977713a2d');
INSERT INTO public.clinical_sign_grade VALUES ('40caacfe-253b-48ee-8df2-05cd857b76d4', false, false, 'Neovascularization elsewhere', '20d5823b-4fc5-4e31-b2c5-b99977713a2d');
INSERT INTO public.clinical_sign_grade VALUES ('d2b8316b-ca76-4bee-bd56-7de7228489d7', false, false, 'Neovascularization of the disc', '20d5823b-4fc5-4e31-b2c5-b99977713a2d');
INSERT INTO public.clinical_sign_grade VALUES ('c970a043-d222-42a4-b211-83964d05bec7', false, false, 'Preretinal hemorrhage', '20d5823b-4fc5-4e31-b2c5-b99977713a2d');
INSERT INTO public.clinical_sign_grade VALUES ('fb628804-fb3e-4165-8419-51ecb80a9fa6', false, false, 'Tractional retinal detachment', '20d5823b-4fc5-4e31-b2c5-b99977713a2d');
INSERT INTO public.clinical_sign_grade VALUES ('938f4164-8c5a-4e9f-9350-3e781939f7c1', true, false, 'Venous beading', '20d5823b-4fc5-4e31-b2c5-b99977713a2d');
INSERT INTO public.clinical_sign_grade VALUES ('1666fdb7-9687-4ca1-b3ac-ab9b701cfd4f', false, false, 'Venous loops', '20d5823b-4fc5-4e31-b2c5-b99977713a2d');
INSERT INTO public.clinical_sign_grade VALUES ('0ff44f09-af36-400b-b348-510d9f2c78b7', false, false, 'Vitreous hemorrhage', '20d5823b-4fc5-4e31-b2c5-b99977713a2d');
INSERT INTO public.clinical_sign_grade VALUES ('95b05ebf-3007-4e0d-b17e-b4d6bb610937', false, false, 'Cotton-wool spots', '0eeac27c-bebf-4654-ac3f-7a43952b6d05');
INSERT INTO public.clinical_sign_grade VALUES ('673d3d35-4678-48e7-b89e-1382f8673a47', false, false, 'Dilated veins', '0eeac27c-bebf-4654-ac3f-7a43952b6d05');
INSERT INTO public.clinical_sign_grade VALUES ('f1957a2f-6367-4c02-a8c2-62d48422034e', true, false, 'Dot-blot hemorrhages', '0eeac27c-bebf-4654-ac3f-7a43952b6d05');
INSERT INTO public.clinical_sign_grade VALUES ('8f854252-b53c-4ca0-b18a-89ceaf88fee2', false, false, 'Flame-shaped hemorrhages', '0eeac27c-bebf-4654-ac3f-7a43952b6d05');
INSERT INTO public.clinical_sign_grade VALUES ('5a1a5465-582c-47ac-946a-cb9cbb7c9238', false, false, 'Hard exudates', '0eeac27c-bebf-4654-ac3f-7a43952b6d05');
INSERT INTO public.clinical_sign_grade VALUES ('7d646648-38a4-455d-b483-6b1a044da23b', false, false, 'Intraretinal microvascular anomalies ', '0eeac27c-bebf-4654-ac3f-7a43952b6d05');
INSERT INTO public.clinical_sign_grade VALUES ('48bd5cd2-7822-4d3f-8211-e93fe6b6e0eb', false, false, 'Laser spots', '0eeac27c-bebf-4654-ac3f-7a43952b6d05');
INSERT INTO public.clinical_sign_grade VALUES ('c6cfc2a7-24ed-4615-9387-5fcd8eec182a', false, false, 'Microaneurysms', '0eeac27c-bebf-4654-ac3f-7a43952b6d05');
INSERT INTO public.clinical_sign_grade VALUES ('40b92eec-a7b6-4e41-bf97-af6e0c50db34', true, false, 'Neovascularization elsewhere', '0eeac27c-bebf-4654-ac3f-7a43952b6d05');
INSERT INTO public.clinical_sign_grade VALUES ('61ce3e9e-37ed-4c24-8a49-aed2501842c2', false, false, 'Neovascularization of the disc', '0eeac27c-bebf-4654-ac3f-7a43952b6d05');
INSERT INTO public.clinical_sign_grade VALUES ('766405de-3f2d-4797-8ea0-f357a7b45ab8', false, false, 'Preretinal hemorrhage', '0eeac27c-bebf-4654-ac3f-7a43952b6d05');
INSERT INTO public.clinical_sign_grade VALUES ('da4cc185-4a25-4e53-8aed-591fc7eb10b4', false, false, 'Tractional retinal detachment', '0eeac27c-bebf-4654-ac3f-7a43952b6d05');
INSERT INTO public.clinical_sign_grade VALUES ('8b125738-d977-4adc-8835-0cb3989e4e2e', false, false, 'Venous beading', '0eeac27c-bebf-4654-ac3f-7a43952b6d05');
INSERT INTO public.clinical_sign_grade VALUES ('c29728e0-7b5b-492c-b03d-9ad9fede0adf', false, false, 'Venous loops', '0eeac27c-bebf-4654-ac3f-7a43952b6d05');
INSERT INTO public.clinical_sign_grade VALUES ('e7908917-3950-42d4-a347-5c9b75ecd835', false, false, 'Vitreous hemorrhage', '0eeac27c-bebf-4654-ac3f-7a43952b6d05');
INSERT INTO public.clinical_sign_grade VALUES ('c4c99007-ec5b-47c4-9493-622531667efb', true, false, 'Geographic atrophy', '1dfdc126-835f-4e09-9b55-b403a253a77d');
INSERT INTO public.clinical_sign_grade VALUES ('e458d65d-2bdd-4088-b9e4-fa30144846fe', true, false, 'Hard drusen', '1dfdc126-835f-4e09-9b55-b403a253a77d');
INSERT INTO public.clinical_sign_grade VALUES ('6b9670a3-3a82-46dc-8da7-77d1ba1ad558', true, false, 'Retinal pigment epithelium changes', '1dfdc126-835f-4e09-9b55-b403a253a77d');
INSERT INTO public.clinical_sign_grade VALUES ('f21ee23f-dfb1-4142-b55a-4072a1ecfbfb', false, false, 'Soft drusen', '1dfdc126-835f-4e09-9b55-b403a253a77d');
INSERT INTO public.clinical_sign_grade VALUES ('cf314ec7-321e-4ffa-a805-8bc319946dd9', true, false, 'Subretinal disciform fibrosis', '1dfdc126-835f-4e09-9b55-b403a253a77d');
INSERT INTO public.clinical_sign_grade VALUES ('10636d66-bf1b-4ff9-8ef7-b1d37dd558ee', false, false, 'Subretinal fluid', '1dfdc126-835f-4e09-9b55-b403a253a77d');
INSERT INTO public.clinical_sign_grade VALUES ('eb7b0a84-5d2e-4199-b9a7-109ff5c91d48', false, false, 'Subretinal hard exudates', '1dfdc126-835f-4e09-9b55-b403a253a77d');
INSERT INTO public.clinical_sign_grade VALUES ('c19bb4f1-48ad-4593-9190-91283ae4332e', false, false, 'Subretinal hemorrhage', '1dfdc126-835f-4e09-9b55-b403a253a77d');
INSERT INTO public.clinical_sign_grade VALUES ('3db6b7f0-63e8-4342-90bc-70fde4e77d27', true, false, 'Detached corrugated retina which undulates with eye movements', 'ec84b38b-f98b-4e4b-9ec1-19214da2f836');
INSERT INTO public.clinical_sign_grade VALUES ('37515bab-0670-4663-affc-fdba423260b7', false, false, 'Horseshoe retinal tear', 'ec84b38b-f98b-4e4b-9ec1-19214da2f836');
INSERT INTO public.clinical_sign_grade VALUES ('23a235e5-1a92-4bf2-913d-9f314e9ea155', false, false, 'Lattice degeneration', 'ec84b38b-f98b-4e4b-9ec1-19214da2f836');
INSERT INTO public.clinical_sign_grade VALUES ('244e85b7-0425-488f-a645-20d802b641d2', false, false, 'Operculated retinal tear', 'ec84b38b-f98b-4e4b-9ec1-19214da2f836');
INSERT INTO public.clinical_sign_grade VALUES ('a94dbd46-2353-43b2-a56d-92670352fa13', false, false, 'Other peripheral retinal degenerations', 'ec84b38b-f98b-4e4b-9ec1-19214da2f836');
INSERT INTO public.clinical_sign_grade VALUES ('e46b8421-586e-4524-8b63-c81551bc0bb4', true, false, 'PVR', 'ec84b38b-f98b-4e4b-9ec1-19214da2f836');
INSERT INTO public.clinical_sign_grade VALUES ('24f3ecdd-7319-425e-8e59-65aedc3de13e', false, false, 'Posterior vitreous detachment', 'ec84b38b-f98b-4e4b-9ec1-19214da2f836');
INSERT INTO public.clinical_sign_grade VALUES ('b555495c-ebc8-49b9-8a59-90712fb00b25', false, false, 'Shaffer’s sign (pigment in the anterior vitreous)', 'ec84b38b-f98b-4e4b-9ec1-19214da2f836');
INSERT INTO public.clinical_sign_grade VALUES ('90ba96d6-cba6-436f-a038-297adbb69797', false, false, 'Vitreous hemorrhage ', 'ec84b38b-f98b-4e4b-9ec1-19214da2f836');
INSERT INTO public.clinical_sign_grade VALUES ('a6096416-6bbf-4a26-a188-fd050825475a', true, false, 'Detached corrugated retina which undulates with eye movements', '272eddb1-7552-4c4f-b744-b1f8ed3b2b30');
INSERT INTO public.clinical_sign_grade VALUES ('d9d14b78-0a18-4942-bd2b-4fbd0d9f0042', false, false, 'Horseshoe retinal tear', '272eddb1-7552-4c4f-b744-b1f8ed3b2b30');
INSERT INTO public.clinical_sign_grade VALUES ('12e88e60-e88b-4ae7-92cf-6274dccb28b2', false, false, 'Lattice degeneration', '272eddb1-7552-4c4f-b744-b1f8ed3b2b30');
INSERT INTO public.clinical_sign_grade VALUES ('80c7e36c-18fc-497f-b5b8-9891ac0b5f41', false, false, 'Operculated retinal tear', '272eddb1-7552-4c4f-b744-b1f8ed3b2b30');
INSERT INTO public.clinical_sign_grade VALUES ('9ea77001-db63-41ab-aec4-62880b92b16a', false, false, 'Other peripheral retinal degenerations', '272eddb1-7552-4c4f-b744-b1f8ed3b2b30');
INSERT INTO public.clinical_sign_grade VALUES ('662f826a-f48f-4a45-b0f5-7ad5461c7879', false, false, 'PVR', '272eddb1-7552-4c4f-b744-b1f8ed3b2b30');
INSERT INTO public.clinical_sign_grade VALUES ('7ec6d420-9029-4549-9e43-4275470bc5bd', false, false, 'Posterior vitreous detachment', '272eddb1-7552-4c4f-b744-b1f8ed3b2b30');
INSERT INTO public.clinical_sign_grade VALUES ('d65f6b13-202c-44c5-ae7b-b2e9996b44c0', true, false, 'Shaffer’s sign (pigment in the anterior vitreous)', '272eddb1-7552-4c4f-b744-b1f8ed3b2b30');
INSERT INTO public.clinical_sign_grade VALUES ('6493f7a3-cadc-40af-a348-628efd561aba', false, false, 'Vitreous hemorrhage ', '272eddb1-7552-4c4f-b744-b1f8ed3b2b30');
INSERT INTO public.clinical_sign_grade VALUES ('9d0b7eda-dbc6-4ad1-bb4a-02ef41ccac3b', true, false, 'Gray-white serofibrinous exudate', '43eafe29-d95c-4cd9-bbd1-521192509e14');
INSERT INTO public.clinical_sign_grade VALUES ('fa1380ca-407b-423f-9933-f4220701a856', true, false, 'Macular RPE mottling', '43eafe29-d95c-4cd9-bbd1-521192509e14');
INSERT INTO public.clinical_sign_grade VALUES ('c25aa52d-8ce7-4545-85d6-fc3b3d7118d7', true, false, 'Round/oval serous macular detachment', '43eafe29-d95c-4cd9-bbd1-521192509e14');
INSERT INTO public.clinical_sign_grade VALUES ('fc575480-c1ae-4deb-979c-385fefa4fb2a', true, false, 'Small, yellow sub-retinal deposits', '43eafe29-d95c-4cd9-bbd1-521192509e14');
INSERT INTO public.clinical_sign_grade VALUES ('16e01dc5-97c3-4928-b70d-aef8bb9896ec', false, false, 'Macular star', '3ea4687a-ab3b-4bc0-9814-fe6860135649');
INSERT INTO public.clinical_sign_grade VALUES ('e12f38d6-1cae-414e-b3eb-07231990ec46', true, false, 'Optic nerve elevated', '3ea4687a-ab3b-4bc0-9814-fe6860135649');
INSERT INTO public.clinical_sign_grade VALUES ('8c5eeaf5-f77b-43f6-aa50-626ac5bfeb98', false, false, 'Peripapillary cotton-wool spots', '3ea4687a-ab3b-4bc0-9814-fe6860135649');
INSERT INTO public.clinical_sign_grade VALUES ('67ba78ae-3f33-4426-bb2e-f79bdc32899e', false, false, 'Peripapillary exudates', '3ea4687a-ab3b-4bc0-9814-fe6860135649');
INSERT INTO public.clinical_sign_grade VALUES ('4a63b235-ebf3-42db-a521-2f022c592f3f', true, false, 'Peripapillary hemorrhages', '3ea4687a-ab3b-4bc0-9814-fe6860135649');
INSERT INTO public.clinical_sign_grade VALUES ('1a408e1f-1128-413c-b228-4a3fe09654af', true, false, 'Venous dilation and tortuosity', '3ea4687a-ab3b-4bc0-9814-fe6860135649');
INSERT INTO public.clinical_sign_grade VALUES ('94dee878-e100-44d9-a2b0-87468f846b96', true, false, 'Vessels at optic nerve obscured', '3ea4687a-ab3b-4bc0-9814-fe6860135649');
INSERT INTO public.clinical_sign_grade VALUES ('bbacb79c-a706-4db2-8e1e-1615d70fefb1', true, false, 'White chalky appearance of edema', '3ea4687a-ab3b-4bc0-9814-fe6860135649');
INSERT INTO public.clinical_sign_grade VALUES ('c17da8c2-1781-400f-a6fb-11acfea66847', true, false, 'Cotton-wool spots', '392ab2e5-cbf0-45cb-a011-7c3a36a20ff7');
INSERT INTO public.clinical_sign_grade VALUES ('97fcfae7-eb08-4579-9048-1dce3df30467', true, false, 'Dilated veins', '392ab2e5-cbf0-45cb-a011-7c3a36a20ff7');
INSERT INTO public.clinical_sign_grade VALUES ('0603f71f-be5a-4d0c-8ede-8599392a071c', true, false, 'Dot-blot hemorrhages', '392ab2e5-cbf0-45cb-a011-7c3a36a20ff7');
INSERT INTO public.clinical_sign_grade VALUES ('ff1310d9-acef-4446-bc9d-0af633c807dd', true, false, 'Flame-shaped hemorrhages', '392ab2e5-cbf0-45cb-a011-7c3a36a20ff7');
INSERT INTO public.clinical_sign_grade VALUES ('3d0aa289-b263-45f7-8749-b14812a89e0b', true, false, 'Hard exudates', '392ab2e5-cbf0-45cb-a011-7c3a36a20ff7');
INSERT INTO public.clinical_sign_grade VALUES ('dfc9fa62-2cb7-404f-af85-b5544c4b350b', true, false, 'Intraretinal microvascular anomalies ', '392ab2e5-cbf0-45cb-a011-7c3a36a20ff7');
INSERT INTO public.clinical_sign_grade VALUES ('4a4414a9-8ea0-40a1-a160-5d3f473a11ee', true, false, 'Laser spots', '392ab2e5-cbf0-45cb-a011-7c3a36a20ff7');
INSERT INTO public.clinical_sign_grade VALUES ('3b8b7049-425b-46d6-8ee3-769a5247d1af', true, false, 'Microaneurysms', '392ab2e5-cbf0-45cb-a011-7c3a36a20ff7');
INSERT INTO public.clinical_sign_grade VALUES ('655d371a-4d8e-4934-ab9d-e9c7dfad7163', true, false, 'Neovascularization elsewhere', '392ab2e5-cbf0-45cb-a011-7c3a36a20ff7');
INSERT INTO public.clinical_sign_grade VALUES ('cb9b1bf5-8194-4805-8608-37ca2311a165', false, false, 'Neovascularization of the disc', '392ab2e5-cbf0-45cb-a011-7c3a36a20ff7');
INSERT INTO public.clinical_sign_grade VALUES ('3f98e774-3b9d-46a4-8ad9-bbc99e833443', true, false, 'Preretinal hemorrhage', '392ab2e5-cbf0-45cb-a011-7c3a36a20ff7');
INSERT INTO public.clinical_sign_grade VALUES ('ce8c5e6e-5a40-4a4e-904b-ef699ae506ed', false, false, 'Tractional retinal detachment', '392ab2e5-cbf0-45cb-a011-7c3a36a20ff7');
INSERT INTO public.clinical_sign_grade VALUES ('a85dde99-dae4-4187-b370-4f467b22a512', true, false, 'Venous beading', '392ab2e5-cbf0-45cb-a011-7c3a36a20ff7');
INSERT INTO public.clinical_sign_grade VALUES ('4e69d73a-ec37-4bff-9e07-a243bd9431d7', true, false, 'Venous loops', '392ab2e5-cbf0-45cb-a011-7c3a36a20ff7');
INSERT INTO public.clinical_sign_grade VALUES ('4fc44a31-4222-4212-825c-f966d77319b6', false, false, 'Vitreous hemorrhage', '392ab2e5-cbf0-45cb-a011-7c3a36a20ff7');
INSERT INTO public.clinical_sign_grade VALUES ('3411b2a6-56e8-4808-9168-2defee1bb25c', true, false, 'Visibility of large choroidal vessels at the posterior fundus pole outside of the peripapillary region', 'cfeeffd0-5e50-4e26-9cd2-4876e9dd7757');
INSERT INTO public.clinical_sign_grade VALUES ('a9f12ef4-4837-46f3-a8c2-5c5a10b04d83', false, false, 'Cellophane maculopathy', '40bedf65-9013-45e4-ab6a-ea973d67a509');
INSERT INTO public.clinical_sign_grade VALUES ('e44e5d40-59ec-49d9-b2cc-db7b080063c9', true, false, 'Distorted blood vessels', '40bedf65-9013-45e4-ab6a-ea973d67a509');
INSERT INTO public.clinical_sign_grade VALUES ('d98d519e-6007-4c37-b141-131000e7161b', false, false, 'Fine retinal translucent folds or creases', '40bedf65-9013-45e4-ab6a-ea973d67a509');
INSERT INTO public.clinical_sign_grade VALUES ('c6f05567-4e58-4741-826e-4e8f01f7d19b', false, false, 'Macular pseudohole', '40bedf65-9013-45e4-ab6a-ea973d67a509');
INSERT INTO public.clinical_sign_grade VALUES ('a35db02c-e84a-4e03-979d-3d09771160c0', true, false, 'Macular reflex changes', '40bedf65-9013-45e4-ab6a-ea973d67a509');
INSERT INTO public.clinical_sign_grade VALUES ('242373d4-2659-4f1a-9354-4ef6787da17f', true, false, 'Macular thickening (macular edema)', '40bedf65-9013-45e4-ab6a-ea973d67a509');
INSERT INTO public.clinical_sign_grade VALUES ('bac05fd8-cd17-4d96-9187-0fce28c87fc8', true, false, 'Wrinkling or distortion of the retinal tissue', '40bedf65-9013-45e4-ab6a-ea973d67a509');
INSERT INTO public.clinical_sign_grade VALUES ('0b39c52b-3f73-436f-a41e-8e003be59c2c', true, false, 'Dystrophic calcification at the drusen level', '5d2c10a8-fe5d-40c5-a428-e4604003d521');
INSERT INTO public.clinical_sign_grade VALUES ('9047c1b4-e6cd-461c-93c8-53e597a6b7f7', true, false, 'Hard drusen: small (< 63 μm), well-defined, yellow excrescences', '5d2c10a8-fe5d-40c5-a428-e4604003d521');
INSERT INTO public.clinical_sign_grade VALUES ('caf890ca-0673-4c1a-96d5-6e892c2adf11', false, false, 'Intermediate drusen: moderately well-defined yellow–white retinal spots', '5d2c10a8-fe5d-40c5-a428-e4604003d521');
INSERT INTO public.clinical_sign_grade VALUES ('fb006165-b88e-49b7-bb32-12fdd86c6a54', false, false, 'Possible pigmentary changes', '5d2c10a8-fe5d-40c5-a428-e4604003d521');
INSERT INTO public.clinical_sign_grade VALUES ('bb7da62b-2796-491f-811d-6afde27e2777', true, false, 'Soft drusen: large (> 125 μm), poorly delineated, pale yellow or grayish-white retinal lesions', '5d2c10a8-fe5d-40c5-a428-e4604003d521');
INSERT INTO public.clinical_sign_grade VALUES ('b544fed0-f550-4f71-94da-67a163025783', true, false, 'Approximately one disc diameter in size or larger', 'f3598bfa-32c1-457e-b990-674849801a9b');
INSERT INTO public.clinical_sign_grade VALUES ('ce187917-e0dc-4a01-be8a-cb5b856211dd', true, false, 'Contiguous with the optic disc', 'f3598bfa-32c1-457e-b990-674849801a9b');
INSERT INTO public.clinical_sign_grade VALUES ('ccce83ac-c010-44fe-99b9-078242c6cf98', true, false, 'Fan-shaped peripapillary white striated patches', 'f3598bfa-32c1-457e-b990-674849801a9b');
INSERT INTO public.clinical_sign_grade VALUES ('68d2e386-e650-4b76-8ad4-3d708f582018', true, false, 'Feathered borders', 'f3598bfa-32c1-457e-b990-674849801a9b');
INSERT INTO public.clinical_sign_grade VALUES ('f6515ce0-7748-4197-b7c8-75dfe3ad15d6', true, false, 'In the distribution of the RNFL', 'f3598bfa-32c1-457e-b990-674849801a9b');
INSERT INTO public.clinical_sign_grade VALUES ('3b183d47-19ff-42ed-b037-78995e651264', true, false, 'Obscuration of retinal vessels', 'f3598bfa-32c1-457e-b990-674849801a9b');
INSERT INTO public.clinical_sign_grade VALUES ('ed8c689a-6b4b-404c-a043-3375ffc7e5ad', true, false, 'Geographic atrophy', 'b687865c-4b5a-4530-a0bd-c3105b32ad3c');
INSERT INTO public.clinical_sign_grade VALUES ('227a344e-2d46-48f4-8c6c-a63dc723dae9', true, false, 'Hard drusen', 'b687865c-4b5a-4530-a0bd-c3105b32ad3c');
INSERT INTO public.clinical_sign_grade VALUES ('7e407089-5e17-4fd4-b683-eac27aac86b5', true, false, 'Retinal pigment epithelium changes', 'b687865c-4b5a-4530-a0bd-c3105b32ad3c');
INSERT INTO public.clinical_sign_grade VALUES ('f73c11c9-ad25-4835-af6c-8e84db67a8fe', true, false, 'Soft drusen', 'b687865c-4b5a-4530-a0bd-c3105b32ad3c');
INSERT INTO public.clinical_sign_grade VALUES ('162372f5-636d-4754-acc4-0e75dbecf240', true, false, 'Subretinal disciform fibrosis', 'b687865c-4b5a-4530-a0bd-c3105b32ad3c');
INSERT INTO public.clinical_sign_grade VALUES ('fa316aea-bfee-418b-b270-5172caae399a', false, false, 'Subretinal fluid', 'b687865c-4b5a-4530-a0bd-c3105b32ad3c');
INSERT INTO public.clinical_sign_grade VALUES ('f0e5c87b-ab7e-4504-bea2-2766ad6a2bff', true, false, 'Subretinal hard exudates', 'b687865c-4b5a-4530-a0bd-c3105b32ad3c');
INSERT INTO public.clinical_sign_grade VALUES ('1e3af2bb-951f-4fd2-a7fb-49f2358f633c', true, false, 'Subretinal hemorrhage', 'b687865c-4b5a-4530-a0bd-c3105b32ad3c');
INSERT INTO public.clinical_sign_grade VALUES ('5f4391e7-6174-45b2-9755-04ea65631024', false, false, 'Acquired optic disc pit', 'deca49bf-4382-4885-b1ca-dcb77136e04e');
INSERT INTO public.clinical_sign_grade VALUES ('de731356-4bee-44d2-89bc-1683c21aaaa1', false, false, 'Focal chorioretinal atrophy', 'deca49bf-4382-4885-b1ca-dcb77136e04e');
INSERT INTO public.clinical_sign_grade VALUES ('e761887d-2c86-45ad-b454-d27c81dfe2d9', false, false, 'Fuchs spot', 'deca49bf-4382-4885-b1ca-dcb77136e04e');
INSERT INTO public.clinical_sign_grade VALUES ('facb2fab-0288-4159-a0b1-9707d63dcfa6', false, false, 'Lacquer cracks', 'deca49bf-4382-4885-b1ca-dcb77136e04e');
INSERT INTO public.clinical_sign_grade VALUES ('1baf084b-be58-47e9-ae45-0773159c9193', false, false, 'Lattice degeneration', 'deca49bf-4382-4885-b1ca-dcb77136e04e');
INSERT INTO public.clinical_sign_grade VALUES ('c874341b-2f1b-4f74-86ab-e27d7f5f3395', false, false, 'Macular hole', 'deca49bf-4382-4885-b1ca-dcb77136e04e');
INSERT INTO public.clinical_sign_grade VALUES ('03304f07-1bfa-400c-bddb-0866316289a4', false, false, 'Macular retinoschisis (foveoschisis)', 'deca49bf-4382-4885-b1ca-dcb77136e04e');
INSERT INTO public.clinical_sign_grade VALUES ('d6637f29-b30e-46a5-a9ae-f6a47ca2d3c8', false, false, 'Myopic choroidal neovascularization', 'deca49bf-4382-4885-b1ca-dcb77136e04e');
INSERT INTO public.clinical_sign_grade VALUES ('294bb00b-0e13-4be8-aa6c-9ddfb5a719f5', true, false, 'Optic nerve head changes: oval, tilted disc', 'deca49bf-4382-4885-b1ca-dcb77136e04e');
INSERT INTO public.clinical_sign_grade VALUES ('6af2305c-4596-47ad-a9fb-071a8d14894c', true, false, 'Pale tessellated retina', 'deca49bf-4382-4885-b1ca-dcb77136e04e');
INSERT INTO public.clinical_sign_grade VALUES ('db836f4a-bf9c-4774-9572-d523bc4eecf5', true, false, 'Peripapillary atrophy', 'deca49bf-4382-4885-b1ca-dcb77136e04e');
INSERT INTO public.clinical_sign_grade VALUES ('c98ea016-daca-4ec8-aa06-7b27ba5758d5', false, false, 'Peripapillary intrachoroidal cavitation', 'deca49bf-4382-4885-b1ca-dcb77136e04e');
INSERT INTO public.clinical_sign_grade VALUES ('560d2ee7-ba64-4ed3-a796-7a104b37e874', false, false, 'Rhegmatogenous retinal detachment', 'deca49bf-4382-4885-b1ca-dcb77136e04e');
INSERT INTO public.clinical_sign_grade VALUES ('60b958e9-f5f5-4748-a6b8-ea8e80a0cdd4', false, false, 'Staphyloma', 'deca49bf-4382-4885-b1ca-dcb77136e04e');
INSERT INTO public.clinical_sign_grade VALUES ('30af926c-8e04-4976-9140-25e7fafa4f69', false, false, 'Subretinal ‘coin’ hemorrhages', 'deca49bf-4382-4885-b1ca-dcb77136e04e');
INSERT INTO public.clinical_sign_grade VALUES ('e74512d2-c3cc-4845-b75e-524395e23e98', false, false, 'Acquired optic disc pit', 'deca49bf-4382-4885-b1ca-dcb77136e04e');
INSERT INTO public.clinical_sign_grade VALUES ('05ee6ea1-c329-4705-9943-c7b5504bc0a7', false, false, 'Focal chorioretinal atrophy', 'deca49bf-4382-4885-b1ca-dcb77136e04e');
INSERT INTO public.clinical_sign_grade VALUES ('0dd36ba5-ed02-41a1-9a68-8ac12c0660a1', false, false, 'Fuchs spot', 'deca49bf-4382-4885-b1ca-dcb77136e04e');
INSERT INTO public.clinical_sign_grade VALUES ('87aca30b-8d3a-4275-bade-114ec65d9c6b', false, false, 'Lacquer cracks', 'deca49bf-4382-4885-b1ca-dcb77136e04e');
INSERT INTO public.clinical_sign_grade VALUES ('348f1a68-6f1f-4828-9d42-a09b6fd8c251', false, false, 'Lattice degeneration', 'deca49bf-4382-4885-b1ca-dcb77136e04e');
INSERT INTO public.clinical_sign_grade VALUES ('0334f1cf-b6c2-4143-906a-6c1fdace6134', false, false, 'Macular hole', 'deca49bf-4382-4885-b1ca-dcb77136e04e');
INSERT INTO public.clinical_sign_grade VALUES ('0f7c421a-ac60-4b3f-bd0d-ab6f84df1e39', false, false, 'Macular retinoschisis (foveoschisis)', 'deca49bf-4382-4885-b1ca-dcb77136e04e');
INSERT INTO public.clinical_sign_grade VALUES ('5900f4e4-a1eb-4c33-bb92-beec48b527bf', false, false, 'Myopic choroidal neovascularization', 'deca49bf-4382-4885-b1ca-dcb77136e04e');
INSERT INTO public.clinical_sign_grade VALUES ('0759ffbf-51d9-4efb-8419-4755f2b2f7e4', true, false, 'Optic nerve head changes: oval, tilted disc', 'deca49bf-4382-4885-b1ca-dcb77136e04e');
INSERT INTO public.clinical_sign_grade VALUES ('f2d93ea7-f5e3-4f10-a1e5-1ca4407a1182', true, false, 'Pale tessellated retina', 'deca49bf-4382-4885-b1ca-dcb77136e04e');
INSERT INTO public.clinical_sign_grade VALUES ('612679ee-025b-46d5-a43a-9ba38ee9a1d1', true, false, 'Peripapillary atrophy', 'deca49bf-4382-4885-b1ca-dcb77136e04e');
INSERT INTO public.clinical_sign_grade VALUES ('4cbee45b-beb4-4d6f-8fce-41a61813b144', false, false, 'Peripapillary intrachoroidal cavitation', 'deca49bf-4382-4885-b1ca-dcb77136e04e');
INSERT INTO public.clinical_sign_grade VALUES ('92236f7e-ed4d-4ca8-92d8-0c2f390ca351', false, false, 'Rhegmatogenous retinal detachment', 'deca49bf-4382-4885-b1ca-dcb77136e04e');
INSERT INTO public.clinical_sign_grade VALUES ('b4c3cabb-b5b0-4be0-aab0-a07073dd76a4', false, false, 'Staphyloma', 'deca49bf-4382-4885-b1ca-dcb77136e04e');
INSERT INTO public.clinical_sign_grade VALUES ('9b4971fd-e2bd-4b3f-a169-7689a7a4a7cf', false, false, 'Subretinal ‘coin’ hemorrhages', 'deca49bf-4382-4885-b1ca-dcb77136e04e');
INSERT INTO public.clinical_sign_grade VALUES ('a7840ffd-3449-46fd-9aca-23e6223f0f31', false, false, 'Macular star', 'ed163881-60b8-4b33-acce-63b9b55652c4');
INSERT INTO public.clinical_sign_grade VALUES ('a2c9547c-6578-43d9-a78c-f89d062502b2', true, false, 'Optic nerve elevated', 'ed163881-60b8-4b33-acce-63b9b55652c4');
INSERT INTO public.clinical_sign_grade VALUES ('161bf330-756e-403a-bead-e505360419bc', false, false, 'Peripapillary cotton-wool spots', 'ed163881-60b8-4b33-acce-63b9b55652c4');
INSERT INTO public.clinical_sign_grade VALUES ('f5387486-73a2-4fba-8e4f-3832810e722b', false, false, 'Peripapillary exudates', 'ed163881-60b8-4b33-acce-63b9b55652c4');
INSERT INTO public.clinical_sign_grade VALUES ('12729cd6-7dd3-4acf-9053-f525fef4fa20', false, false, 'Peripapillary hemorrhages', 'ed163881-60b8-4b33-acce-63b9b55652c4');
INSERT INTO public.clinical_sign_grade VALUES ('56aaae67-4af9-4af3-869d-ad614b090f7e', false, false, 'Venous dilation and tortuosity', 'ed163881-60b8-4b33-acce-63b9b55652c4');
INSERT INTO public.clinical_sign_grade VALUES ('94d84dbe-617e-49a1-a34a-c55b233c7d82', true, false, 'Vessels at optic nerve obscured', 'ed163881-60b8-4b33-acce-63b9b55652c4');
INSERT INTO public.clinical_sign_grade VALUES ('68bac799-9ae5-41c6-ba1d-b3bb9ab8b909', true, false, 'White chalky appearance of edema', 'ed163881-60b8-4b33-acce-63b9b55652c4');
INSERT INTO public.clinical_sign_grade VALUES ('00f7920d-4802-423d-9ba5-ae65360b6f58', true, false, 'Cellophane maculopathy', 'ac9816c7-0dbf-40da-af95-1091abe9941f');
INSERT INTO public.clinical_sign_grade VALUES ('0a1e227d-735d-41c9-986e-78d42dafab51', false, false, 'Distorted blood vessels', 'ac9816c7-0dbf-40da-af95-1091abe9941f');
INSERT INTO public.clinical_sign_grade VALUES ('011bf290-3751-4a26-87b9-cf206f66cdd6', false, false, 'Fine retinal translucent folds or creases', 'ac9816c7-0dbf-40da-af95-1091abe9941f');
INSERT INTO public.clinical_sign_grade VALUES ('10798bf4-0e47-4bc4-a520-0ee6b3f9d2a1', true, false, 'Macular pseudohole', 'ac9816c7-0dbf-40da-af95-1091abe9941f');
INSERT INTO public.clinical_sign_grade VALUES ('7b63e592-9d47-4f67-8137-51254ba3168b', true, false, 'Macular reflex changes', 'ac9816c7-0dbf-40da-af95-1091abe9941f');
INSERT INTO public.clinical_sign_grade VALUES ('889335e9-d001-4d3b-8532-52b46106c9ab', true, false, 'Macular thickening (macular edema)', 'ac9816c7-0dbf-40da-af95-1091abe9941f');
INSERT INTO public.clinical_sign_grade VALUES ('c6316b45-d735-48f3-92ee-b219dbba0126', true, false, 'Wrinkling or distortion of the retinal tissue', 'ac9816c7-0dbf-40da-af95-1091abe9941f');
INSERT INTO public.clinical_sign_grade VALUES ('09620965-d9c3-4c25-97af-76518eb34b72', false, false, 'Gray-white serofibrinous exudate', '123c8c90-bfa7-4893-b290-b150bf752c58');
INSERT INTO public.clinical_sign_grade VALUES ('9e4a0e16-34e6-47b5-aa3d-b462c1a12920', false, false, 'Macular RPE mottling', '123c8c90-bfa7-4893-b290-b150bf752c58');
INSERT INTO public.clinical_sign_grade VALUES ('165d4e70-429a-45cc-9e8b-a8082e33d21b', true, false, 'Round/oval serous macular detachment', '123c8c90-bfa7-4893-b290-b150bf752c58');
INSERT INTO public.clinical_sign_grade VALUES ('3919ae91-8fe5-4b56-b8ef-c98af168188f', false, false, 'Small, yellow sub-retinal deposits', '123c8c90-bfa7-4893-b290-b150bf752c58');
INSERT INTO public.clinical_sign_grade VALUES ('2921eb04-785d-41bc-9210-e10b316569a7', false, false, 'Cotton-wool spots', 'd4f92e79-5e78-4048-991c-fe041a566694');
INSERT INTO public.clinical_sign_grade VALUES ('3007b4bd-8988-43a2-a6a3-b0f290fb339d', false, false, 'Dilated veins', 'd4f92e79-5e78-4048-991c-fe041a566694');
INSERT INTO public.clinical_sign_grade VALUES ('31bd6c68-bdb8-45bf-813c-c838667a92b7', true, false, 'Dot-blot hemorrhages', 'd4f92e79-5e78-4048-991c-fe041a566694');
INSERT INTO public.clinical_sign_grade VALUES ('49fa588a-2e3a-4a42-aa8d-ec7fd50512be', false, false, 'Flame-shaped hemorrhages', 'd4f92e79-5e78-4048-991c-fe041a566694');
INSERT INTO public.clinical_sign_grade VALUES ('8ecf9c15-e065-4858-afa6-81adf200d7f2', false, false, 'Hard exudates', 'd4f92e79-5e78-4048-991c-fe041a566694');
INSERT INTO public.clinical_sign_grade VALUES ('14b07c55-b498-4360-a1ab-0a916390f82a', false, false, 'Intraretinal microvascular anomalies ', 'd4f92e79-5e78-4048-991c-fe041a566694');
INSERT INTO public.clinical_sign_grade VALUES ('f59c2f01-09df-4819-9e64-035db35ca855', false, false, 'Laser spots', 'd4f92e79-5e78-4048-991c-fe041a566694');
INSERT INTO public.clinical_sign_grade VALUES ('20c1ea26-410c-497d-9fa9-dafa7099b011', false, false, 'Microaneurysms', 'd4f92e79-5e78-4048-991c-fe041a566694');
INSERT INTO public.clinical_sign_grade VALUES ('5d86d740-3f1a-44ff-893b-b57675f0f4fb', true, false, 'Neovascularization elsewhere', 'd4f92e79-5e78-4048-991c-fe041a566694');
INSERT INTO public.clinical_sign_grade VALUES ('18c2f9cd-faca-44ca-80da-6cfc8ade66c1', false, false, 'Neovascularization of the disc', 'd4f92e79-5e78-4048-991c-fe041a566694');
INSERT INTO public.clinical_sign_grade VALUES ('7be26d00-19c4-41b1-b1f7-2b089e422cba', false, false, 'Preretinal hemorrhage', 'd4f92e79-5e78-4048-991c-fe041a566694');
INSERT INTO public.clinical_sign_grade VALUES ('ff34b964-13b3-4310-ac4d-b157abaa8bcb', true, false, 'Tractional retinal detachment', 'd4f92e79-5e78-4048-991c-fe041a566694');
INSERT INTO public.clinical_sign_grade VALUES ('25100841-4b8c-40cb-aace-8ac485941150', false, false, 'Venous beading', 'd4f92e79-5e78-4048-991c-fe041a566694');
INSERT INTO public.clinical_sign_grade VALUES ('0338ed1c-26f6-4d24-9d68-0b545a2556fc', false, false, 'Venous loops', 'd4f92e79-5e78-4048-991c-fe041a566694');
INSERT INTO public.clinical_sign_grade VALUES ('a34a6421-67bf-4b39-9a5d-2314e9cc9fb7', true, false, 'Vitreous hemorrhage', 'd4f92e79-5e78-4048-991c-fe041a566694');
INSERT INTO public.clinical_sign_grade VALUES ('fbca24cf-fe01-47f1-b505-255657db0241', false, false, 'Dystrophic calcification at the drusen level', 'c680470a-ab0c-40b0-b1c4-627e54ef44cf');
INSERT INTO public.clinical_sign_grade VALUES ('fcf1dac5-c154-43ef-ae52-e51320d704e9', false, false, 'Hard drusen: small (< 63 μm), well-defined, yellow excrescences', 'c680470a-ab0c-40b0-b1c4-627e54ef44cf');
INSERT INTO public.clinical_sign_grade VALUES ('c09d437d-3324-4ab1-82e9-651929c49c8b', false, false, 'Intermediate drusen: moderately well-defined yellow–white retinal spots', 'c680470a-ab0c-40b0-b1c4-627e54ef44cf');
INSERT INTO public.clinical_sign_grade VALUES ('f4c6b779-ff40-4a9a-bf69-f480836944e1', false, false, 'Possible pigmentary changes', 'c680470a-ab0c-40b0-b1c4-627e54ef44cf');
INSERT INTO public.clinical_sign_grade VALUES ('2434f3c6-b1e9-417e-9933-55c7f95a7bed', true, false, 'Soft drusen: large (> 125 μm), poorly delineated, pale yellow or grayish-white retinal lesions', 'c680470a-ab0c-40b0-b1c4-627e54ef44cf');
INSERT INTO public.clinical_sign_grade VALUES ('61e5edad-3c09-4faa-8742-ab7a72c95978', true, false, 'Asymmetry of cupping (> 0.2) in the absence of asymmetry of disc sizes', 'c8c531ca-7f90-4b94-93d1-d78e400b8e73');
INSERT INTO public.clinical_sign_grade VALUES ('f04614da-082e-4304-b4ec-647f3f6077b5', false, false, 'Baring of circumlinear vessels', 'c8c531ca-7f90-4b94-93d1-d78e400b8e73');
INSERT INTO public.clinical_sign_grade VALUES ('44ea8ef9-ee53-4264-82cd-9a1182805783', false, false, 'Bayoneting vessels at the disc edge', 'c8c531ca-7f90-4b94-93d1-d78e400b8e73');
INSERT INTO public.clinical_sign_grade VALUES ('4e1b1968-0bc5-4dd7-9075-cde8518277fc', true, false, 'Increased cup to disc ratio (in correspondence to disc size)', 'c8c531ca-7f90-4b94-93d1-d78e400b8e73');
INSERT INTO public.clinical_sign_grade VALUES ('29f4a3db-06a1-4bc2-a5f2-8032fe4aa766', true, false, 'Nasal shift of the central retinal vessels', 'c8c531ca-7f90-4b94-93d1-d78e400b8e73');
INSERT INTO public.clinical_sign_grade VALUES ('9b785135-d1fa-4d5f-9773-8e3bf4ad7d80', true, false, 'Notching of the rim (localized rim thinning)', 'c8c531ca-7f90-4b94-93d1-d78e400b8e73');
INSERT INTO public.clinical_sign_grade VALUES ('8498aa45-3501-4e60-95fd-bc53b6ead527', false, false, 'Peripapillary atrophy (beta-zone)', 'c8c531ca-7f90-4b94-93d1-d78e400b8e73');
INSERT INTO public.clinical_sign_grade VALUES ('cb027bd8-272a-4b4a-aebd-df00b5432872', true, false, 'Remaining rim of normal color', 'c8c531ca-7f90-4b94-93d1-d78e400b8e73');
INSERT INTO public.clinical_sign_grade VALUES ('c311d920-8e53-4586-b76b-d1ed81a67b8a', false, false, 'Splinter or flame-shaped optic disc hemorrhage', 'c8c531ca-7f90-4b94-93d1-d78e400b8e73');
INSERT INTO public.clinical_sign_grade VALUES ('70b680a1-9671-498d-9a82-5d3d9a15abb9', true, false, 'Violation of the ISNT rule', 'c8c531ca-7f90-4b94-93d1-d78e400b8e73');
INSERT INTO public.clinical_sign_grade VALUES ('ef56c955-e72e-4a24-b09b-4089daab3518', false, false, 'Collateral vascular shunt at the optic disc', 'a4e121f9-5482-4b82-8bf3-2669a3e45019');
INSERT INTO public.clinical_sign_grade VALUES ('50d62a1c-c873-4cb3-ae19-051c2989d55f', true, false, 'Cotton-wool spots', 'a4e121f9-5482-4b82-8bf3-2669a3e45019');
INSERT INTO public.clinical_sign_grade VALUES ('39f3f66e-e707-44b2-9342-31430a587091', true, false, 'Hard exudates', 'a4e121f9-5482-4b82-8bf3-2669a3e45019');
INSERT INTO public.clinical_sign_grade VALUES ('b799249c-efd9-435e-8685-b0b7429e776a', false, false, 'IRMA', 'a4e121f9-5482-4b82-8bf3-2669a3e45019');
INSERT INTO public.clinical_sign_grade VALUES ('89c982fe-d7ba-4611-9928-8bc6b74ae69c', false, false, 'Iris neovascularization', 'a4e121f9-5482-4b82-8bf3-2669a3e45019');
INSERT INTO public.clinical_sign_grade VALUES ('3ef3cabd-5f62-4b6a-b487-fc3b14640e17', true, false, 'Ischemic BRVO', 'a4e121f9-5482-4b82-8bf3-2669a3e45019');
INSERT INTO public.clinical_sign_grade VALUES ('d4084d50-b353-495b-9c39-25909ccdc9fe', true, false, 'Macular edema', 'a4e121f9-5482-4b82-8bf3-2669a3e45019');
INSERT INTO public.clinical_sign_grade VALUES ('511a635e-b1ed-48b3-9a43-eff2b430e354', true, false, 'Macular ischemia', 'a4e121f9-5482-4b82-8bf3-2669a3e45019');
INSERT INTO public.clinical_sign_grade VALUES ('7f9d7c5a-455a-4be9-92d8-d28b5c39213a', false, false, 'Microaneurysms', 'a4e121f9-5482-4b82-8bf3-2669a3e45019');
INSERT INTO public.clinical_sign_grade VALUES ('72c98915-b4a3-48bb-96cc-c50f0529a090', false, false, 'Narrowing/sheathing of the adjacent artery', 'a4e121f9-5482-4b82-8bf3-2669a3e45019');
INSERT INTO public.clinical_sign_grade VALUES ('ad4efa0e-3402-4e08-af8e-f26a5a89b551', false, false, 'Neovascularization elsewhere', 'a4e121f9-5482-4b82-8bf3-2669a3e45019');
INSERT INTO public.clinical_sign_grade VALUES ('41e58c52-b2d9-410b-a88e-342ea4f6496a', false, false, 'Neovascularization of the disc', 'a4e121f9-5482-4b82-8bf3-2669a3e45019');
INSERT INTO public.clinical_sign_grade VALUES ('152f3362-ba4e-42e2-8890-9d70a9bcb192', false, false, 'Non-ischemic BRVO', 'a4e121f9-5482-4b82-8bf3-2669a3e45019');
INSERT INTO public.clinical_sign_grade VALUES ('e7a86d91-cc42-420a-900a-fd45d69b7c61', false, false, 'Optic disc edema', 'a4e121f9-5482-4b82-8bf3-2669a3e45019');
INSERT INTO public.clinical_sign_grade VALUES ('0add6427-5ea0-4413-bceb-36f8a4134439', false, false, 'Preretinal hemorrhage', 'a4e121f9-5482-4b82-8bf3-2669a3e45019');
INSERT INTO public.clinical_sign_grade VALUES ('e44a9c61-7eb8-44c3-9973-05d130521596', true, false, 'Retinal hemorrhages', 'a4e121f9-5482-4b82-8bf3-2669a3e45019');
INSERT INTO public.clinical_sign_grade VALUES ('5a4d36b6-11a1-480f-9486-83c986efa83e', false, false, 'Salus sign', 'a4e121f9-5482-4b82-8bf3-2669a3e45019');
INSERT INTO public.clinical_sign_grade VALUES ('845ceabb-660d-4152-a161-e6792c701022', false, false, 'Sclerosed veins', 'a4e121f9-5482-4b82-8bf3-2669a3e45019');
INSERT INTO public.clinical_sign_grade VALUES ('0044e8e2-e726-4991-99d5-d2ae96a370f6', true, false, 'Sectorial venous dilatation and tortuosity', 'a4e121f9-5482-4b82-8bf3-2669a3e45019');
INSERT INTO public.clinical_sign_grade VALUES ('220bb2c6-2886-4a96-bea6-9fa25e42f24e', false, false, 'Telangiectatic vessels', 'a4e121f9-5482-4b82-8bf3-2669a3e45019');
INSERT INTO public.clinical_sign_grade VALUES ('3c7d07e3-cdde-4198-97e0-ec870b176657', false, false, 'Tractional retinal detachment', 'a4e121f9-5482-4b82-8bf3-2669a3e45019');
INSERT INTO public.clinical_sign_grade VALUES ('3e5c9dab-edb6-40ae-8153-bad157fe4c28', false, false, 'Vitreous hemorrhage', 'a4e121f9-5482-4b82-8bf3-2669a3e45019');
INSERT INTO public.clinical_sign_grade VALUES ('d7ef9848-6942-4f72-95b2-2a7c79fb68cd', true, false, 'Detached corrugated retina which undulates with eye movements', '9da145c4-c0d1-438a-bfdf-f2bc19286fc6');
INSERT INTO public.clinical_sign_grade VALUES ('2378d27e-0fce-4f7f-96e0-4fe27fb8d593', false, false, 'Horseshoe retinal tear', '9da145c4-c0d1-438a-bfdf-f2bc19286fc6');
INSERT INTO public.clinical_sign_grade VALUES ('84cc3140-aafa-4c9a-9cdd-0288d1fac4e0', false, false, 'Lattice degeneration', '9da145c4-c0d1-438a-bfdf-f2bc19286fc6');
INSERT INTO public.clinical_sign_grade VALUES ('6dd69081-9f82-474c-ba20-4f69c0b30e43', false, false, 'Operculated retinal tear', '9da145c4-c0d1-438a-bfdf-f2bc19286fc6');
INSERT INTO public.clinical_sign_grade VALUES ('3445161c-c7e8-4972-a4a9-adf256b8476c', true, false, 'Other peripheral retinal degenerations', '9da145c4-c0d1-438a-bfdf-f2bc19286fc6');
INSERT INTO public.clinical_sign_grade VALUES ('661ccede-eadf-4fab-b657-224e025f0210', false, false, 'PVR', '9da145c4-c0d1-438a-bfdf-f2bc19286fc6');
INSERT INTO public.clinical_sign_grade VALUES ('44b2eb74-b456-4787-bc35-1b34309b6366', false, false, 'Posterior vitreous detachment', '9da145c4-c0d1-438a-bfdf-f2bc19286fc6');
INSERT INTO public.clinical_sign_grade VALUES ('c9e883cc-2d2a-435d-b30d-683f42754080', false, false, 'Shaffer’s sign (pigment in the anterior vitreous)', '9da145c4-c0d1-438a-bfdf-f2bc19286fc6');
INSERT INTO public.clinical_sign_grade VALUES ('fff488d0-106d-49a2-9502-10ae166b134a', false, false, 'Vitreous hemorrhage ', '9da145c4-c0d1-438a-bfdf-f2bc19286fc6');
INSERT INTO public.clinical_sign_grade VALUES ('4a27d417-1b14-4c1a-b215-84a27a67ef43', false, false, 'Dystrophic calcification at the drusen level', 'dfc58661-655f-45fe-afa5-288d696374f7');
INSERT INTO public.clinical_sign_grade VALUES ('60a1824b-69b5-4003-bd5b-207c7e00af51', false, false, 'Hard drusen: small (< 63 μm), well-defined, yellow excrescences', 'dfc58661-655f-45fe-afa5-288d696374f7');
INSERT INTO public.clinical_sign_grade VALUES ('1e21250a-7da5-4ff6-bb4d-2c54899cdcaf', true, false, 'Intermediate drusen: moderately well-defined yellow–white retinal spots', 'dfc58661-655f-45fe-afa5-288d696374f7');
INSERT INTO public.clinical_sign_grade VALUES ('e383d7ab-afd1-4a56-89dc-090b69bf7ed4', false, false, 'Possible pigmentary changes', 'dfc58661-655f-45fe-afa5-288d696374f7');
INSERT INTO public.clinical_sign_grade VALUES ('e6b408ce-88ac-4ee2-8f97-9f97d818f1e9', false, false, 'Soft drusen: large (> 125 μm), poorly delineated, pale yellow or grayish-white retinal lesions', 'dfc58661-655f-45fe-afa5-288d696374f7');
INSERT INTO public.clinical_sign_grade VALUES ('489d2007-2a95-45ff-a7b7-3169d94f0e09', false, false, 'Collateral vascular shunt at the optic disc', '6762762b-4345-4e75-83b7-90dd0b511d8c');
INSERT INTO public.clinical_sign_grade VALUES ('b4fc6148-9cdb-4831-8afe-5025d7f3add4', true, false, 'Cotton-wool spots', '6762762b-4345-4e75-83b7-90dd0b511d8c');
INSERT INTO public.clinical_sign_grade VALUES ('57bfd903-582d-42ac-aa5a-4b468878a09e', true, false, 'Hard exudates', '6762762b-4345-4e75-83b7-90dd0b511d8c');
INSERT INTO public.clinical_sign_grade VALUES ('0ffb7629-a435-4d4d-9571-b59d6cddfd9c', false, false, 'IRMA', '6762762b-4345-4e75-83b7-90dd0b511d8c');
INSERT INTO public.clinical_sign_grade VALUES ('ff3157d5-4ef0-4ea0-baf8-8c07ad04f519', false, false, 'Iris neovascularization', '6762762b-4345-4e75-83b7-90dd0b511d8c');
INSERT INTO public.clinical_sign_grade VALUES ('7446f1a3-d507-47d9-a485-925c9f91ae30', true, false, 'Ischemic central retinal vein occlusion', '6762762b-4345-4e75-83b7-90dd0b511d8c');
INSERT INTO public.clinical_sign_grade VALUES ('76f86335-9219-461c-a417-3b1ded241769', true, false, 'Macular edema', '6762762b-4345-4e75-83b7-90dd0b511d8c');
INSERT INTO public.clinical_sign_grade VALUES ('61976988-e024-48cb-a9d9-0f91b3cd9789', false, false, 'Macular ischemia', '6762762b-4345-4e75-83b7-90dd0b511d8c');
INSERT INTO public.clinical_sign_grade VALUES ('fb70dc0a-4481-4b0e-9d0a-ee1d952b83a5', true, false, 'Microaneurysms', '6762762b-4345-4e75-83b7-90dd0b511d8c');
INSERT INTO public.clinical_sign_grade VALUES ('3ca51c25-40bb-42fc-ba04-33dd7ba28828', true, false, 'Neovascularization elsewhere', '6762762b-4345-4e75-83b7-90dd0b511d8c');
INSERT INTO public.clinical_sign_grade VALUES ('f8a8addb-8f2b-4f67-bde8-50bedd068953', false, false, 'Neovascularization of the disc', '6762762b-4345-4e75-83b7-90dd0b511d8c');
INSERT INTO public.clinical_sign_grade VALUES ('3ad02e1b-2f70-4d9d-9186-6114e15e7060', false, false, 'Non-ischemic central retinal vein occlusion', '6762762b-4345-4e75-83b7-90dd0b511d8c');
INSERT INTO public.clinical_sign_grade VALUES ('498d31ee-655d-47c4-8845-6eac9a57128a', false, false, 'Optic disc edema', '6762762b-4345-4e75-83b7-90dd0b511d8c');
INSERT INTO public.clinical_sign_grade VALUES ('1d0d9c2c-3078-4f21-8ff3-ea442cced6b4', true, false, 'Panretinal venous dilatation and tortuosity', '6762762b-4345-4e75-83b7-90dd0b511d8c');
INSERT INTO public.clinical_sign_grade VALUES ('164169c9-59b5-4d7d-991b-c34c697ea0c7', false, false, 'Preretinal hemorrhage', '6762762b-4345-4e75-83b7-90dd0b511d8c');
INSERT INTO public.clinical_sign_grade VALUES ('7b7f58b2-7cdc-4869-88e2-6010ccc9e5de', true, false, 'Retinal hemorrhages', '6762762b-4345-4e75-83b7-90dd0b511d8c');
INSERT INTO public.clinical_sign_grade VALUES ('5232351c-64b6-42fc-8700-c5f10e0dc84f', false, false, 'Retinal vessel wall sheating', '6762762b-4345-4e75-83b7-90dd0b511d8c');
INSERT INTO public.clinical_sign_grade VALUES ('2f5541c5-f21d-4b73-be06-53cdf2f5c97f', false, false, 'Salus sign', '6762762b-4345-4e75-83b7-90dd0b511d8c');
INSERT INTO public.clinical_sign_grade VALUES ('55131ff5-6ece-485a-83a1-02ef70276fad', false, false, 'Sclerosed veins', '6762762b-4345-4e75-83b7-90dd0b511d8c');
INSERT INTO public.clinical_sign_grade VALUES ('d99b5000-9ef5-49ae-9257-a60c409b6304', true, false, 'Telangiectatic vessels', '6762762b-4345-4e75-83b7-90dd0b511d8c');
INSERT INTO public.clinical_sign_grade VALUES ('5c679ea9-9238-4c99-8c73-0339454bb6b8', false, false, 'Tractional retinal detachment', '6762762b-4345-4e75-83b7-90dd0b511d8c');
INSERT INTO public.clinical_sign_grade VALUES ('2a937bfc-6a35-4260-bd0d-6459a7273691', false, false, 'Vitreous hemorrhage', '6762762b-4345-4e75-83b7-90dd0b511d8c');
INSERT INTO public.clinical_sign_grade VALUES ('5fe63b88-1ea4-487c-baac-263f0f41151e', false, false, 'Asymmetry of cupping (> 0.2) in the absence of asymmetry of disc sizes', 'c52f4a7e-72d3-4d24-b110-52fa80e71dc5');
INSERT INTO public.clinical_sign_grade VALUES ('b0437d7a-33c1-4a45-bc8a-8c4706f68f59', false, false, 'Baring of circumlinear vessels', 'c52f4a7e-72d3-4d24-b110-52fa80e71dc5');
INSERT INTO public.clinical_sign_grade VALUES ('81b32dde-615c-4d22-aee0-af6cfb71fd9d', false, false, 'Bayoneting vessels at the disc edge', 'c52f4a7e-72d3-4d24-b110-52fa80e71dc5');
INSERT INTO public.clinical_sign_grade VALUES ('19d79331-c4cb-4827-bb70-abcb02f01512', true, false, 'ISNT rule intact', 'c52f4a7e-72d3-4d24-b110-52fa80e71dc5');
INSERT INTO public.clinical_sign_grade VALUES ('08ffb7ba-bc41-46c3-b48d-19cefde5d01e', true, false, 'Increased cup to disc ratio (in correspondence to disc size)', 'c52f4a7e-72d3-4d24-b110-52fa80e71dc5');
INSERT INTO public.clinical_sign_grade VALUES ('b9fd335d-2f50-447e-89ef-32268cd4b00d', false, false, 'Nasal shift of the central retinal vessels', 'c52f4a7e-72d3-4d24-b110-52fa80e71dc5');
INSERT INTO public.clinical_sign_grade VALUES ('61674795-6e10-4c89-9ee3-89b4f603fe24', false, false, 'Notching of the rim (localized rim thinning)', 'c52f4a7e-72d3-4d24-b110-52fa80e71dc5');
INSERT INTO public.clinical_sign_grade VALUES ('4cb5e374-12d8-4638-a9ad-c7fa4d84c667', false, false, 'Peripapillary atrophy', 'c52f4a7e-72d3-4d24-b110-52fa80e71dc5');
INSERT INTO public.clinical_sign_grade VALUES ('9638b1de-1cf0-42b0-bf5e-741b5a40dd0f', false, false, 'Remaining rim of normal color', 'c52f4a7e-72d3-4d24-b110-52fa80e71dc5');
INSERT INTO public.clinical_sign_grade VALUES ('c5bcd697-79f7-484b-a138-93f230e28a7c', false, false, 'Splinter or flame-shaped optic disc hemorrhage', 'c52f4a7e-72d3-4d24-b110-52fa80e71dc5');
INSERT INTO public.clinical_sign_grade VALUES ('ebc281da-ebd6-4278-a602-1700dcba6693', false, false, 'Collateral vascular shunt at the optic disc', 'd3d4f0d9-be9b-4abe-b566-b702fe584d6b');
INSERT INTO public.clinical_sign_grade VALUES ('e096ab7c-daaf-4913-a473-8ed01f65a28c', true, false, 'Cotton-wool spots', 'd3d4f0d9-be9b-4abe-b566-b702fe584d6b');
INSERT INTO public.clinical_sign_grade VALUES ('29dcc806-78bc-4d8f-9069-7dab5698992e', false, false, 'Hard exudates', 'd3d4f0d9-be9b-4abe-b566-b702fe584d6b');
INSERT INTO public.clinical_sign_grade VALUES ('d95fed7b-9ac0-4701-b497-e5cce777ee35', false, false, 'IRMA', 'd3d4f0d9-be9b-4abe-b566-b702fe584d6b');
INSERT INTO public.clinical_sign_grade VALUES ('bb0f22bf-69c3-4891-a718-08b60a890206', false, false, 'Iris neovascularization', 'd3d4f0d9-be9b-4abe-b566-b702fe584d6b');
INSERT INTO public.clinical_sign_grade VALUES ('810f5db0-d64b-48ea-a590-b0ff60f98f07', true, false, 'Ischemic central retinal vein occlusion', 'd3d4f0d9-be9b-4abe-b566-b702fe584d6b');
INSERT INTO public.clinical_sign_grade VALUES ('3db745d7-e9c2-4ee2-8eb8-3745fecce602', true, false, 'Macular edema', 'd3d4f0d9-be9b-4abe-b566-b702fe584d6b');
INSERT INTO public.clinical_sign_grade VALUES ('5295e75e-a330-4e53-b2ea-357287d302cc', true, false, 'Macular ischemia', 'd3d4f0d9-be9b-4abe-b566-b702fe584d6b');
INSERT INTO public.clinical_sign_grade VALUES ('a42617a8-2814-41f0-a259-5173b0b80ecf', true, false, 'Microaneurysms', 'd3d4f0d9-be9b-4abe-b566-b702fe584d6b');
INSERT INTO public.clinical_sign_grade VALUES ('31f4165e-84b2-4463-85d7-5d8691f0b2f1', false, false, 'Neovascularization elsewhere', 'd3d4f0d9-be9b-4abe-b566-b702fe584d6b');
INSERT INTO public.clinical_sign_grade VALUES ('0e0444ae-915d-432b-a528-23260b44f571', false, false, 'Neovascularization of the disc', 'd3d4f0d9-be9b-4abe-b566-b702fe584d6b');
INSERT INTO public.clinical_sign_grade VALUES ('ac2288d1-8c1c-4e19-9de8-178474616ba0', false, false, 'Non-ischemic central retinal vein occlusion', 'd3d4f0d9-be9b-4abe-b566-b702fe584d6b');
INSERT INTO public.clinical_sign_grade VALUES ('ceaf1743-c97c-43b9-9c3a-94634a83561d', true, false, 'Optic disc edema', 'd3d4f0d9-be9b-4abe-b566-b702fe584d6b');
INSERT INTO public.clinical_sign_grade VALUES ('6244ed3d-6666-418d-81f6-189c67a56c49', true, false, 'Panretinal venous dilatation and tortuosity', 'd3d4f0d9-be9b-4abe-b566-b702fe584d6b');
INSERT INTO public.clinical_sign_grade VALUES ('e6850cbe-bf3a-4e32-8995-7d9e44582256', false, false, 'Preretinal hemorrhage', 'd3d4f0d9-be9b-4abe-b566-b702fe584d6b');
INSERT INTO public.clinical_sign_grade VALUES ('1aed33b1-353c-4eee-9f69-31a468b0d48d', true, false, 'Retinal hemorrhages', 'd3d4f0d9-be9b-4abe-b566-b702fe584d6b');
INSERT INTO public.clinical_sign_grade VALUES ('a65e29e3-327c-4578-a6dc-e53de9b3a79e', false, false, 'Retinal vessel wall sheating', 'd3d4f0d9-be9b-4abe-b566-b702fe584d6b');
INSERT INTO public.clinical_sign_grade VALUES ('b174d974-741e-4892-8513-00ef2b620b81', true, false, 'Salus sign', 'd3d4f0d9-be9b-4abe-b566-b702fe584d6b');
INSERT INTO public.clinical_sign_grade VALUES ('a5e2cd79-3024-4ac1-b9a7-968b7fa6268b', false, false, 'Sclerosed veins', 'd3d4f0d9-be9b-4abe-b566-b702fe584d6b');
INSERT INTO public.clinical_sign_grade VALUES ('6aebbe3e-ff86-4d12-b32a-3a58c607146d', true, false, 'Telangiectatic vessels', 'd3d4f0d9-be9b-4abe-b566-b702fe584d6b');
INSERT INTO public.clinical_sign_grade VALUES ('a83ad9a4-848a-49d4-b7ba-54a68f6b14ce', false, false, 'Tractional retinal detachment', 'd3d4f0d9-be9b-4abe-b566-b702fe584d6b');
INSERT INTO public.clinical_sign_grade VALUES ('ea1d95ae-8072-4e0d-8d16-618b7d5ae581', false, false, 'Vitreous hemorrhage', 'd3d4f0d9-be9b-4abe-b566-b702fe584d6b');
INSERT INTO public.clinical_sign_grade VALUES ('ac8e71b8-ada4-4c7d-9385-0ca11977c9da', false, false, 'Acquired optic disc pit', '2230238c-cd7b-4fc5-8e0b-4dbd91b0357f');
INSERT INTO public.clinical_sign_grade VALUES ('b8330580-1b95-4a5d-bb8b-02b2c5b10666', true, false, 'Focal chorioretinal atrophy', '2230238c-cd7b-4fc5-8e0b-4dbd91b0357f');
INSERT INTO public.clinical_sign_grade VALUES ('58b482f3-081c-48a9-8ef4-3140ef34d9c3', false, false, 'Fuchs spot', '2230238c-cd7b-4fc5-8e0b-4dbd91b0357f');
INSERT INTO public.clinical_sign_grade VALUES ('60904e47-5803-4145-a203-544d7980649c', false, false, 'Lacquer cracks', '2230238c-cd7b-4fc5-8e0b-4dbd91b0357f');
INSERT INTO public.clinical_sign_grade VALUES ('6e5cf0e1-5baf-4b9c-a13d-7fdd0f8404d3', false, false, 'Lattice degeneration', '2230238c-cd7b-4fc5-8e0b-4dbd91b0357f');
INSERT INTO public.clinical_sign_grade VALUES ('733e298b-f3f2-4856-9e9f-c4804691148b', false, false, 'Macular hole', '2230238c-cd7b-4fc5-8e0b-4dbd91b0357f');
INSERT INTO public.clinical_sign_grade VALUES ('e0da25de-a3c7-4399-b497-41cdd7f6bbbf', false, false, 'Macular retinoschisis (foveoschisis)', '2230238c-cd7b-4fc5-8e0b-4dbd91b0357f');
INSERT INTO public.clinical_sign_grade VALUES ('5eabd554-304b-43ab-a8a6-ed42787cafeb', true, false, 'Myopic choroidal neovascularization', '2230238c-cd7b-4fc5-8e0b-4dbd91b0357f');
INSERT INTO public.clinical_sign_grade VALUES ('f8e06565-3538-4f90-8de8-38892337e0af', true, false, 'Optic nerve head changes: oval, tilted disc', '2230238c-cd7b-4fc5-8e0b-4dbd91b0357f');
INSERT INTO public.clinical_sign_grade VALUES ('85e48531-e89d-4c3e-b476-4285b34e4a0e', false, false, 'Pale tessellated retina', '2230238c-cd7b-4fc5-8e0b-4dbd91b0357f');
INSERT INTO public.clinical_sign_grade VALUES ('4dd1cc1a-e156-4953-8010-b1b36393f673', true, false, 'Peripapillary atrophy', '2230238c-cd7b-4fc5-8e0b-4dbd91b0357f');
INSERT INTO public.clinical_sign_grade VALUES ('18cb0888-fccd-43f8-aee2-0ecc329adddc', false, false, 'Peripapillary intrachoroidal cavitation', '2230238c-cd7b-4fc5-8e0b-4dbd91b0357f');
INSERT INTO public.clinical_sign_grade VALUES ('4019f7cb-81ff-4fd6-a429-fc786cf46cb2', false, false, 'Rhegmatogenous retinal detachment', '2230238c-cd7b-4fc5-8e0b-4dbd91b0357f');
INSERT INTO public.clinical_sign_grade VALUES ('c98bdf11-cfa1-46ba-94dc-09e0510c0cb6', false, false, 'Staphyloma', '2230238c-cd7b-4fc5-8e0b-4dbd91b0357f');
INSERT INTO public.clinical_sign_grade VALUES ('9cf682a7-5be3-46a2-ba9e-16cc5fad1084', false, false, 'Subretinal ‘coin’ hemorrhages', '2230238c-cd7b-4fc5-8e0b-4dbd91b0357f');
INSERT INTO public.clinical_sign_grade VALUES ('e08c48c8-944a-4c54-bd23-976d8e4c42c6', true, false, 'Cellophane maculopathy', 'ac3d4294-f540-4c10-943d-9d426a5402fa');
INSERT INTO public.clinical_sign_grade VALUES ('0a311250-3e40-4f01-ad99-b07024fb05ea', true, false, 'Distorted blood vessels', 'ac3d4294-f540-4c10-943d-9d426a5402fa');
INSERT INTO public.clinical_sign_grade VALUES ('1e1106d4-042a-467b-91d1-d2eefc18a2f4', true, false, 'Fine retinal translucent folds or creases', 'ac3d4294-f540-4c10-943d-9d426a5402fa');
INSERT INTO public.clinical_sign_grade VALUES ('5423be12-1a4d-47ce-82e1-c99c849dcf91', false, false, 'Macular pseudohole', 'ac3d4294-f540-4c10-943d-9d426a5402fa');
INSERT INTO public.clinical_sign_grade VALUES ('4e639b9d-979a-46c9-81ad-f86347d9ee44', true, false, 'Macular reflex changes', 'ac3d4294-f540-4c10-943d-9d426a5402fa');
INSERT INTO public.clinical_sign_grade VALUES ('8c32c83b-acc5-44df-a9c2-fe34e001c409', false, false, 'Macular thickening (macular edema)', 'ac3d4294-f540-4c10-943d-9d426a5402fa');
INSERT INTO public.clinical_sign_grade VALUES ('317a514a-36df-4d7d-a076-55e5e6d09fd2', false, false, 'Wrinkling or distortion of the retinal tissue', 'ac3d4294-f540-4c10-943d-9d426a5402fa');
INSERT INTO public.clinical_sign_grade VALUES ('5532f3b8-d2fc-41d9-bdb8-02a9725ace59', false, false, 'Cotton-wool spots', '39a27554-9f6c-4386-9917-f96a02ac5456');
INSERT INTO public.clinical_sign_grade VALUES ('06e7a6ee-ea82-4a3f-9e5e-b995d3307f83', false, false, 'Dilated veins', '39a27554-9f6c-4386-9917-f96a02ac5456');
INSERT INTO public.clinical_sign_grade VALUES ('50fbd2ae-8630-408b-8707-83d8483a2d8d', false, false, 'Dot-blot hemorrhages', '39a27554-9f6c-4386-9917-f96a02ac5456');
INSERT INTO public.clinical_sign_grade VALUES ('94aeb7bd-e89f-4f13-b6a8-224c557192f9', false, false, 'Flame-shaped hemorrhages', '39a27554-9f6c-4386-9917-f96a02ac5456');
INSERT INTO public.clinical_sign_grade VALUES ('2c00c051-b3a3-4528-8bc6-677ce829e3fb', false, false, 'Hard exudates', '39a27554-9f6c-4386-9917-f96a02ac5456');
INSERT INTO public.clinical_sign_grade VALUES ('1b0f07c4-702f-46fc-a2f3-008cad36b513', false, false, 'Intraretinal microvascular anomalies ', '39a27554-9f6c-4386-9917-f96a02ac5456');
INSERT INTO public.clinical_sign_grade VALUES ('a7c20473-61fc-48f7-8c31-4300a9442d0b', false, false, 'Laser spots', '39a27554-9f6c-4386-9917-f96a02ac5456');
INSERT INTO public.clinical_sign_grade VALUES ('7f9b723f-8d29-4bdd-9e36-dac56d329345', false, false, 'Microaneurysms', '39a27554-9f6c-4386-9917-f96a02ac5456');
INSERT INTO public.clinical_sign_grade VALUES ('aa696663-8662-4b95-b401-e7fd7ba2b020', true, false, 'Neovascularization elsewhere', '39a27554-9f6c-4386-9917-f96a02ac5456');
INSERT INTO public.clinical_sign_grade VALUES ('7112a70c-5d64-40af-bb30-c0fb11832006', true, false, 'Neovascularization of the disc', '39a27554-9f6c-4386-9917-f96a02ac5456');
INSERT INTO public.clinical_sign_grade VALUES ('1a093e26-b26d-4267-9d1b-c44c49cc5611', false, false, 'Preretinal hemorrhage', '39a27554-9f6c-4386-9917-f96a02ac5456');
INSERT INTO public.clinical_sign_grade VALUES ('e9c7079a-c219-4e62-bf0d-ddc4f29cee22', true, false, 'Tractional retinal detachment', '39a27554-9f6c-4386-9917-f96a02ac5456');
INSERT INTO public.clinical_sign_grade VALUES ('cfce942f-5003-4ead-975f-75ce8fa17c69', false, false, 'Venous beading', '39a27554-9f6c-4386-9917-f96a02ac5456');
INSERT INTO public.clinical_sign_grade VALUES ('14421816-7e9e-4ab4-927c-1100e2cf943b', false, false, 'Venous loops', '39a27554-9f6c-4386-9917-f96a02ac5456');
INSERT INTO public.clinical_sign_grade VALUES ('945a04af-69d7-4c3c-9159-292df5546a8a', false, false, 'Vitreous hemorrhage', '39a27554-9f6c-4386-9917-f96a02ac5456');
INSERT INTO public.clinical_sign_grade VALUES ('cad2bb23-092d-446b-b00a-c43fc3e71f1c', false, false, 'Collateral vascular shunt at the optic disc', '5bd86a0c-20de-45f1-82e9-002ce7525a79');
INSERT INTO public.clinical_sign_grade VALUES ('fbde4331-f8d6-4d34-9e37-350515a21210', true, false, 'Cotton-wool spots', '5bd86a0c-20de-45f1-82e9-002ce7525a79');
INSERT INTO public.clinical_sign_grade VALUES ('e23ef000-95df-4eb6-a466-3288ce44bf5f', true, false, 'Hard exudates', '5bd86a0c-20de-45f1-82e9-002ce7525a79');
INSERT INTO public.clinical_sign_grade VALUES ('82e591b1-242b-4a1c-8d7a-2de33f8a6777', false, false, 'IRMA', '5bd86a0c-20de-45f1-82e9-002ce7525a79');
INSERT INTO public.clinical_sign_grade VALUES ('2fb00f3f-3efd-4d98-8ac8-6e3804bf1b3b', false, false, 'Iris neovascularization', '5bd86a0c-20de-45f1-82e9-002ce7525a79');
INSERT INTO public.clinical_sign_grade VALUES ('fd59fe05-32ea-445e-9129-a9cde405f242', true, false, 'Ischemic BRVO', '5bd86a0c-20de-45f1-82e9-002ce7525a79');
INSERT INTO public.clinical_sign_grade VALUES ('c5b761a2-de73-407b-95ad-553c999d58c9', true, false, 'Macular edema', '5bd86a0c-20de-45f1-82e9-002ce7525a79');
INSERT INTO public.clinical_sign_grade VALUES ('033059e6-6e4d-4488-8d21-8250ab0c1473', true, false, 'Macular ischemia', '5bd86a0c-20de-45f1-82e9-002ce7525a79');
INSERT INTO public.clinical_sign_grade VALUES ('71f545aa-97ed-4d1b-8d9c-8aff148c9f54', true, false, 'Microaneurysms', '5bd86a0c-20de-45f1-82e9-002ce7525a79');
INSERT INTO public.clinical_sign_grade VALUES ('28669948-d404-4dc8-b4db-726def7a56c4', true, false, 'Narrowing/sheathing of the adjacent artery', '5bd86a0c-20de-45f1-82e9-002ce7525a79');
INSERT INTO public.clinical_sign_grade VALUES ('a749582d-bbe1-46c6-9354-b4507fd4a35a', false, false, 'Neovascularization elsewhere', '5bd86a0c-20de-45f1-82e9-002ce7525a79');
INSERT INTO public.clinical_sign_grade VALUES ('ae0e79c7-fbaf-4113-833e-7852569d0589', false, false, 'Neovascularization of the disc', '5bd86a0c-20de-45f1-82e9-002ce7525a79');
INSERT INTO public.clinical_sign_grade VALUES ('dd480f88-9aa4-44c8-89d4-da2f1acba567', false, false, 'Non-ischemic BRVO', '5bd86a0c-20de-45f1-82e9-002ce7525a79');
INSERT INTO public.clinical_sign_grade VALUES ('7a3a8bbe-4fbb-4fb1-a96b-02406b30d9ce', false, false, 'Optic disc edema', '5bd86a0c-20de-45f1-82e9-002ce7525a79');
INSERT INTO public.clinical_sign_grade VALUES ('743d7826-73f7-4d12-8327-c545817881cf', true, false, 'Preretinal hemorrhage', '5bd86a0c-20de-45f1-82e9-002ce7525a79');
INSERT INTO public.clinical_sign_grade VALUES ('9fa293c7-ba28-486f-863d-2925b331847f', true, false, 'Retinal hemorrhages', '5bd86a0c-20de-45f1-82e9-002ce7525a79');
INSERT INTO public.clinical_sign_grade VALUES ('020a9c12-0007-4a5c-b29d-90705b71cb39', true, false, 'Salus sign', '5bd86a0c-20de-45f1-82e9-002ce7525a79');
INSERT INTO public.clinical_sign_grade VALUES ('3f274676-3ceb-48d8-ba13-5afa12304e7d', false, false, 'Sclerosed veins', '5bd86a0c-20de-45f1-82e9-002ce7525a79');
INSERT INTO public.clinical_sign_grade VALUES ('701283b0-919d-4834-8239-a505e2f6ce36', true, false, 'Sectorial venous dilatation and tortuosity', '5bd86a0c-20de-45f1-82e9-002ce7525a79');
INSERT INTO public.clinical_sign_grade VALUES ('c05f19d1-d435-43d2-bbc1-b5fdfd74cd2d', false, false, 'Telangiectatic vessels', '5bd86a0c-20de-45f1-82e9-002ce7525a79');
INSERT INTO public.clinical_sign_grade VALUES ('a5080e2f-8b50-4935-8ada-d70e848e2a9b', false, false, 'Tractional retinal detachment', '5bd86a0c-20de-45f1-82e9-002ce7525a79');
INSERT INTO public.clinical_sign_grade VALUES ('d139d6de-be2a-4e4e-ab28-ae18ed391d67', false, false, 'Vitreous hemorrhage', '5bd86a0c-20de-45f1-82e9-002ce7525a79');


--
-- TOC entry 4398 (class 0 OID 28082)
-- Dependencies: 212
-- Data for Name: differential_diagnosis; Type: TABLE DATA; Schema: public; Owner: postgres
--

INSERT INTO public.differential_diagnosis VALUES ('Non-exudative AMD');
INSERT INTO public.differential_diagnosis VALUES ('Exudative AMD (CNV)');
INSERT INTO public.differential_diagnosis VALUES ('Macular edema');
INSERT INTO public.differential_diagnosis VALUES ('Retinopathy');
INSERT INTO public.differential_diagnosis VALUES ('Glaucoma');
INSERT INTO public.differential_diagnosis VALUES ('Optic disc edema');
INSERT INTO public.differential_diagnosis VALUES ('Choroidal neovascularization');
INSERT INTO public.differential_diagnosis VALUES ('Tessellated fundus');
INSERT INTO public.differential_diagnosis VALUES ('Vitreous degeneration (PVD + Vitreous liquefaction) & Asteroid hyalosis & Synchysis scintillans');
INSERT INTO public.differential_diagnosis VALUES ('Branch retinal vein occlusion');
INSERT INTO public.differential_diagnosis VALUES ('Physiologic large optic cup');
INSERT INTO public.differential_diagnosis VALUES ('Drusen');
INSERT INTO public.differential_diagnosis VALUES ('Epiretinal membrane');
INSERT INTO public.differential_diagnosis VALUES ('Myelinated Retinal Nerve Fiber Layer (MRNF)');
INSERT INTO public.differential_diagnosis VALUES ('Rhegmatogenous retinal detachment');
INSERT INTO public.differential_diagnosis VALUES ('Central serous chorioretinopathy');
INSERT INTO public.differential_diagnosis VALUES ('Central retinal vein occlusion');


--
-- TOC entry 4410 (class 0 OID 28150)
-- Dependencies: 224
-- Data for Name: sign; Type: TABLE DATA; Schema: public; Owner: postgres
--

INSERT INTO public.sign VALUES ('RPE changes in central serous chorioretinopathy');
INSERT INTO public.sign VALUES ('Pattern distrophy');
INSERT INTO public.sign VALUES ('Retinal drug toxicity (i.e. chloroquine)');
INSERT INTO public.sign VALUES ('Adult vitelliform macular dystrophy');
INSERT INTO public.sign VALUES ('Pathologic myopia');
INSERT INTO public.sign VALUES ('Central serous chorioretinopathy');
INSERT INTO public.sign VALUES ('Ocular histoplasmosis syndrome');
INSERT INTO public.sign VALUES ('Angioid streaks');
INSERT INTO public.sign VALUES ('Choroidal rupture');
INSERT INTO public.sign VALUES ('Polypoidal choroidal vasculopathy');
INSERT INTO public.sign VALUES ('Choroidal masquerading tumors');
INSERT INTO public.sign VALUES ('Retinal angiomatous proliferation');
INSERT INTO public.sign VALUES ('Idiopathic etiology');
INSERT INTO public.sign VALUES ('Diabetic macular edema');
INSERT INTO public.sign VALUES ('Hypertensive retinopathy');
INSERT INTO public.sign VALUES ('Central retinal vein occlusion');
INSERT INTO public.sign VALUES ('Branch retinal vein occlusion');
INSERT INTO public.sign VALUES ('Choroidal neovascular membrane');
INSERT INTO public.sign VALUES ('Macular edema secondary to epiretinal membrane');
INSERT INTO public.sign VALUES ('Ruptured microaneurysm');
INSERT INTO public.sign VALUES ('Irvine gass syndrome');
INSERT INTO public.sign VALUES ('Post uveitic macular edema');
INSERT INTO public.sign VALUES ('Hemiretinal vein occlusion');
INSERT INTO public.sign VALUES ('Ocular ischemic syndrome');
INSERT INTO public.sign VALUES ('Terson syndrome');
INSERT INTO public.sign VALUES ('Valsalva retinopathy');
INSERT INTO public.sign VALUES ('Sickle cell retinopathy');
INSERT INTO public.sign VALUES ('Post-traumatic retinal bleed');
INSERT INTO public.sign VALUES ('Retinal macroaneurysm');
INSERT INTO public.sign VALUES ('Retinopathy in thalassemia');
INSERT INTO public.sign VALUES ('Physiologic cupping in increased optic nerve head');
INSERT INTO public.sign VALUES ('Optic disc pit');
INSERT INTO public.sign VALUES ('Optic disc coloboma');
INSERT INTO public.sign VALUES ('Ischemic optic neuropathy');
INSERT INTO public.sign VALUES ('Anterior ischemic optic neuropathy');
INSERT INTO public.sign VALUES ('Optic neuritis');
INSERT INTO public.sign VALUES ('Papilledema');
INSERT INTO public.sign VALUES ('Compressive optic neuropathy');
INSERT INTO public.sign VALUES ('Papillophlebitis');
INSERT INTO public.sign VALUES ('Optic disc drusen');
INSERT INTO public.sign VALUES ('Neuroretinitis');
INSERT INTO public.sign VALUES ('Diabetic papillopathy');
INSERT INTO public.sign VALUES ('Hyperviscosity syndrome');
INSERT INTO public.sign VALUES ('Diabetic retinopathy');
INSERT INTO public.sign VALUES ('Radiation retinopathy');
INSERT INTO public.sign VALUES ('Anemia');
INSERT INTO public.sign VALUES ('Age-related macular degeneration');
INSERT INTO public.sign VALUES ('Pattern dystrophies');
INSERT INTO public.sign VALUES ('Ocular histoplasmosis');
INSERT INTO public.sign VALUES ('Multifocal choroiditis');
INSERT INTO public.sign VALUES ('Chronic central serous chorioretinopathy');
INSERT INTO public.sign VALUES ('Presumed Ocular Histoplasmosis');
INSERT INTO public.sign VALUES ('Trauma: Choroidal rupture');
INSERT INTO public.sign VALUES ('Sarcoidosis');
INSERT INTO public.sign VALUES ('Choroidal tumors');
INSERT INTO public.sign VALUES ('Pathological myopia');
INSERT INTO public.sign VALUES ('Retinitis pigmentosa');
INSERT INTO public.sign VALUES ('Choroideremia');
INSERT INTO public.sign VALUES ('Ocular albinism');
INSERT INTO public.sign VALUES ('Gyrate atrophy');
INSERT INTO public.sign VALUES ('Geographic atrophy');
INSERT INTO public.sign VALUES ('Central areolar choroidal dystrophy');
INSERT INTO public.sign VALUES ('Retinal detachment');
INSERT INTO public.sign VALUES ('Vitreous inflammation (infectious and non infectious)');
INSERT INTO public.sign VALUES ('Vitreous hemorrhage (fresh)');
INSERT INTO public.sign VALUES ('Vitreous hemorrhage (old)');
INSERT INTO public.sign VALUES ('Vitreous amyloidosis');
INSERT INTO public.sign VALUES ('Ocular large cell lymphoma');
INSERT INTO public.sign VALUES ('Central/hemiretinal vein occlusion');
INSERT INTO public.sign VALUES ('Vasculitis');
INSERT INTO public.sign VALUES ('Macular telangiectasia');
INSERT INTO public.sign VALUES ('Glaucomatous optic disc cup');
INSERT INTO public.sign VALUES ('Age-related drusen');
INSERT INTO public.sign VALUES ('Autosomal dominant drusen (Malattia Leventinese)');
INSERT INTO public.sign VALUES ('Early adult-onset drusen (Cuticular drusen)');
INSERT INTO public.sign VALUES ('C3 glomerulopathy - associated drusen (type II membranoproliferative glomerulonephritis)');
INSERT INTO public.sign VALUES ('Macular edema');
INSERT INTO public.sign VALUES ('Proliferative vitreoretinopathy');
INSERT INTO public.sign VALUES ('Inherited macular dystrophies');
INSERT INTO public.sign VALUES ('Parafoveal telangiectasia');
INSERT INTO public.sign VALUES ('Macular hole');
INSERT INTO public.sign VALUES ('Tractional retinal detachment');
INSERT INTO public.sign VALUES ('Combined hamartoma of retina and RPE');
INSERT INTO public.sign VALUES ('Pseudo-papilledema');
INSERT INTO public.sign VALUES ('Cotton wool spot');
INSERT INTO public.sign VALUES ('Branch retinal artery occlusion (BRAO)');
INSERT INTO public.sign VALUES ('Peripapillary epiretinal membrane');
INSERT INTO public.sign VALUES ('Retinal infiltrates (infectious, inflammatory or neoplastic)');
INSERT INTO public.sign VALUES ('Retinoblastoma (in case of extensive myelinated retinal nerve fiber layer in young children)');
INSERT INTO public.sign VALUES ('Retinal necrosis');
INSERT INTO public.sign VALUES ('Exudative retinal detachment');
INSERT INTO public.sign VALUES ('Retinoschisis');
INSERT INTO public.sign VALUES ('Choroidal mass');
INSERT INTO public.sign VALUES ('Optic disc pit associated maculopathy');
INSERT INTO public.sign VALUES ('Choroidal tumor/infiltrative process');
INSERT INTO public.sign VALUES ('Vogt-Koyanagi-Harada');
INSERT INTO public.sign VALUES ('Idiopathic choroidal neovascularization');
INSERT INTO public.sign VALUES ('Posterior scleritis');
INSERT INTO public.sign VALUES ('Hemiretinal/Branch vein occlusion');
INSERT INTO public.sign VALUES ('Retinal artery occlusion');


--
-- TOC entry 4400 (class 0 OID 28094)
-- Dependencies: 214
-- Data for Name: differential_diagnosis_sign; Type: TABLE DATA; Schema: public; Owner: postgres
--

INSERT INTO public.differential_diagnosis_sign VALUES ('Non-exudative AMD', 'RPE changes in central serous chorioretinopathy');
INSERT INTO public.differential_diagnosis_sign VALUES ('Non-exudative AMD', 'Pattern distrophy');
INSERT INTO public.differential_diagnosis_sign VALUES ('Non-exudative AMD', 'Retinal drug toxicity (i.e. chloroquine)');
INSERT INTO public.differential_diagnosis_sign VALUES ('Non-exudative AMD', 'Adult vitelliform macular dystrophy');
INSERT INTO public.differential_diagnosis_sign VALUES ('Non-exudative AMD', 'Pathologic myopia');
INSERT INTO public.differential_diagnosis_sign VALUES ('Exudative AMD (CNV)', 'Central serous chorioretinopathy');
INSERT INTO public.differential_diagnosis_sign VALUES ('Exudative AMD (CNV)', 'Pathologic myopia');
INSERT INTO public.differential_diagnosis_sign VALUES ('Exudative AMD (CNV)', 'Ocular histoplasmosis syndrome');
INSERT INTO public.differential_diagnosis_sign VALUES ('Exudative AMD (CNV)', 'Angioid streaks');
INSERT INTO public.differential_diagnosis_sign VALUES ('Exudative AMD (CNV)', 'Choroidal rupture');
INSERT INTO public.differential_diagnosis_sign VALUES ('Exudative AMD (CNV)', 'Polypoidal choroidal vasculopathy');
INSERT INTO public.differential_diagnosis_sign VALUES ('Exudative AMD (CNV)', 'Choroidal masquerading tumors');
INSERT INTO public.differential_diagnosis_sign VALUES ('Exudative AMD (CNV)', 'Retinal angiomatous proliferation');
INSERT INTO public.differential_diagnosis_sign VALUES ('Exudative AMD (CNV)', 'Idiopathic etiology');
INSERT INTO public.differential_diagnosis_sign VALUES ('Exudative AMD (CNV)', 'Diabetic macular edema');
INSERT INTO public.differential_diagnosis_sign VALUES ('Macular edema', 'Hypertensive retinopathy');
INSERT INTO public.differential_diagnosis_sign VALUES ('Macular edema', 'Central retinal vein occlusion');
INSERT INTO public.differential_diagnosis_sign VALUES ('Macular edema', 'Branch retinal vein occlusion');
INSERT INTO public.differential_diagnosis_sign VALUES ('Macular edema', 'Choroidal neovascular membrane');
INSERT INTO public.differential_diagnosis_sign VALUES ('Macular edema', 'Macular edema secondary to epiretinal membrane');
INSERT INTO public.differential_diagnosis_sign VALUES ('Macular edema', 'Ruptured microaneurysm');
INSERT INTO public.differential_diagnosis_sign VALUES ('Macular edema', 'Irvine gass syndrome');
INSERT INTO public.differential_diagnosis_sign VALUES ('Macular edema', 'Post uveitic macular edema');
INSERT INTO public.differential_diagnosis_sign VALUES ('Macular edema', 'Central serous chorioretinopathy');
INSERT INTO public.differential_diagnosis_sign VALUES ('Retinopathy', 'Central retinal vein occlusion');
INSERT INTO public.differential_diagnosis_sign VALUES ('Retinopathy', 'Hemiretinal vein occlusion');
INSERT INTO public.differential_diagnosis_sign VALUES ('Retinopathy', 'Branch retinal vein occlusion');
INSERT INTO public.differential_diagnosis_sign VALUES ('Retinopathy', 'Hypertensive retinopathy');
INSERT INTO public.differential_diagnosis_sign VALUES ('Retinopathy', 'Ocular ischemic syndrome');
INSERT INTO public.differential_diagnosis_sign VALUES ('Retinopathy', 'Terson syndrome');
INSERT INTO public.differential_diagnosis_sign VALUES ('Retinopathy', 'Valsalva retinopathy');
INSERT INTO public.differential_diagnosis_sign VALUES ('Retinopathy', 'Sickle cell retinopathy');
INSERT INTO public.differential_diagnosis_sign VALUES ('Retinopathy', 'Post-traumatic retinal bleed');
INSERT INTO public.differential_diagnosis_sign VALUES ('Retinopathy', 'Retinal macroaneurysm');
INSERT INTO public.differential_diagnosis_sign VALUES ('Retinopathy', 'Retinopathy in thalassemia');
INSERT INTO public.differential_diagnosis_sign VALUES ('Glaucoma', 'Physiologic cupping in increased optic nerve head');
INSERT INTO public.differential_diagnosis_sign VALUES ('Glaucoma', 'Optic disc pit');
INSERT INTO public.differential_diagnosis_sign VALUES ('Glaucoma', 'Optic disc coloboma');
INSERT INTO public.differential_diagnosis_sign VALUES ('Glaucoma', 'Ischemic optic neuropathy');
INSERT INTO public.differential_diagnosis_sign VALUES ('Optic disc edema', 'Anterior ischemic optic neuropathy');
INSERT INTO public.differential_diagnosis_sign VALUES ('Optic disc edema', 'Central retinal vein occlusion');
INSERT INTO public.differential_diagnosis_sign VALUES ('Optic disc edema', 'Optic neuritis');
INSERT INTO public.differential_diagnosis_sign VALUES ('Optic disc edema', 'Papilledema');
INSERT INTO public.differential_diagnosis_sign VALUES ('Optic disc edema', 'Compressive optic neuropathy');
INSERT INTO public.differential_diagnosis_sign VALUES ('Optic disc edema', 'Papillophlebitis');
INSERT INTO public.differential_diagnosis_sign VALUES ('Optic disc edema', 'Optic disc drusen');
INSERT INTO public.differential_diagnosis_sign VALUES ('Optic disc edema', 'Neuroretinitis');
INSERT INTO public.differential_diagnosis_sign VALUES ('Optic disc edema', 'Diabetic papillopathy');
INSERT INTO public.differential_diagnosis_sign VALUES ('Optic disc edema', 'Pseudo-papilledema');
INSERT INTO public.differential_diagnosis_sign VALUES ('Retinopathy', 'Hyperviscosity syndrome');
INSERT INTO public.differential_diagnosis_sign VALUES ('Retinopathy', 'Diabetic retinopathy');
INSERT INTO public.differential_diagnosis_sign VALUES ('Retinopathy', 'Radiation retinopathy');
INSERT INTO public.differential_diagnosis_sign VALUES ('Retinopathy', 'Anemia');
INSERT INTO public.differential_diagnosis_sign VALUES ('Retinopathy', 'Age-related macular degeneration');
INSERT INTO public.differential_diagnosis_sign VALUES ('Retinopathy', 'Angioid streaks');
INSERT INTO public.differential_diagnosis_sign VALUES ('Retinopathy', 'Choroidal rupture');
INSERT INTO public.differential_diagnosis_sign VALUES ('Retinopathy', 'Pattern dystrophies');
INSERT INTO public.differential_diagnosis_sign VALUES ('Retinopathy', 'Ocular histoplasmosis');
INSERT INTO public.differential_diagnosis_sign VALUES ('Retinopathy', 'Multifocal choroiditis');
INSERT INTO public.differential_diagnosis_sign VALUES ('Choroidal neovascularization', 'Age-related macular degeneration');
INSERT INTO public.differential_diagnosis_sign VALUES ('Choroidal neovascularization', 'Chronic central serous chorioretinopathy');
INSERT INTO public.differential_diagnosis_sign VALUES ('Choroidal neovascularization', 'Angioid streaks');
INSERT INTO public.differential_diagnosis_sign VALUES ('Choroidal neovascularization', 'Presumed Ocular Histoplasmosis');
INSERT INTO public.differential_diagnosis_sign VALUES ('Choroidal neovascularization', 'Trauma: Choroidal rupture');
INSERT INTO public.differential_diagnosis_sign VALUES ('Choroidal neovascularization', 'Multifocal choroiditis');
INSERT INTO public.differential_diagnosis_sign VALUES ('Choroidal neovascularization', 'Sarcoidosis');
INSERT INTO public.differential_diagnosis_sign VALUES ('Choroidal neovascularization', 'Choroidal tumors');
INSERT INTO public.differential_diagnosis_sign VALUES ('Tessellated fundus', 'Pathological myopia');
INSERT INTO public.differential_diagnosis_sign VALUES ('Tessellated fundus', 'Retinitis pigmentosa');
INSERT INTO public.differential_diagnosis_sign VALUES ('Tessellated fundus', 'Choroideremia');
INSERT INTO public.differential_diagnosis_sign VALUES ('Tessellated fundus', 'Ocular albinism');
INSERT INTO public.differential_diagnosis_sign VALUES ('Tessellated fundus', 'Gyrate atrophy');
INSERT INTO public.differential_diagnosis_sign VALUES ('Tessellated fundus', 'Geographic atrophy');
INSERT INTO public.differential_diagnosis_sign VALUES ('Tessellated fundus', 'Central areolar choroidal dystrophy');
INSERT INTO public.differential_diagnosis_sign VALUES ('Vitreous degeneration (PVD + Vitreous liquefaction) & Asteroid hyalosis & Synchysis scintillans', 'Retinal detachment');
INSERT INTO public.differential_diagnosis_sign VALUES ('Vitreous degeneration (PVD + Vitreous liquefaction) & Asteroid hyalosis & Synchysis scintillans', 'Vitreous inflammation (infectious and non infectious)');
INSERT INTO public.differential_diagnosis_sign VALUES ('Vitreous degeneration (PVD + Vitreous liquefaction) & Asteroid hyalosis & Synchysis scintillans', 'Vitreous hemorrhage (fresh)');
INSERT INTO public.differential_diagnosis_sign VALUES ('Vitreous degeneration (PVD + Vitreous liquefaction) & Asteroid hyalosis & Synchysis scintillans', 'Vitreous hemorrhage (old)');
INSERT INTO public.differential_diagnosis_sign VALUES ('Vitreous degeneration (PVD + Vitreous liquefaction) & Asteroid hyalosis & Synchysis scintillans', 'Vitreous amyloidosis');
INSERT INTO public.differential_diagnosis_sign VALUES ('Vitreous degeneration (PVD + Vitreous liquefaction) & Asteroid hyalosis & Synchysis scintillans', 'Ocular large cell lymphoma');
INSERT INTO public.differential_diagnosis_sign VALUES ('Branch retinal vein occlusion', 'Diabetic retinopathy');
INSERT INTO public.differential_diagnosis_sign VALUES ('Branch retinal vein occlusion', 'Central/hemiretinal vein occlusion');
INSERT INTO public.differential_diagnosis_sign VALUES ('Branch retinal vein occlusion', 'Radiation retinopathy');
INSERT INTO public.differential_diagnosis_sign VALUES ('Branch retinal vein occlusion', 'Retinal angiomatous proliferation');
INSERT INTO public.differential_diagnosis_sign VALUES ('Branch retinal vein occlusion', 'Hypertensive retinopathy');
INSERT INTO public.differential_diagnosis_sign VALUES ('Branch retinal vein occlusion', 'Vasculitis');
INSERT INTO public.differential_diagnosis_sign VALUES ('Branch retinal vein occlusion', 'Macular telangiectasia');
INSERT INTO public.differential_diagnosis_sign VALUES ('Physiologic large optic cup', 'Glaucomatous optic disc cup');
INSERT INTO public.differential_diagnosis_sign VALUES ('Physiologic large optic cup', 'Optic disc pit');
INSERT INTO public.differential_diagnosis_sign VALUES ('Physiologic large optic cup', 'Optic disc coloboma');
INSERT INTO public.differential_diagnosis_sign VALUES ('Physiologic large optic cup', 'Ischemic optic neuropathy');
INSERT INTO public.differential_diagnosis_sign VALUES ('Drusen', 'Age-related drusen');
INSERT INTO public.differential_diagnosis_sign VALUES ('Drusen', 'Age-related macular degeneration');
INSERT INTO public.differential_diagnosis_sign VALUES ('Drusen', 'Autosomal dominant drusen (Malattia Leventinese)');
INSERT INTO public.differential_diagnosis_sign VALUES ('Drusen', 'Early adult-onset drusen (Cuticular drusen)');
INSERT INTO public.differential_diagnosis_sign VALUES ('Drusen', 'C3 glomerulopathy - associated drusen (type II membranoproliferative glomerulonephritis)');
INSERT INTO public.differential_diagnosis_sign VALUES ('Epiretinal membrane', 'Macular edema');
INSERT INTO public.differential_diagnosis_sign VALUES ('Epiretinal membrane', 'Proliferative vitreoretinopathy');
INSERT INTO public.differential_diagnosis_sign VALUES ('Epiretinal membrane', 'Inherited macular dystrophies');
INSERT INTO public.differential_diagnosis_sign VALUES ('Epiretinal membrane', 'Parafoveal telangiectasia');
INSERT INTO public.differential_diagnosis_sign VALUES ('Epiretinal membrane', 'Macular hole');
INSERT INTO public.differential_diagnosis_sign VALUES ('Epiretinal membrane', 'Tractional retinal detachment');
INSERT INTO public.differential_diagnosis_sign VALUES ('Epiretinal membrane', 'Combined hamartoma of retina and RPE');
INSERT INTO public.differential_diagnosis_sign VALUES ('Myelinated Retinal Nerve Fiber Layer (MRNF)', 'Cotton wool spot');
INSERT INTO public.differential_diagnosis_sign VALUES ('Myelinated Retinal Nerve Fiber Layer (MRNF)', 'Branch retinal artery occlusion (BRAO)');
INSERT INTO public.differential_diagnosis_sign VALUES ('Myelinated Retinal Nerve Fiber Layer (MRNF)', 'Peripapillary epiretinal membrane');
INSERT INTO public.differential_diagnosis_sign VALUES ('Myelinated Retinal Nerve Fiber Layer (MRNF)', 'Retinal infiltrates (infectious, inflammatory or neoplastic)');
INSERT INTO public.differential_diagnosis_sign VALUES ('Myelinated Retinal Nerve Fiber Layer (MRNF)', 'Retinoblastoma (in case of extensive myelinated retinal nerve fiber layer in young children)');
INSERT INTO public.differential_diagnosis_sign VALUES ('Myelinated Retinal Nerve Fiber Layer (MRNF)', 'Retinal necrosis');
INSERT INTO public.differential_diagnosis_sign VALUES ('Rhegmatogenous retinal detachment', 'Tractional retinal detachment');
INSERT INTO public.differential_diagnosis_sign VALUES ('Rhegmatogenous retinal detachment', 'Exudative retinal detachment');
INSERT INTO public.differential_diagnosis_sign VALUES ('Rhegmatogenous retinal detachment', 'Retinoschisis');
INSERT INTO public.differential_diagnosis_sign VALUES ('Rhegmatogenous retinal detachment', 'Choroidal mass');
INSERT INTO public.differential_diagnosis_sign VALUES ('Central serous chorioretinopathy', 'Age-related macular degeneration');
INSERT INTO public.differential_diagnosis_sign VALUES ('Central serous chorioretinopathy', 'Optic disc pit associated maculopathy');
INSERT INTO public.differential_diagnosis_sign VALUES ('Central serous chorioretinopathy', 'Choroidal tumor/infiltrative process');
INSERT INTO public.differential_diagnosis_sign VALUES ('Central serous chorioretinopathy', 'Vogt-Koyanagi-Harada');
INSERT INTO public.differential_diagnosis_sign VALUES ('Central serous chorioretinopathy', 'Polypoidal choroidal vasculopathy');
INSERT INTO public.differential_diagnosis_sign VALUES ('Central serous chorioretinopathy', 'Idiopathic choroidal neovascularization');
INSERT INTO public.differential_diagnosis_sign VALUES ('Central serous chorioretinopathy', 'Posterior scleritis');
INSERT INTO public.differential_diagnosis_sign VALUES ('Central retinal vein occlusion', 'Diabetic retinopathy');
INSERT INTO public.differential_diagnosis_sign VALUES ('Central retinal vein occlusion', 'Hemiretinal/Branch vein occlusion');
INSERT INTO public.differential_diagnosis_sign VALUES ('Central retinal vein occlusion', 'Radiation retinopathy');
INSERT INTO public.differential_diagnosis_sign VALUES ('Central retinal vein occlusion', 'Retinal artery occlusion');
INSERT INTO public.differential_diagnosis_sign VALUES ('Central retinal vein occlusion', 'Hypertensive retinopathy');
INSERT INTO public.differential_diagnosis_sign VALUES ('Central retinal vein occlusion', 'Vasculitis');
INSERT INTO public.differential_diagnosis_sign VALUES ('Central retinal vein occlusion', 'Papillophlebitis');


--
-- TOC entry 4399 (class 0 OID 28087)
-- Dependencies: 213
-- Data for Name: differential_diagnosis_grade; Type: TABLE DATA; Schema: public; Owner: postgres
--

INSERT INTO public.differential_diagnosis_grade VALUES ('d6866dfa-d887-4711-8840-c5439f242626', false, false, 'Branch retinal vein occlusion', 'Central/hemiretinal vein occlusion', '9896810a-19d7-4d33-96c4-5d88c3564d7a');
INSERT INTO public.differential_diagnosis_grade VALUES ('df64032a-d45f-4f09-a74c-6681ca1dff26', false, false, 'Branch retinal vein occlusion', 'Diabetic retinopathy', '9896810a-19d7-4d33-96c4-5d88c3564d7a');
INSERT INTO public.differential_diagnosis_grade VALUES ('d4efd57c-43ee-42c1-bfd1-34cd706b2a39', false, false, 'Branch retinal vein occlusion', 'Hypertensive retinopathy', '9896810a-19d7-4d33-96c4-5d88c3564d7a');
INSERT INTO public.differential_diagnosis_grade VALUES ('1c9f49ae-4fa2-410c-83e3-0a3aaaa8f89c', false, false, 'Branch retinal vein occlusion', 'Macular telangiectasia', '9896810a-19d7-4d33-96c4-5d88c3564d7a');
INSERT INTO public.differential_diagnosis_grade VALUES ('31a01855-0b38-4b99-b3b8-67f7244102bc', false, false, 'Branch retinal vein occlusion', 'Radiation retinopathy', '9896810a-19d7-4d33-96c4-5d88c3564d7a');
INSERT INTO public.differential_diagnosis_grade VALUES ('ad31dd66-d688-4c9a-8ddb-49f1553cf409', false, false, 'Branch retinal vein occlusion', 'Retinal angiomatous proliferation', '9896810a-19d7-4d33-96c4-5d88c3564d7a');
INSERT INTO public.differential_diagnosis_grade VALUES ('bb945a67-cdbc-448b-95d1-2dae695554d9', false, false, 'Branch retinal vein occlusion', 'Vasculitis', '9896810a-19d7-4d33-96c4-5d88c3564d7a');
INSERT INTO public.differential_diagnosis_grade VALUES ('a5c95d38-d741-4b8f-b2f6-b9ec4652776b', false, false, 'Choroidal neovascularization', 'Age-related macular degeneration', 'ac345546-cd46-408a-b477-f380ec266769');
INSERT INTO public.differential_diagnosis_grade VALUES ('639aa04d-0541-45c0-adf1-20621bf69be3', false, false, 'Choroidal neovascularization', 'Angioid streaks', 'ac345546-cd46-408a-b477-f380ec266769');
INSERT INTO public.differential_diagnosis_grade VALUES ('3806a7ee-3683-47ce-a914-09fa75075ab9', false, false, 'Choroidal neovascularization', 'Choroidal tumors', 'ac345546-cd46-408a-b477-f380ec266769');
INSERT INTO public.differential_diagnosis_grade VALUES ('253bb51b-4d84-4a87-b7e2-5e2ef20504ef', false, false, 'Choroidal neovascularization', 'Chronic central serous chorioretinopathy', 'ac345546-cd46-408a-b477-f380ec266769');
INSERT INTO public.differential_diagnosis_grade VALUES ('96222331-334d-4c4b-8002-f0ed43c1779d', false, false, 'Choroidal neovascularization', 'Multifocal choroiditis', 'ac345546-cd46-408a-b477-f380ec266769');
INSERT INTO public.differential_diagnosis_grade VALUES ('2c356b66-28b8-4d00-94b5-17b9e0f019ea', false, false, 'Choroidal neovascularization', 'Presumed Ocular Histoplasmosis', 'ac345546-cd46-408a-b477-f380ec266769');
INSERT INTO public.differential_diagnosis_grade VALUES ('5bec70b8-b969-4668-981d-4ccaafcd4ccc', false, false, 'Choroidal neovascularization', 'Sarcoidosis', 'ac345546-cd46-408a-b477-f380ec266769');
INSERT INTO public.differential_diagnosis_grade VALUES ('7f3fab17-a358-43b2-8581-2b9bbe2b1e64', false, false, 'Choroidal neovascularization', 'Trauma: Choroidal rupture', 'ac345546-cd46-408a-b477-f380ec266769');
INSERT INTO public.differential_diagnosis_grade VALUES ('35a25868-f46b-449b-9201-9d49f4a71cb0', false, false, 'Retinopathy', 'Age-related macular degeneration', 'ac345546-cd46-408a-b477-f380ec266769');
INSERT INTO public.differential_diagnosis_grade VALUES ('872f24e3-132c-4ef3-a2dd-cbdb42e36ae1', false, false, 'Retinopathy', 'Anemia', 'ac345546-cd46-408a-b477-f380ec266769');
INSERT INTO public.differential_diagnosis_grade VALUES ('73eee60b-2954-4e46-b14b-3b589ec3bd2a', false, false, 'Retinopathy', 'Angioid streaks', 'ac345546-cd46-408a-b477-f380ec266769');
INSERT INTO public.differential_diagnosis_grade VALUES ('b21967a5-42dd-4420-8232-13157dc52fbb', false, false, 'Retinopathy', 'Branch retinal vein occlusion', 'ac345546-cd46-408a-b477-f380ec266769');
INSERT INTO public.differential_diagnosis_grade VALUES ('5f8b8fd1-3060-4c55-acc6-fc929f00245b', false, false, 'Retinopathy', 'Central retinal vein occlusion', 'ac345546-cd46-408a-b477-f380ec266769');
INSERT INTO public.differential_diagnosis_grade VALUES ('f3c0112c-14cd-4e9a-a4b5-dad9eb9faca3', false, false, 'Retinopathy', 'Choroidal rupture', 'ac345546-cd46-408a-b477-f380ec266769');
INSERT INTO public.differential_diagnosis_grade VALUES ('731b8339-d935-47c7-b025-35e77c96f934', false, false, 'Retinopathy', 'Diabetic retinopathy', 'ac345546-cd46-408a-b477-f380ec266769');
INSERT INTO public.differential_diagnosis_grade VALUES ('e589c1bc-3ed0-41b1-bf7a-a6b0d3e75dfb', false, false, 'Retinopathy', 'Hemiretinal vein occlusion', 'ac345546-cd46-408a-b477-f380ec266769');
INSERT INTO public.differential_diagnosis_grade VALUES ('aa86cfca-8736-4652-b99c-f0b98f6ec260', false, false, 'Retinopathy', 'Hypertensive retinopathy', 'ac345546-cd46-408a-b477-f380ec266769');
INSERT INTO public.differential_diagnosis_grade VALUES ('19878d60-8afe-40e0-9c3e-9d34aa09e737', false, false, 'Retinopathy', 'Hyperviscosity syndrome', 'ac345546-cd46-408a-b477-f380ec266769');
INSERT INTO public.differential_diagnosis_grade VALUES ('5b5fa527-0ece-496e-a821-77940752a09d', false, false, 'Retinopathy', 'Multifocal choroiditis', 'ac345546-cd46-408a-b477-f380ec266769');
INSERT INTO public.differential_diagnosis_grade VALUES ('148f451e-8a8b-4716-bf12-bdeb83d030cf', false, false, 'Retinopathy', 'Ocular histoplasmosis', 'ac345546-cd46-408a-b477-f380ec266769');
INSERT INTO public.differential_diagnosis_grade VALUES ('41de45c8-2ced-4d21-b223-3f344a58b369', false, false, 'Retinopathy', 'Ocular ischemic syndrome', 'ac345546-cd46-408a-b477-f380ec266769');
INSERT INTO public.differential_diagnosis_grade VALUES ('a5a48277-57b6-43bf-8523-e19f37092990', false, false, 'Retinopathy', 'Pattern dystrophies', 'ac345546-cd46-408a-b477-f380ec266769');
INSERT INTO public.differential_diagnosis_grade VALUES ('83d9ec60-d7d5-4ad3-9e47-fd62348e386e', false, false, 'Retinopathy', 'Post-traumatic retinal bleed', 'ac345546-cd46-408a-b477-f380ec266769');
INSERT INTO public.differential_diagnosis_grade VALUES ('4bd3e8e6-01c5-4d96-8f49-fb8a79e317b0', false, false, 'Retinopathy', 'Radiation retinopathy', 'ac345546-cd46-408a-b477-f380ec266769');
INSERT INTO public.differential_diagnosis_grade VALUES ('936ba68f-ac8c-4332-9cf0-b859f10859dd', false, false, 'Retinopathy', 'Retinal macroaneurysm', 'ac345546-cd46-408a-b477-f380ec266769');
INSERT INTO public.differential_diagnosis_grade VALUES ('15d13d10-fd21-4fab-b55a-ef7110a91800', false, false, 'Retinopathy', 'Retinopathy in thalassemia', 'ac345546-cd46-408a-b477-f380ec266769');
INSERT INTO public.differential_diagnosis_grade VALUES ('52bd28b2-d3d2-4433-ac9e-ff17d5c8e8f1', false, false, 'Retinopathy', 'Sickle cell retinopathy', 'ac345546-cd46-408a-b477-f380ec266769');
INSERT INTO public.differential_diagnosis_grade VALUES ('b14b4404-3123-4631-bd0c-59613289599e', false, false, 'Retinopathy', 'Terson syndrome', 'ac345546-cd46-408a-b477-f380ec266769');
INSERT INTO public.differential_diagnosis_grade VALUES ('5a92ec07-3dc1-4c14-b4ab-31a7b0f1644b', false, false, 'Retinopathy', 'Valsalva retinopathy', 'ac345546-cd46-408a-b477-f380ec266769');
INSERT INTO public.differential_diagnosis_grade VALUES ('ed8da678-6ec3-459c-99a8-65eee447f69d', false, false, 'Choroidal neovascularization', 'Age-related macular degeneration', 'b856ad61-05d8-4594-b459-10ac43ee8849');
INSERT INTO public.differential_diagnosis_grade VALUES ('b2e880a9-ef2a-4192-92e9-65c39fb21864', false, false, 'Choroidal neovascularization', 'Angioid streaks', 'b856ad61-05d8-4594-b459-10ac43ee8849');
INSERT INTO public.differential_diagnosis_grade VALUES ('07ae262a-1bd4-4f64-affb-a7915f94263b', false, false, 'Choroidal neovascularization', 'Choroidal tumors', 'b856ad61-05d8-4594-b459-10ac43ee8849');
INSERT INTO public.differential_diagnosis_grade VALUES ('b64c577f-9329-4f84-94b0-21e1f73be9b3', false, false, 'Choroidal neovascularization', 'Chronic central serous chorioretinopathy', 'b856ad61-05d8-4594-b459-10ac43ee8849');
INSERT INTO public.differential_diagnosis_grade VALUES ('e3758c8b-ffe4-4f12-8caf-53b071fcdb9a', false, false, 'Choroidal neovascularization', 'Multifocal choroiditis', 'b856ad61-05d8-4594-b459-10ac43ee8849');
INSERT INTO public.differential_diagnosis_grade VALUES ('b0d81cc0-c682-4281-91e1-9a748d9f1475', false, false, 'Choroidal neovascularization', 'Presumed Ocular Histoplasmosis', 'b856ad61-05d8-4594-b459-10ac43ee8849');
INSERT INTO public.differential_diagnosis_grade VALUES ('ac419532-c1f7-46e2-b605-a77fcfa685b0', false, false, 'Choroidal neovascularization', 'Sarcoidosis', 'b856ad61-05d8-4594-b459-10ac43ee8849');
INSERT INTO public.differential_diagnosis_grade VALUES ('b1cedd5d-7c96-46d4-bea1-7547f1acf49f', false, false, 'Choroidal neovascularization', 'Trauma: Choroidal rupture', 'b856ad61-05d8-4594-b459-10ac43ee8849');
INSERT INTO public.differential_diagnosis_grade VALUES ('9be1b3ec-85f9-47db-b785-70b7e80d483f', false, false, 'Retinopathy', 'Age-related macular degeneration', 'b856ad61-05d8-4594-b459-10ac43ee8849');
INSERT INTO public.differential_diagnosis_grade VALUES ('053593d4-b8ba-417d-9127-9a148efef889', false, false, 'Retinopathy', 'Anemia', 'b856ad61-05d8-4594-b459-10ac43ee8849');
INSERT INTO public.differential_diagnosis_grade VALUES ('b38dfd23-0000-4972-a4e0-4936cf852cb4', false, false, 'Retinopathy', 'Angioid streaks', 'b856ad61-05d8-4594-b459-10ac43ee8849');
INSERT INTO public.differential_diagnosis_grade VALUES ('f27628cb-a7fc-445f-9487-42026d4b1e96', false, false, 'Retinopathy', 'Branch retinal vein occlusion', 'b856ad61-05d8-4594-b459-10ac43ee8849');
INSERT INTO public.differential_diagnosis_grade VALUES ('5dbcb6db-99c3-428d-97a5-bc4473baec1a', false, false, 'Retinopathy', 'Central retinal vein occlusion', 'b856ad61-05d8-4594-b459-10ac43ee8849');
INSERT INTO public.differential_diagnosis_grade VALUES ('8992f003-cc6d-41e6-ad0d-fe7af499714f', false, false, 'Retinopathy', 'Choroidal rupture', 'b856ad61-05d8-4594-b459-10ac43ee8849');
INSERT INTO public.differential_diagnosis_grade VALUES ('4b053535-5eba-407b-ab21-06ad1e533998', false, false, 'Retinopathy', 'Diabetic retinopathy', 'b856ad61-05d8-4594-b459-10ac43ee8849');
INSERT INTO public.differential_diagnosis_grade VALUES ('452183c0-8e3f-458a-9516-1b252ee1e31e', false, false, 'Retinopathy', 'Hemiretinal vein occlusion', 'b856ad61-05d8-4594-b459-10ac43ee8849');
INSERT INTO public.differential_diagnosis_grade VALUES ('178b6219-f8bb-49bd-92ba-9dd78d662c1f', false, false, 'Retinopathy', 'Hypertensive retinopathy', 'b856ad61-05d8-4594-b459-10ac43ee8849');
INSERT INTO public.differential_diagnosis_grade VALUES ('3cf2dd9f-b0b0-402a-b308-562a7b7a58fa', false, false, 'Retinopathy', 'Hyperviscosity syndrome', 'b856ad61-05d8-4594-b459-10ac43ee8849');
INSERT INTO public.differential_diagnosis_grade VALUES ('d70b1988-7ffc-4dc2-b0f8-916d66ee8e17', false, false, 'Retinopathy', 'Multifocal choroiditis', 'b856ad61-05d8-4594-b459-10ac43ee8849');
INSERT INTO public.differential_diagnosis_grade VALUES ('dce38982-c1e2-4ece-a154-8bcc3d7482ab', false, false, 'Retinopathy', 'Ocular histoplasmosis', 'b856ad61-05d8-4594-b459-10ac43ee8849');
INSERT INTO public.differential_diagnosis_grade VALUES ('a4a02eba-ae3b-4b87-be8f-edb685a1b188', false, false, 'Retinopathy', 'Ocular ischemic syndrome', 'b856ad61-05d8-4594-b459-10ac43ee8849');
INSERT INTO public.differential_diagnosis_grade VALUES ('530b87d2-5500-400e-a9bb-5072b8e144ff', false, false, 'Retinopathy', 'Pattern dystrophies', 'b856ad61-05d8-4594-b459-10ac43ee8849');
INSERT INTO public.differential_diagnosis_grade VALUES ('ce7a5f89-0820-4eeb-bdd2-b7d5cc4c422b', false, false, 'Retinopathy', 'Post-traumatic retinal bleed', 'b856ad61-05d8-4594-b459-10ac43ee8849');
INSERT INTO public.differential_diagnosis_grade VALUES ('79f798fc-d85b-411e-acfb-532c8df9d5f1', false, false, 'Retinopathy', 'Radiation retinopathy', 'b856ad61-05d8-4594-b459-10ac43ee8849');
INSERT INTO public.differential_diagnosis_grade VALUES ('654b249f-6920-4643-8a18-915ccccdb5fa', false, false, 'Retinopathy', 'Retinal macroaneurysm', 'b856ad61-05d8-4594-b459-10ac43ee8849');
INSERT INTO public.differential_diagnosis_grade VALUES ('da3748bc-6953-4286-bad9-09a51dfbc2bf', false, false, 'Retinopathy', 'Retinopathy in thalassemia', 'b856ad61-05d8-4594-b459-10ac43ee8849');
INSERT INTO public.differential_diagnosis_grade VALUES ('6c2d6868-ae8f-4e4f-bc12-46c644e551bc', false, false, 'Retinopathy', 'Sickle cell retinopathy', 'b856ad61-05d8-4594-b459-10ac43ee8849');
INSERT INTO public.differential_diagnosis_grade VALUES ('53b53c20-88ae-4bc6-b957-b3cd62243852', false, false, 'Retinopathy', 'Terson syndrome', 'b856ad61-05d8-4594-b459-10ac43ee8849');
INSERT INTO public.differential_diagnosis_grade VALUES ('8e4d345e-05ef-4aff-be3e-0fab6f9d9de5', false, false, 'Retinopathy', 'Valsalva retinopathy', 'b856ad61-05d8-4594-b459-10ac43ee8849');
INSERT INTO public.differential_diagnosis_grade VALUES ('a9f107d2-703a-418e-978e-f6b47fa02ef5', false, false, 'Epiretinal membrane', 'Combined hamartoma of retina and RPE', '7e8467c9-957c-4538-81a8-e906353945cf');
INSERT INTO public.differential_diagnosis_grade VALUES ('b16d0f4e-0be2-4d58-97d0-94486d11b8a5', true, false, 'Epiretinal membrane', 'Inherited macular dystrophies', '7e8467c9-957c-4538-81a8-e906353945cf');
INSERT INTO public.differential_diagnosis_grade VALUES ('1b3a4de7-7c9c-43b1-935b-2d1dd5f33aa9', true, false, 'Epiretinal membrane', 'Macular edema', '7e8467c9-957c-4538-81a8-e906353945cf');
INSERT INTO public.differential_diagnosis_grade VALUES ('6827ccb5-0205-45c1-857c-6f9a6fbdd2b2', true, false, 'Epiretinal membrane', 'Macular hole', '7e8467c9-957c-4538-81a8-e906353945cf');
INSERT INTO public.differential_diagnosis_grade VALUES ('ea495ff0-366f-4527-97be-67a8e074ab6b', true, false, 'Epiretinal membrane', 'Parafoveal telangiectasia', '7e8467c9-957c-4538-81a8-e906353945cf');
INSERT INTO public.differential_diagnosis_grade VALUES ('22244ffc-690a-47fe-9046-7c334dfaa70c', false, false, 'Epiretinal membrane', 'Proliferative vitreoretinopathy', '7e8467c9-957c-4538-81a8-e906353945cf');
INSERT INTO public.differential_diagnosis_grade VALUES ('53818da8-9e4c-4843-8c08-355117a0af0f', false, false, 'Epiretinal membrane', 'Tractional retinal detachment', '7e8467c9-957c-4538-81a8-e906353945cf');
INSERT INTO public.differential_diagnosis_grade VALUES ('4eda591b-93cc-4966-8257-16c2992c9326', false, false, 'Exudative AMD (CNV)', 'Diabetic macular edema', 'c61d6a96-83ae-443a-854b-df206691afe1');
INSERT INTO public.differential_diagnosis_grade VALUES ('c26b5697-103a-4974-bbc1-4230fd575c38', false, false, 'Exudative AMD (CNV)', 'Retinal angiomatous proliferation', 'c61d6a96-83ae-443a-854b-df206691afe1');
INSERT INTO public.differential_diagnosis_grade VALUES ('67be28b7-9616-45ad-a92a-509fef3ad11e', false, false, 'Non-exudative AMD', 'Adult vitelliform macular dystrophy', 'c61d6a96-83ae-443a-854b-df206691afe1');
INSERT INTO public.differential_diagnosis_grade VALUES ('d16e8541-d66a-457d-8961-c944a4fed877', false, false, 'Non-exudative AMD', 'Pathologic myopia', 'c61d6a96-83ae-443a-854b-df206691afe1');
INSERT INTO public.differential_diagnosis_grade VALUES ('a20e3301-77e6-4b4b-8aa3-4720eb7e1b63', true, false, 'Non-exudative AMD', 'Pattern distrophy', 'c61d6a96-83ae-443a-854b-df206691afe1');
INSERT INTO public.differential_diagnosis_grade VALUES ('a3409d8f-b112-4b46-ab92-aaa289e8b193', true, false, 'Non-exudative AMD', 'RPE changes in central serous chorioretinopathy', 'c61d6a96-83ae-443a-854b-df206691afe1');
INSERT INTO public.differential_diagnosis_grade VALUES ('eeb06dc7-cdd9-4646-a9b7-2adddc37601d', true, false, 'Non-exudative AMD', 'Retinal drug toxicity (i.e. chloroquine)', 'c61d6a96-83ae-443a-854b-df206691afe1');
INSERT INTO public.differential_diagnosis_grade VALUES ('55604f29-b4a3-4440-a6fe-9ad38ed39c04', false, false, 'Tessellated fundus', 'Central areolar choroidal dystrophy', 'b4e26f9d-f6d7-409f-8031-2b01cc71c6d9');
INSERT INTO public.differential_diagnosis_grade VALUES ('3c7077a2-8b80-4b60-9d53-4c954e3ba9a2', false, false, 'Tessellated fundus', 'Choroideremia', 'b4e26f9d-f6d7-409f-8031-2b01cc71c6d9');
INSERT INTO public.differential_diagnosis_grade VALUES ('62767b54-4efe-4bcd-a97f-0f47796f5486', false, false, 'Tessellated fundus', 'Geographic atrophy', 'b4e26f9d-f6d7-409f-8031-2b01cc71c6d9');
INSERT INTO public.differential_diagnosis_grade VALUES ('3f1aae9e-dc50-4099-a8d8-8bbdd39b53ad', false, false, 'Tessellated fundus', 'Gyrate atrophy', 'b4e26f9d-f6d7-409f-8031-2b01cc71c6d9');
INSERT INTO public.differential_diagnosis_grade VALUES ('9fab08d6-ac0b-453e-a9fc-9f662842d147', false, false, 'Tessellated fundus', 'Ocular albinism', 'b4e26f9d-f6d7-409f-8031-2b01cc71c6d9');
INSERT INTO public.differential_diagnosis_grade VALUES ('1888e085-9c2f-4f3a-b973-ccdfc9057b35', false, false, 'Tessellated fundus', 'Pathological myopia', 'b4e26f9d-f6d7-409f-8031-2b01cc71c6d9');
INSERT INTO public.differential_diagnosis_grade VALUES ('5fa33a7a-c0bb-437a-9918-77c8f14998b0', false, false, 'Tessellated fundus', 'Retinitis pigmentosa', 'b4e26f9d-f6d7-409f-8031-2b01cc71c6d9');
INSERT INTO public.differential_diagnosis_grade VALUES ('1bd49043-6d7f-4f54-8187-090ff8eebd9c', false, false, 'Macular edema', 'Branch retinal vein occlusion', 'e9401af4-00cc-4c9b-92e2-2aa4652c9543');
INSERT INTO public.differential_diagnosis_grade VALUES ('4d6a59ad-23cf-4d9a-b27b-8413915454a7', false, false, 'Macular edema', 'Central retinal vein occlusion', 'e9401af4-00cc-4c9b-92e2-2aa4652c9543');
INSERT INTO public.differential_diagnosis_grade VALUES ('0123a32f-5646-4fd8-8f16-530f2ea326e5', false, false, 'Macular edema', 'Central serous chorioretinopathy', 'e9401af4-00cc-4c9b-92e2-2aa4652c9543');
INSERT INTO public.differential_diagnosis_grade VALUES ('1a2e582e-0f13-42fc-8e75-2f0b4c168b08', false, false, 'Macular edema', 'Choroidal neovascular membrane', 'e9401af4-00cc-4c9b-92e2-2aa4652c9543');
INSERT INTO public.differential_diagnosis_grade VALUES ('d83e21f3-fa41-45a8-bcb5-909f5d2e027e', false, false, 'Macular edema', 'Hypertensive retinopathy', 'e9401af4-00cc-4c9b-92e2-2aa4652c9543');
INSERT INTO public.differential_diagnosis_grade VALUES ('c20e94e6-ceff-455d-9fa6-0cead0328d0e', false, false, 'Macular edema', 'Irvine gass syndrome', 'e9401af4-00cc-4c9b-92e2-2aa4652c9543');
INSERT INTO public.differential_diagnosis_grade VALUES ('323e1250-bf49-4737-af5d-76891893bdb3', false, false, 'Macular edema', 'Macular edema secondary to epiretinal membrane', 'e9401af4-00cc-4c9b-92e2-2aa4652c9543');
INSERT INTO public.differential_diagnosis_grade VALUES ('403ed824-35b9-4145-a693-dfcd22ec4b0b', false, false, 'Macular edema', 'Post uveitic macular edema', 'e9401af4-00cc-4c9b-92e2-2aa4652c9543');
INSERT INTO public.differential_diagnosis_grade VALUES ('7d2f4121-48eb-4c32-a588-4a92fc5829dd', false, false, 'Macular edema', 'Ruptured microaneurysm', 'e9401af4-00cc-4c9b-92e2-2aa4652c9543');
INSERT INTO public.differential_diagnosis_grade VALUES ('543d345b-f7a4-467d-ac9d-dff2ab994658', false, false, 'Retinopathy', 'Age-related macular degeneration', 'e9401af4-00cc-4c9b-92e2-2aa4652c9543');
INSERT INTO public.differential_diagnosis_grade VALUES ('3dede594-6db5-44d2-9719-6cec0775e084', false, false, 'Retinopathy', 'Anemia', 'e9401af4-00cc-4c9b-92e2-2aa4652c9543');
INSERT INTO public.differential_diagnosis_grade VALUES ('97ae920e-331c-476a-8850-58f19c541af6', false, false, 'Retinopathy', 'Angioid streaks', 'e9401af4-00cc-4c9b-92e2-2aa4652c9543');
INSERT INTO public.differential_diagnosis_grade VALUES ('96d14d7c-43cd-4a0b-b1f8-d08b2386a3a4', false, false, 'Retinopathy', 'Branch retinal vein occlusion', 'e9401af4-00cc-4c9b-92e2-2aa4652c9543');
INSERT INTO public.differential_diagnosis_grade VALUES ('91a0f038-0eeb-4a4b-aec0-24e99a885b58', false, false, 'Retinopathy', 'Central retinal vein occlusion', 'e9401af4-00cc-4c9b-92e2-2aa4652c9543');
INSERT INTO public.differential_diagnosis_grade VALUES ('0b0e09e5-bccd-473f-b0c8-0d1636e071ec', false, false, 'Retinopathy', 'Choroidal rupture', 'e9401af4-00cc-4c9b-92e2-2aa4652c9543');
INSERT INTO public.differential_diagnosis_grade VALUES ('3f3fd369-7f9c-41b7-975c-3135869d8af4', false, false, 'Retinopathy', 'Diabetic retinopathy', 'e9401af4-00cc-4c9b-92e2-2aa4652c9543');
INSERT INTO public.differential_diagnosis_grade VALUES ('5f6cb5ad-2a6f-4c91-a7d1-8162f7777bfe', false, false, 'Retinopathy', 'Hemiretinal vein occlusion', 'e9401af4-00cc-4c9b-92e2-2aa4652c9543');
INSERT INTO public.differential_diagnosis_grade VALUES ('68f8029c-3be8-49a7-8080-94832293b11a', false, false, 'Retinopathy', 'Hypertensive retinopathy', 'e9401af4-00cc-4c9b-92e2-2aa4652c9543');
INSERT INTO public.differential_diagnosis_grade VALUES ('224070b7-d412-4293-b1be-86dc4ae9c9ae', false, false, 'Retinopathy', 'Hyperviscosity syndrome', 'e9401af4-00cc-4c9b-92e2-2aa4652c9543');
INSERT INTO public.differential_diagnosis_grade VALUES ('47dd5a11-023f-435b-bc76-60f0fa467f17', false, false, 'Retinopathy', 'Multifocal choroiditis', 'e9401af4-00cc-4c9b-92e2-2aa4652c9543');
INSERT INTO public.differential_diagnosis_grade VALUES ('4b45d9a3-e4da-4a85-97d7-adeb2c3b7527', false, false, 'Retinopathy', 'Ocular histoplasmosis', 'e9401af4-00cc-4c9b-92e2-2aa4652c9543');
INSERT INTO public.differential_diagnosis_grade VALUES ('48371c67-faac-40fa-9da5-68fcb0c5409e', false, false, 'Retinopathy', 'Ocular ischemic syndrome', 'e9401af4-00cc-4c9b-92e2-2aa4652c9543');
INSERT INTO public.differential_diagnosis_grade VALUES ('492f56ec-c60f-43a1-b2a4-f50246b84330', false, false, 'Retinopathy', 'Pattern dystrophies', 'e9401af4-00cc-4c9b-92e2-2aa4652c9543');
INSERT INTO public.differential_diagnosis_grade VALUES ('50003db6-c236-4e87-8cf0-f12e26e7ed21', false, false, 'Retinopathy', 'Post-traumatic retinal bleed', 'e9401af4-00cc-4c9b-92e2-2aa4652c9543');
INSERT INTO public.differential_diagnosis_grade VALUES ('9e8f00a8-5e8e-4685-8d52-9caceff31815', false, false, 'Retinopathy', 'Radiation retinopathy', 'e9401af4-00cc-4c9b-92e2-2aa4652c9543');
INSERT INTO public.differential_diagnosis_grade VALUES ('f1682970-0b41-4d74-928e-63bfe71971ac', false, false, 'Retinopathy', 'Retinal macroaneurysm', 'e9401af4-00cc-4c9b-92e2-2aa4652c9543');
INSERT INTO public.differential_diagnosis_grade VALUES ('d76575e9-9467-41c5-8cf0-03cf193e44b8', false, false, 'Retinopathy', 'Retinopathy in thalassemia', 'e9401af4-00cc-4c9b-92e2-2aa4652c9543');
INSERT INTO public.differential_diagnosis_grade VALUES ('30c6ed25-d5c9-4e07-92f4-0f78eb9b3dde', false, false, 'Retinopathy', 'Sickle cell retinopathy', 'e9401af4-00cc-4c9b-92e2-2aa4652c9543');
INSERT INTO public.differential_diagnosis_grade VALUES ('c3438bad-ddfc-41f1-ad32-f0434a0a83fd', false, false, 'Retinopathy', 'Terson syndrome', 'e9401af4-00cc-4c9b-92e2-2aa4652c9543');
INSERT INTO public.differential_diagnosis_grade VALUES ('c05c6fb5-34e4-4cc5-b228-3922a4a3602c', false, false, 'Retinopathy', 'Valsalva retinopathy', 'e9401af4-00cc-4c9b-92e2-2aa4652c9543');
INSERT INTO public.differential_diagnosis_grade VALUES ('eb9459a9-6e7d-4d74-8a10-7e628477bd32', false, false, 'Glaucoma', 'Ischemic optic neuropathy', 'b62fb1e9-9079-4370-980b-99162a6718a2');
INSERT INTO public.differential_diagnosis_grade VALUES ('530dddef-b2a5-4049-bde4-3dc9aefc7add', false, false, 'Glaucoma', 'Optic disc coloboma', 'b62fb1e9-9079-4370-980b-99162a6718a2');
INSERT INTO public.differential_diagnosis_grade VALUES ('52c067ef-4e3e-477c-a3c1-4929fb7cf0d5', false, false, 'Glaucoma', 'Optic disc pit', 'b62fb1e9-9079-4370-980b-99162a6718a2');
INSERT INTO public.differential_diagnosis_grade VALUES ('1ac89ee4-5173-48c1-a6ee-edaa3ce792fa', false, false, 'Glaucoma', 'Physiologic cupping in increased optic nerve head', 'b62fb1e9-9079-4370-980b-99162a6718a2');
INSERT INTO public.differential_diagnosis_grade VALUES ('cd905889-6ea8-4754-9ca5-f25b5157cc84', false, false, 'Optic disc edema', 'Anterior ischemic optic neuropathy', 'fe3807f4-29aa-4360-8b85-e35c4f60473a');
INSERT INTO public.differential_diagnosis_grade VALUES ('00ecca2d-f7b6-417d-95dc-d0fbb5ff142a', false, false, 'Optic disc edema', 'Central retinal vein occlusion', 'fe3807f4-29aa-4360-8b85-e35c4f60473a');
INSERT INTO public.differential_diagnosis_grade VALUES ('8e1dd92a-44c4-47cc-b669-6ff226e38995', false, false, 'Optic disc edema', 'Compressive optic neuropathy', 'fe3807f4-29aa-4360-8b85-e35c4f60473a');
INSERT INTO public.differential_diagnosis_grade VALUES ('3720749c-dc0a-453b-811c-2aa4938cefd2', false, false, 'Optic disc edema', 'Diabetic papillopathy', 'fe3807f4-29aa-4360-8b85-e35c4f60473a');
INSERT INTO public.differential_diagnosis_grade VALUES ('7a089d98-ad2d-4abd-b2b6-609244640755', false, false, 'Optic disc edema', 'Neuroretinitis', 'fe3807f4-29aa-4360-8b85-e35c4f60473a');
INSERT INTO public.differential_diagnosis_grade VALUES ('3ee496e1-0790-4857-b800-9ee629bfc840', false, false, 'Optic disc edema', 'Optic disc drusen', 'fe3807f4-29aa-4360-8b85-e35c4f60473a');
INSERT INTO public.differential_diagnosis_grade VALUES ('02a39538-80a1-4a3b-b378-dac60b11510d', false, false, 'Optic disc edema', 'Optic neuritis', 'fe3807f4-29aa-4360-8b85-e35c4f60473a');
INSERT INTO public.differential_diagnosis_grade VALUES ('92b036e8-6e59-44d7-9220-b8b8aa05c24e', false, false, 'Optic disc edema', 'Papilledema', 'fe3807f4-29aa-4360-8b85-e35c4f60473a');
INSERT INTO public.differential_diagnosis_grade VALUES ('3dad6994-e13f-4de2-a129-1b513854098e', false, false, 'Optic disc edema', 'Papillophlebitis', 'fe3807f4-29aa-4360-8b85-e35c4f60473a');
INSERT INTO public.differential_diagnosis_grade VALUES ('ff896916-e48a-434c-bb0e-2f2bc1030665', false, false, 'Optic disc edema', 'Pseudo-papilledema', 'fe3807f4-29aa-4360-8b85-e35c4f60473a');
INSERT INTO public.differential_diagnosis_grade VALUES ('cab51188-d976-4a66-a07f-0b784bfa98f4', false, false, 'Retinopathy', 'Age-related macular degeneration', 'fe3807f4-29aa-4360-8b85-e35c4f60473a');
INSERT INTO public.differential_diagnosis_grade VALUES ('2492ebee-54d0-4398-ad1e-b0e48442ad43', false, false, 'Retinopathy', 'Anemia', 'fe3807f4-29aa-4360-8b85-e35c4f60473a');
INSERT INTO public.differential_diagnosis_grade VALUES ('1faf9096-b55a-4e89-8ef4-6588d7fdcd27', false, false, 'Retinopathy', 'Angioid streaks', 'fe3807f4-29aa-4360-8b85-e35c4f60473a');
INSERT INTO public.differential_diagnosis_grade VALUES ('4f381ffb-0389-402d-a905-d0a016f4d629', false, false, 'Retinopathy', 'Branch retinal vein occlusion', 'fe3807f4-29aa-4360-8b85-e35c4f60473a');
INSERT INTO public.differential_diagnosis_grade VALUES ('3d2456fc-0c9d-40a7-b49a-83926d7c7217', false, false, 'Retinopathy', 'Central retinal vein occlusion', 'fe3807f4-29aa-4360-8b85-e35c4f60473a');
INSERT INTO public.differential_diagnosis_grade VALUES ('99e58cac-0dba-462a-9373-831364925dde', false, false, 'Retinopathy', 'Choroidal rupture', 'fe3807f4-29aa-4360-8b85-e35c4f60473a');
INSERT INTO public.differential_diagnosis_grade VALUES ('746adaee-2769-4a39-9731-5c76a3c54564', false, false, 'Retinopathy', 'Diabetic retinopathy', 'fe3807f4-29aa-4360-8b85-e35c4f60473a');
INSERT INTO public.differential_diagnosis_grade VALUES ('d56442c1-c545-4096-b5ff-87164a9d46c8', false, false, 'Retinopathy', 'Hemiretinal vein occlusion', 'fe3807f4-29aa-4360-8b85-e35c4f60473a');
INSERT INTO public.differential_diagnosis_grade VALUES ('a71c84a5-3a2c-47e5-9593-d3f942ffcc29', false, false, 'Retinopathy', 'Hypertensive retinopathy', 'fe3807f4-29aa-4360-8b85-e35c4f60473a');
INSERT INTO public.differential_diagnosis_grade VALUES ('e0316931-d367-4285-a933-5638b9af0ffa', false, false, 'Retinopathy', 'Hyperviscosity syndrome', 'fe3807f4-29aa-4360-8b85-e35c4f60473a');
INSERT INTO public.differential_diagnosis_grade VALUES ('6b5b049b-84bd-4599-a1b8-8c34a7b63609', false, false, 'Retinopathy', 'Multifocal choroiditis', 'fe3807f4-29aa-4360-8b85-e35c4f60473a');
INSERT INTO public.differential_diagnosis_grade VALUES ('f3763f7e-c37d-4c94-95a3-8af0ad2bc50f', false, false, 'Retinopathy', 'Ocular histoplasmosis', 'fe3807f4-29aa-4360-8b85-e35c4f60473a');
INSERT INTO public.differential_diagnosis_grade VALUES ('8d02ed12-f603-40b7-8131-a2f53d8cbb59', false, false, 'Retinopathy', 'Ocular ischemic syndrome', 'fe3807f4-29aa-4360-8b85-e35c4f60473a');
INSERT INTO public.differential_diagnosis_grade VALUES ('7cf99231-c8fa-47e3-bee2-1209aa78852c', false, false, 'Retinopathy', 'Pattern dystrophies', 'fe3807f4-29aa-4360-8b85-e35c4f60473a');
INSERT INTO public.differential_diagnosis_grade VALUES ('8c2ddc77-e5b7-40b8-b96c-03af923b0421', false, false, 'Retinopathy', 'Post-traumatic retinal bleed', 'fe3807f4-29aa-4360-8b85-e35c4f60473a');
INSERT INTO public.differential_diagnosis_grade VALUES ('5dafb090-d351-493b-85d0-39cf2e97969f', false, false, 'Retinopathy', 'Radiation retinopathy', 'fe3807f4-29aa-4360-8b85-e35c4f60473a');
INSERT INTO public.differential_diagnosis_grade VALUES ('0039192c-f809-43a4-bd13-f937ef88c62b', false, false, 'Retinopathy', 'Retinal macroaneurysm', 'fe3807f4-29aa-4360-8b85-e35c4f60473a');
INSERT INTO public.differential_diagnosis_grade VALUES ('7e2154bf-3479-45d1-82d1-35cd93cdc4df', false, false, 'Retinopathy', 'Retinopathy in thalassemia', 'fe3807f4-29aa-4360-8b85-e35c4f60473a');
INSERT INTO public.differential_diagnosis_grade VALUES ('9f79ee0d-a634-4200-b72c-ac6b9b0d0f9f', false, false, 'Retinopathy', 'Sickle cell retinopathy', 'fe3807f4-29aa-4360-8b85-e35c4f60473a');
INSERT INTO public.differential_diagnosis_grade VALUES ('0a630f1d-0210-4018-a7b0-cf359bbe560f', false, false, 'Retinopathy', 'Terson syndrome', 'fe3807f4-29aa-4360-8b85-e35c4f60473a');
INSERT INTO public.differential_diagnosis_grade VALUES ('a8da1ec5-8554-4e78-8be6-fc60c58b8924', false, false, 'Retinopathy', 'Valsalva retinopathy', 'fe3807f4-29aa-4360-8b85-e35c4f60473a');
INSERT INTO public.differential_diagnosis_grade VALUES ('d841083a-3cbc-4168-b158-fc3d0093ab51', false, false, 'Myelinated Retinal Nerve Fiber Layer (MRNF)', 'Branch retinal artery occlusion (BRAO)', '0a894542-3786-4d82-b3f6-41b0b99a33b7');
INSERT INTO public.differential_diagnosis_grade VALUES ('0944bf63-de4f-4af2-b2f1-45fa1bb19360', false, false, 'Myelinated Retinal Nerve Fiber Layer (MRNF)', 'Cotton wool spot', '0a894542-3786-4d82-b3f6-41b0b99a33b7');
INSERT INTO public.differential_diagnosis_grade VALUES ('429279e1-acd7-476a-9c3e-21c881f1fbfe', false, false, 'Myelinated Retinal Nerve Fiber Layer (MRNF)', 'Peripapillary epiretinal membrane', '0a894542-3786-4d82-b3f6-41b0b99a33b7');
INSERT INTO public.differential_diagnosis_grade VALUES ('fbb1af6a-f429-4701-a779-170dbf8ab342', false, false, 'Myelinated Retinal Nerve Fiber Layer (MRNF)', 'Retinal infiltrates (infectious, inflammatory or neoplastic)', '0a894542-3786-4d82-b3f6-41b0b99a33b7');
INSERT INTO public.differential_diagnosis_grade VALUES ('1b1fc7b3-0273-4502-a661-ccf44a6767a1', false, false, 'Myelinated Retinal Nerve Fiber Layer (MRNF)', 'Retinal necrosis', '0a894542-3786-4d82-b3f6-41b0b99a33b7');
INSERT INTO public.differential_diagnosis_grade VALUES ('4220b4d0-a87f-47a6-9eb7-4e6abadd6c03', false, false, 'Myelinated Retinal Nerve Fiber Layer (MRNF)', 'Retinoblastoma (in case of extensive myelinated retinal nerve fiber layer in young children)', '0a894542-3786-4d82-b3f6-41b0b99a33b7');
INSERT INTO public.differential_diagnosis_grade VALUES ('000f9098-43aa-4423-81c2-0fd42b48579f', true, true, 'Exudative AMD (CNV)', 'Angioid streaks', 'c61d6a96-83ae-443a-854b-df206691afe1');
INSERT INTO public.differential_diagnosis_grade VALUES ('4d179f6a-4f37-4c7d-b84d-3668ca0c5821', true, true, 'Exudative AMD (CNV)', 'Pathologic myopia', 'c61d6a96-83ae-443a-854b-df206691afe1');
INSERT INTO public.differential_diagnosis_grade VALUES ('29078d64-4151-414e-bb7a-79b353a95628', true, true, 'Exudative AMD (CNV)', 'Central serous chorioretinopathy', 'c61d6a96-83ae-443a-854b-df206691afe1');
INSERT INTO public.differential_diagnosis_grade VALUES ('fe8bcc1f-b0bc-4ac8-92cb-14cf52c40dd8', true, true, 'Exudative AMD (CNV)', 'Ocular histoplasmosis syndrome', 'c61d6a96-83ae-443a-854b-df206691afe1');
INSERT INTO public.differential_diagnosis_grade VALUES ('4d06268e-c1fb-4136-8f96-9906addd16c5', true, true, 'Exudative AMD (CNV)', 'Choroidal rupture', 'c61d6a96-83ae-443a-854b-df206691afe1');
INSERT INTO public.differential_diagnosis_grade VALUES ('f4bbc370-cba6-42c2-8788-7b78ba14d2ea', true, true, 'Exudative AMD (CNV)', 'Polypoidal choroidal vasculopathy', 'c61d6a96-83ae-443a-854b-df206691afe1');
INSERT INTO public.differential_diagnosis_grade VALUES ('bc8ec26d-c72c-46ce-8e1a-7b6e1e61de0d', true, true, 'Exudative AMD (CNV)', 'Choroidal masquerading tumors', 'c61d6a96-83ae-443a-854b-df206691afe1');
INSERT INTO public.differential_diagnosis_grade VALUES ('bbc96be5-07e8-42ff-af46-f7b737e330ed', true, true, 'Exudative AMD (CNV)', 'Idiopathic etiology', 'c61d6a96-83ae-443a-854b-df206691afe1');
INSERT INTO public.differential_diagnosis_grade VALUES ('ca85eb73-ab93-4b60-948c-1f9b3d44ae2a', false, false, 'Rhegmatogenous retinal detachment', 'Choroidal mass', 'ea083c16-dd50-43cf-a19e-7cfd7f7180f3');
INSERT INTO public.differential_diagnosis_grade VALUES ('e6ffa871-b691-4344-8ef9-a6a442b85a41', false, false, 'Rhegmatogenous retinal detachment', 'Exudative retinal detachment', 'ea083c16-dd50-43cf-a19e-7cfd7f7180f3');
INSERT INTO public.differential_diagnosis_grade VALUES ('a88bb9fe-ed6c-4eda-8e59-5890ef18fafb', false, false, 'Rhegmatogenous retinal detachment', 'Retinoschisis', 'ea083c16-dd50-43cf-a19e-7cfd7f7180f3');
INSERT INTO public.differential_diagnosis_grade VALUES ('1a7b742d-c25c-4053-a896-5e19fec01422', false, false, 'Rhegmatogenous retinal detachment', 'Tractional retinal detachment', 'ea083c16-dd50-43cf-a19e-7cfd7f7180f3');
INSERT INTO public.differential_diagnosis_grade VALUES ('016545ec-07b5-490d-a84b-0b8c9157c1ad', true, false, 'Macular edema', 'Branch retinal vein occlusion', '013daf46-e0a2-4748-b7e9-d8f5198cb478');
INSERT INTO public.differential_diagnosis_grade VALUES ('9f18d0c2-9947-4c45-b903-54312ca144ca', true, false, 'Macular edema', 'Central retinal vein occlusion', '013daf46-e0a2-4748-b7e9-d8f5198cb478');
INSERT INTO public.differential_diagnosis_grade VALUES ('edfd4660-916e-44a8-968f-634ec2a0aa71', true, false, 'Macular edema', 'Central serous chorioretinopathy', '013daf46-e0a2-4748-b7e9-d8f5198cb478');
INSERT INTO public.differential_diagnosis_grade VALUES ('d593dd70-07e3-48cc-a627-be23af4d8431', false, false, 'Macular edema', 'Choroidal neovascular membrane', '013daf46-e0a2-4748-b7e9-d8f5198cb478');
INSERT INTO public.differential_diagnosis_grade VALUES ('26c5a3d5-43a4-4812-a7a5-16992f270005', false, false, 'Macular edema', 'Hypertensive retinopathy', '013daf46-e0a2-4748-b7e9-d8f5198cb478');
INSERT INTO public.differential_diagnosis_grade VALUES ('738bbd7c-465b-4ed2-a6af-f6a037795a80', false, false, 'Macular edema', 'Irvine gass syndrome', '013daf46-e0a2-4748-b7e9-d8f5198cb478');
INSERT INTO public.differential_diagnosis_grade VALUES ('fb20bf3a-833b-4554-b83d-54c6a5247210', false, false, 'Macular edema', 'Macular edema secondary to epiretinal membrane', '013daf46-e0a2-4748-b7e9-d8f5198cb478');
INSERT INTO public.differential_diagnosis_grade VALUES ('4661b98a-9b41-4f43-bc64-b7ebd48245f2', false, false, 'Macular edema', 'Post uveitic macular edema', '013daf46-e0a2-4748-b7e9-d8f5198cb478');
INSERT INTO public.differential_diagnosis_grade VALUES ('98669212-bf1c-4da3-b47b-6b309988d337', false, false, 'Macular edema', 'Ruptured microaneurysm', '013daf46-e0a2-4748-b7e9-d8f5198cb478');
INSERT INTO public.differential_diagnosis_grade VALUES ('ec0cef43-708e-4965-91bb-d6b8c9b967b7', true, false, 'Retinopathy', 'Age-related macular degeneration', '013daf46-e0a2-4748-b7e9-d8f5198cb478');
INSERT INTO public.differential_diagnosis_grade VALUES ('ade1c030-b4a5-4016-937e-58b68945e994', false, false, 'Retinopathy', 'Anemia', '013daf46-e0a2-4748-b7e9-d8f5198cb478');
INSERT INTO public.differential_diagnosis_grade VALUES ('d30b04a4-279c-4945-96f2-1cb4b723b99d', false, false, 'Retinopathy', 'Angioid streaks', '013daf46-e0a2-4748-b7e9-d8f5198cb478');
INSERT INTO public.differential_diagnosis_grade VALUES ('2c965763-1a5e-474e-9283-14c024a30464', true, false, 'Retinopathy', 'Branch retinal vein occlusion', '013daf46-e0a2-4748-b7e9-d8f5198cb478');
INSERT INTO public.differential_diagnosis_grade VALUES ('115f305f-9a6d-4bbd-9a9c-b410fb54262e', false, false, 'Retinopathy', 'Central retinal vein occlusion', '013daf46-e0a2-4748-b7e9-d8f5198cb478');
INSERT INTO public.differential_diagnosis_grade VALUES ('ba41a142-65f9-4dde-a6c1-c53802b39274', true, false, 'Retinopathy', 'Choroidal rupture', '013daf46-e0a2-4748-b7e9-d8f5198cb478');
INSERT INTO public.differential_diagnosis_grade VALUES ('9d2aca8c-93ed-4805-81b7-fb8db82db1c4', true, false, 'Retinopathy', 'Diabetic retinopathy', '013daf46-e0a2-4748-b7e9-d8f5198cb478');
INSERT INTO public.differential_diagnosis_grade VALUES ('ca753bda-eeb0-42db-b3ab-15eff33a7ac3', false, false, 'Retinopathy', 'Hemiretinal vein occlusion', '013daf46-e0a2-4748-b7e9-d8f5198cb478');
INSERT INTO public.differential_diagnosis_grade VALUES ('8713a228-b35e-412c-bb96-41f687bb5f67', false, false, 'Retinopathy', 'Hypertensive retinopathy', '013daf46-e0a2-4748-b7e9-d8f5198cb478');
INSERT INTO public.differential_diagnosis_grade VALUES ('782d8ef9-759f-4a47-8276-5175a8e0a2d8', false, false, 'Retinopathy', 'Hyperviscosity syndrome', '013daf46-e0a2-4748-b7e9-d8f5198cb478');
INSERT INTO public.differential_diagnosis_grade VALUES ('427c2d19-f0c2-446e-ba83-6247d4f7bc63', true, false, 'Retinopathy', 'Multifocal choroiditis', '013daf46-e0a2-4748-b7e9-d8f5198cb478');
INSERT INTO public.differential_diagnosis_grade VALUES ('bf1c6216-3108-4b0c-a015-e73a84ab6777', false, false, 'Retinopathy', 'Ocular histoplasmosis', '013daf46-e0a2-4748-b7e9-d8f5198cb478');
INSERT INTO public.differential_diagnosis_grade VALUES ('14628dd9-aaa3-49df-bd85-5f539fd6d91e', false, false, 'Retinopathy', 'Ocular ischemic syndrome', '013daf46-e0a2-4748-b7e9-d8f5198cb478');
INSERT INTO public.differential_diagnosis_grade VALUES ('240fc956-ac4b-472d-b332-9bf4f15cc698', false, false, 'Retinopathy', 'Pattern dystrophies', '013daf46-e0a2-4748-b7e9-d8f5198cb478');
INSERT INTO public.differential_diagnosis_grade VALUES ('ec3a7217-a4ae-478e-82d4-aeccd484707c', true, false, 'Retinopathy', 'Post-traumatic retinal bleed', '013daf46-e0a2-4748-b7e9-d8f5198cb478');
INSERT INTO public.differential_diagnosis_grade VALUES ('2f503c83-95f1-4a5e-87fa-5911a5727148', true, false, 'Retinopathy', 'Radiation retinopathy', '013daf46-e0a2-4748-b7e9-d8f5198cb478');
INSERT INTO public.differential_diagnosis_grade VALUES ('62c7cad5-e6a0-46d1-bc8b-69baa5219952', false, false, 'Retinopathy', 'Retinal macroaneurysm', '013daf46-e0a2-4748-b7e9-d8f5198cb478');
INSERT INTO public.differential_diagnosis_grade VALUES ('148d7dfc-92c4-48a3-8ad0-30404dae801c', true, false, 'Retinopathy', 'Retinopathy in thalassemia', '013daf46-e0a2-4748-b7e9-d8f5198cb478');
INSERT INTO public.differential_diagnosis_grade VALUES ('a1301923-7cc0-46a2-9a8f-cbf7ccf2f054', false, false, 'Retinopathy', 'Sickle cell retinopathy', '013daf46-e0a2-4748-b7e9-d8f5198cb478');
INSERT INTO public.differential_diagnosis_grade VALUES ('a8ac5ed2-989d-40db-9ba5-c1db4b9510d5', false, false, 'Retinopathy', 'Terson syndrome', '013daf46-e0a2-4748-b7e9-d8f5198cb478');
INSERT INTO public.differential_diagnosis_grade VALUES ('2b1a2926-86dc-4fbd-935f-8fe181e3a661', false, false, 'Retinopathy', 'Valsalva retinopathy', '013daf46-e0a2-4748-b7e9-d8f5198cb478');
INSERT INTO public.differential_diagnosis_grade VALUES ('e7d500f9-6ad4-4413-aad9-005a5905a90c', true, false, 'Epiretinal membrane', 'Combined hamartoma of retina and RPE', '7ec5a58e-ca6c-4bb7-b536-8cb4de72ba45');
INSERT INTO public.differential_diagnosis_grade VALUES ('3023ab77-2a11-4b6c-995a-47ffcb6e0cc1', false, false, 'Epiretinal membrane', 'Inherited macular dystrophies', '7ec5a58e-ca6c-4bb7-b536-8cb4de72ba45');
INSERT INTO public.differential_diagnosis_grade VALUES ('a856190b-aa9a-44a2-84bd-8ac669ce9c83', false, false, 'Epiretinal membrane', 'Macular edema', '7ec5a58e-ca6c-4bb7-b536-8cb4de72ba45');
INSERT INTO public.differential_diagnosis_grade VALUES ('e24fbd84-a9d5-4d0e-9e3c-fe770e4adb73', false, false, 'Epiretinal membrane', 'Macular hole', '7ec5a58e-ca6c-4bb7-b536-8cb4de72ba45');
INSERT INTO public.differential_diagnosis_grade VALUES ('1f81d3fc-d5ec-4ab2-9b7f-a6c2e1d53d00', false, false, 'Epiretinal membrane', 'Parafoveal telangiectasia', '7ec5a58e-ca6c-4bb7-b536-8cb4de72ba45');
INSERT INTO public.differential_diagnosis_grade VALUES ('6bcc31c8-3bbe-42df-890b-7720ce9dac94', true, false, 'Epiretinal membrane', 'Proliferative vitreoretinopathy', '7ec5a58e-ca6c-4bb7-b536-8cb4de72ba45');
INSERT INTO public.differential_diagnosis_grade VALUES ('d38a9538-b7e0-4139-bddc-c443f924e787', true, false, 'Epiretinal membrane', 'Tractional retinal detachment', '7ec5a58e-ca6c-4bb7-b536-8cb4de72ba45');
INSERT INTO public.differential_diagnosis_grade VALUES ('0fccbbcc-2f02-4fa1-9bf9-2ca32910a010', true, false, 'Epiretinal membrane', 'Combined hamartoma of retina and RPE', '73689614-83b8-4927-83b2-7c3ada4d4395');
INSERT INTO public.differential_diagnosis_grade VALUES ('25479f35-5eb7-47bb-aedb-560da79ce66f', true, false, 'Epiretinal membrane', 'Inherited macular dystrophies', '73689614-83b8-4927-83b2-7c3ada4d4395');
INSERT INTO public.differential_diagnosis_grade VALUES ('7a05ceb4-b8f3-4fdd-9cf5-3fa5a53d52fe', true, false, 'Epiretinal membrane', 'Macular edema', '73689614-83b8-4927-83b2-7c3ada4d4395');
INSERT INTO public.differential_diagnosis_grade VALUES ('571e4e7b-c1e5-4efc-9784-80fb73155f2e', true, false, 'Epiretinal membrane', 'Macular hole', '73689614-83b8-4927-83b2-7c3ada4d4395');
INSERT INTO public.differential_diagnosis_grade VALUES ('1901b861-93c5-4722-b54c-55ccd85582e2', true, false, 'Epiretinal membrane', 'Parafoveal telangiectasia', '73689614-83b8-4927-83b2-7c3ada4d4395');
INSERT INTO public.differential_diagnosis_grade VALUES ('b4a1d6d6-0d76-41d5-8844-2624888448dc', true, false, 'Epiretinal membrane', 'Proliferative vitreoretinopathy', '73689614-83b8-4927-83b2-7c3ada4d4395');
INSERT INTO public.differential_diagnosis_grade VALUES ('e198fa1d-5efd-4a5d-aff0-181dabd8e497', true, false, 'Epiretinal membrane', 'Tractional retinal detachment', '73689614-83b8-4927-83b2-7c3ada4d4395');
INSERT INTO public.differential_diagnosis_grade VALUES ('7ed31d3f-63ed-4131-89a9-d25502381b79', false, false, 'Macular edema', 'Branch retinal vein occlusion', 'f70b4334-974a-4db5-b53d-eaf62a0d51c8');
INSERT INTO public.differential_diagnosis_grade VALUES ('01b96c79-6337-408c-bb5a-15b2a5fcb42e', false, false, 'Macular edema', 'Central retinal vein occlusion', 'f70b4334-974a-4db5-b53d-eaf62a0d51c8');
INSERT INTO public.differential_diagnosis_grade VALUES ('81b02564-ed3d-4f65-9d7e-c9628b21d89f', true, false, 'Macular edema', 'Central serous chorioretinopathy', 'f70b4334-974a-4db5-b53d-eaf62a0d51c8');
INSERT INTO public.differential_diagnosis_grade VALUES ('89d34512-20c0-4dca-8b2e-399f00922d1c', true, false, 'Macular edema', 'Choroidal neovascular membrane', 'f70b4334-974a-4db5-b53d-eaf62a0d51c8');
INSERT INTO public.differential_diagnosis_grade VALUES ('d6747673-1cd0-47dc-b68e-b9d4c2e6c288', false, false, 'Macular edema', 'Hypertensive retinopathy', 'f70b4334-974a-4db5-b53d-eaf62a0d51c8');
INSERT INTO public.differential_diagnosis_grade VALUES ('86b81b87-1b50-48fd-99c6-1b79d8938b58', true, false, 'Macular edema', 'Irvine gass syndrome', 'f70b4334-974a-4db5-b53d-eaf62a0d51c8');
INSERT INTO public.differential_diagnosis_grade VALUES ('6b60fa08-16fb-446e-86cc-327805847090', true, false, 'Macular edema', 'Macular edema secondary to epiretinal membrane', 'f70b4334-974a-4db5-b53d-eaf62a0d51c8');
INSERT INTO public.differential_diagnosis_grade VALUES ('7c092abf-7f03-4090-b998-6fd5325cbd6c', true, false, 'Macular edema', 'Post uveitic macular edema', 'f70b4334-974a-4db5-b53d-eaf62a0d51c8');
INSERT INTO public.differential_diagnosis_grade VALUES ('b3345844-7c0f-47b7-9955-b62c3d281c25', false, false, 'Macular edema', 'Ruptured microaneurysm', 'f70b4334-974a-4db5-b53d-eaf62a0d51c8');
INSERT INTO public.differential_diagnosis_grade VALUES ('b7c304b5-55ee-4727-b6f0-e7e9fd473962', false, false, 'Retinopathy', 'Age-related macular degeneration', 'f70b4334-974a-4db5-b53d-eaf62a0d51c8');
INSERT INTO public.differential_diagnosis_grade VALUES ('8b2149c1-597c-4985-934b-e91075df68f7', true, false, 'Retinopathy', 'Anemia', 'f70b4334-974a-4db5-b53d-eaf62a0d51c8');
INSERT INTO public.differential_diagnosis_grade VALUES ('b57cfcdf-7583-4af2-a8f0-71d722795b7c', false, false, 'Retinopathy', 'Angioid streaks', 'f70b4334-974a-4db5-b53d-eaf62a0d51c8');
INSERT INTO public.differential_diagnosis_grade VALUES ('2e435916-2298-4989-a2d3-781a42186f09', true, false, 'Retinopathy', 'Branch retinal vein occlusion', 'f70b4334-974a-4db5-b53d-eaf62a0d51c8');
INSERT INTO public.differential_diagnosis_grade VALUES ('62a732f7-dc25-4cfa-bf93-d7b977bf3d4d', true, false, 'Retinopathy', 'Central retinal vein occlusion', 'f70b4334-974a-4db5-b53d-eaf62a0d51c8');
INSERT INTO public.differential_diagnosis_grade VALUES ('da8df193-89c0-40ff-b17f-bde4c1618af1', false, false, 'Retinopathy', 'Choroidal rupture', 'f70b4334-974a-4db5-b53d-eaf62a0d51c8');
INSERT INTO public.differential_diagnosis_grade VALUES ('b9e6d952-940d-43c3-a1fc-b9d2f1a40009', false, false, 'Retinopathy', 'Diabetic retinopathy', 'f70b4334-974a-4db5-b53d-eaf62a0d51c8');
INSERT INTO public.differential_diagnosis_grade VALUES ('8ca43387-f1d1-48c3-875c-ed45e9efcb4d', true, false, 'Retinopathy', 'Hemiretinal vein occlusion', 'f70b4334-974a-4db5-b53d-eaf62a0d51c8');
INSERT INTO public.differential_diagnosis_grade VALUES ('72e5dfec-09e9-4ae8-990f-ccab92e3da42', true, false, 'Retinopathy', 'Hypertensive retinopathy', 'f70b4334-974a-4db5-b53d-eaf62a0d51c8');
INSERT INTO public.differential_diagnosis_grade VALUES ('a356cc22-5d6a-4bda-b500-51154ed97e27', true, false, 'Retinopathy', 'Hyperviscosity syndrome', 'f70b4334-974a-4db5-b53d-eaf62a0d51c8');
INSERT INTO public.differential_diagnosis_grade VALUES ('51946f62-ce8a-477f-abb0-04c38dd4bdb3', false, false, 'Retinopathy', 'Multifocal choroiditis', 'f70b4334-974a-4db5-b53d-eaf62a0d51c8');
INSERT INTO public.differential_diagnosis_grade VALUES ('e2914f06-b5b3-4d2d-b2c3-c78ac7c9e4c2', false, false, 'Retinopathy', 'Ocular histoplasmosis', 'f70b4334-974a-4db5-b53d-eaf62a0d51c8');
INSERT INTO public.differential_diagnosis_grade VALUES ('927cb5b2-5b4a-488a-a2ea-eb893a97f0ba', true, false, 'Retinopathy', 'Ocular ischemic syndrome', 'f70b4334-974a-4db5-b53d-eaf62a0d51c8');
INSERT INTO public.differential_diagnosis_grade VALUES ('71dfc730-7b42-4e7b-8700-bad7858baabd', false, false, 'Retinopathy', 'Pattern dystrophies', 'f70b4334-974a-4db5-b53d-eaf62a0d51c8');
INSERT INTO public.differential_diagnosis_grade VALUES ('6afff59e-04ac-405f-a739-06946d53380e', false, false, 'Retinopathy', 'Post-traumatic retinal bleed', 'f70b4334-974a-4db5-b53d-eaf62a0d51c8');
INSERT INTO public.differential_diagnosis_grade VALUES ('d283cf15-4a16-40a5-82c4-92966e4f371f', true, false, 'Retinopathy', 'Radiation retinopathy', 'f70b4334-974a-4db5-b53d-eaf62a0d51c8');
INSERT INTO public.differential_diagnosis_grade VALUES ('c9a81f01-b0b5-4924-9acd-b7918ef6c280', false, false, 'Retinopathy', 'Retinal macroaneurysm', 'f70b4334-974a-4db5-b53d-eaf62a0d51c8');
INSERT INTO public.differential_diagnosis_grade VALUES ('49ac9686-966b-4e65-8358-e7ef5f2129a8', true, false, 'Retinopathy', 'Retinopathy in thalassemia', 'f70b4334-974a-4db5-b53d-eaf62a0d51c8');
INSERT INTO public.differential_diagnosis_grade VALUES ('eb8c7689-5210-4f6b-bf97-c9143c1d8cfe', true, false, 'Retinopathy', 'Sickle cell retinopathy', 'f70b4334-974a-4db5-b53d-eaf62a0d51c8');
INSERT INTO public.differential_diagnosis_grade VALUES ('05973ac7-fa3c-403d-831e-27283d40b6cb', true, false, 'Retinopathy', 'Terson syndrome', 'f70b4334-974a-4db5-b53d-eaf62a0d51c8');
INSERT INTO public.differential_diagnosis_grade VALUES ('fdb419b4-f3e8-4c67-b0c3-acd4606924dc', false, false, 'Retinopathy', 'Valsalva retinopathy', 'f70b4334-974a-4db5-b53d-eaf62a0d51c8');
INSERT INTO public.differential_diagnosis_grade VALUES ('1b8d74c3-9143-4d65-a48e-159d142716ed', false, false, 'Optic disc edema', 'Anterior ischemic optic neuropathy', 'a6116823-8059-4eee-b44a-ae674caecb98');
INSERT INTO public.differential_diagnosis_grade VALUES ('d7e9c18b-4faf-4588-bea4-bfa174e3af5c', false, false, 'Optic disc edema', 'Central retinal vein occlusion', 'a6116823-8059-4eee-b44a-ae674caecb98');
INSERT INTO public.differential_diagnosis_grade VALUES ('46a53bfa-7346-46eb-9292-d7e8e25515db', false, false, 'Optic disc edema', 'Compressive optic neuropathy', 'a6116823-8059-4eee-b44a-ae674caecb98');
INSERT INTO public.differential_diagnosis_grade VALUES ('530a57d5-7d2b-48b5-9fc1-bc903e49c877', false, false, 'Optic disc edema', 'Diabetic papillopathy', 'a6116823-8059-4eee-b44a-ae674caecb98');
INSERT INTO public.differential_diagnosis_grade VALUES ('efa6bae9-a7a4-4397-8f2c-b6e7461e6a30', false, false, 'Optic disc edema', 'Neuroretinitis', 'a6116823-8059-4eee-b44a-ae674caecb98');
INSERT INTO public.differential_diagnosis_grade VALUES ('58d4d768-dab2-4c7f-b68d-8635cbda75c0', false, false, 'Optic disc edema', 'Optic disc drusen', 'a6116823-8059-4eee-b44a-ae674caecb98');
INSERT INTO public.differential_diagnosis_grade VALUES ('9dffa2bb-83e2-474c-807b-0e548f4ba98e', false, false, 'Optic disc edema', 'Optic neuritis', 'a6116823-8059-4eee-b44a-ae674caecb98');
INSERT INTO public.differential_diagnosis_grade VALUES ('aa64aaeb-9502-4ba8-aa20-7d9ac3aa0aec', false, false, 'Optic disc edema', 'Papilledema', 'a6116823-8059-4eee-b44a-ae674caecb98');
INSERT INTO public.differential_diagnosis_grade VALUES ('c430c7e0-6f4d-494c-b0a3-b4d1fae161f3', false, false, 'Optic disc edema', 'Papillophlebitis', 'a6116823-8059-4eee-b44a-ae674caecb98');
INSERT INTO public.differential_diagnosis_grade VALUES ('73c40024-ead4-431b-baa4-957acb3bc1cc', false, false, 'Optic disc edema', 'Pseudo-papilledema', 'a6116823-8059-4eee-b44a-ae674caecb98');
INSERT INTO public.differential_diagnosis_grade VALUES ('af5b773e-7734-4e91-b9d7-263737bbf0e8', false, false, 'Physiologic large optic cup', 'Glaucomatous optic disc cup', 'd5716c58-3f7b-4182-9c0d-d2ed46abfe07');
INSERT INTO public.differential_diagnosis_grade VALUES ('6522e82b-e948-466b-8468-b549ee862afa', false, false, 'Physiologic large optic cup', 'Ischemic optic neuropathy', 'd5716c58-3f7b-4182-9c0d-d2ed46abfe07');
INSERT INTO public.differential_diagnosis_grade VALUES ('aad2de0e-e71e-432f-8abb-7b32befa2451', false, false, 'Physiologic large optic cup', 'Optic disc coloboma', 'd5716c58-3f7b-4182-9c0d-d2ed46abfe07');
INSERT INTO public.differential_diagnosis_grade VALUES ('1fa22882-b65a-4857-bc1f-f0a6b379753d', false, false, 'Physiologic large optic cup', 'Optic disc pit', 'd5716c58-3f7b-4182-9c0d-d2ed46abfe07');
INSERT INTO public.differential_diagnosis_grade VALUES ('0648ce0b-43fd-4f56-9232-936999ee61ef', false, false, 'Myelinated Retinal Nerve Fiber Layer (MRNF)', 'Branch retinal artery occlusion (BRAO)', 'dadebaed-6684-40ff-898c-b47cbf5645a7');
INSERT INTO public.differential_diagnosis_grade VALUES ('07c6e5e6-d0ec-44ac-93f8-a1d482f6d6c0', false, false, 'Myelinated Retinal Nerve Fiber Layer (MRNF)', 'Cotton wool spot', 'dadebaed-6684-40ff-898c-b47cbf5645a7');
INSERT INTO public.differential_diagnosis_grade VALUES ('fa6e5f77-214a-4c30-b8fb-63005370ca74', false, false, 'Myelinated Retinal Nerve Fiber Layer (MRNF)', 'Peripapillary epiretinal membrane', 'dadebaed-6684-40ff-898c-b47cbf5645a7');
INSERT INTO public.differential_diagnosis_grade VALUES ('48ee17f2-ebfc-4882-9d6f-5e29e94598b0', false, false, 'Myelinated Retinal Nerve Fiber Layer (MRNF)', 'Retinal infiltrates (infectious, inflammatory or neoplastic)', 'dadebaed-6684-40ff-898c-b47cbf5645a7');
INSERT INTO public.differential_diagnosis_grade VALUES ('1c42f91c-e06a-42dc-986b-1f06b2705e8f', false, false, 'Myelinated Retinal Nerve Fiber Layer (MRNF)', 'Retinal necrosis', 'dadebaed-6684-40ff-898c-b47cbf5645a7');
INSERT INTO public.differential_diagnosis_grade VALUES ('599976d8-212e-4f12-8f2a-96b29dccf44e', false, false, 'Myelinated Retinal Nerve Fiber Layer (MRNF)', 'Retinoblastoma (in case of extensive myelinated retinal nerve fiber layer in young children)', 'dadebaed-6684-40ff-898c-b47cbf5645a7');
INSERT INTO public.differential_diagnosis_grade VALUES ('5e593c07-1ed6-4b61-8098-08bfe28ea664', false, false, 'Vitreous degeneration (PVD + Vitreous liquefaction) & Asteroid hyalosis & Synchysis scintillans', 'Ocular large cell lymphoma', '46ec44e7-b0b2-4ecb-b498-ce355319b46c');
INSERT INTO public.differential_diagnosis_grade VALUES ('9b1ee180-337d-44be-acd2-9c4b863999cb', false, false, 'Vitreous degeneration (PVD + Vitreous liquefaction) & Asteroid hyalosis & Synchysis scintillans', 'Retinal detachment', '46ec44e7-b0b2-4ecb-b498-ce355319b46c');
INSERT INTO public.differential_diagnosis_grade VALUES ('da36369b-be65-49df-bf59-c97a1463c515', false, false, 'Vitreous degeneration (PVD + Vitreous liquefaction) & Asteroid hyalosis & Synchysis scintillans', 'Vitreous amyloidosis', '46ec44e7-b0b2-4ecb-b498-ce355319b46c');
INSERT INTO public.differential_diagnosis_grade VALUES ('77a0a3aa-9b76-4c5d-996c-01a28c96cc93', false, false, 'Vitreous degeneration (PVD + Vitreous liquefaction) & Asteroid hyalosis & Synchysis scintillans', 'Vitreous hemorrhage (fresh)', '46ec44e7-b0b2-4ecb-b498-ce355319b46c');
INSERT INTO public.differential_diagnosis_grade VALUES ('196590cb-236f-4764-8a83-af3091bc1ee3', false, false, 'Vitreous degeneration (PVD + Vitreous liquefaction) & Asteroid hyalosis & Synchysis scintillans', 'Vitreous hemorrhage (old)', '46ec44e7-b0b2-4ecb-b498-ce355319b46c');
INSERT INTO public.differential_diagnosis_grade VALUES ('ad45f05c-d3ff-496d-8f99-2e75d3bec7d7', false, false, 'Vitreous degeneration (PVD + Vitreous liquefaction) & Asteroid hyalosis & Synchysis scintillans', 'Vitreous inflammation (infectious and non infectious)', '46ec44e7-b0b2-4ecb-b498-ce355319b46c');
INSERT INTO public.differential_diagnosis_grade VALUES ('7469028f-0367-4877-b9b1-d7325f2ce530', false, false, 'Central retinal vein occlusion', 'Diabetic retinopathy', '5c283633-aad8-48c1-8c96-3d2f1e8f2bcf');
INSERT INTO public.differential_diagnosis_grade VALUES ('a9d70dee-ef03-4257-b798-e7f021f2ea9b', false, false, 'Central retinal vein occlusion', 'Hemiretinal/Branch vein occlusion', '5c283633-aad8-48c1-8c96-3d2f1e8f2bcf');
INSERT INTO public.differential_diagnosis_grade VALUES ('07911c84-59a3-4989-92e9-0b5cb4c25abb', false, false, 'Central retinal vein occlusion', 'Hypertensive retinopathy', '5c283633-aad8-48c1-8c96-3d2f1e8f2bcf');
INSERT INTO public.differential_diagnosis_grade VALUES ('efbb092a-9c6e-4c41-b6d0-c61d1ab7ddf7', false, false, 'Central retinal vein occlusion', 'Papillophlebitis', '5c283633-aad8-48c1-8c96-3d2f1e8f2bcf');
INSERT INTO public.differential_diagnosis_grade VALUES ('5affcce8-a46c-4b8d-8ea5-32bfba6825e3', false, false, 'Central retinal vein occlusion', 'Radiation retinopathy', '5c283633-aad8-48c1-8c96-3d2f1e8f2bcf');
INSERT INTO public.differential_diagnosis_grade VALUES ('a00d5137-fbe4-418e-b27f-0c89456754b6', false, false, 'Central retinal vein occlusion', 'Retinal artery occlusion', '5c283633-aad8-48c1-8c96-3d2f1e8f2bcf');
INSERT INTO public.differential_diagnosis_grade VALUES ('4559776d-80c4-4d37-9153-88387c783e66', false, false, 'Central retinal vein occlusion', 'Vasculitis', '5c283633-aad8-48c1-8c96-3d2f1e8f2bcf');
INSERT INTO public.differential_diagnosis_grade VALUES ('f1f78ab6-6071-4d84-8c91-580373f34133', false, false, 'Myelinated Retinal Nerve Fiber Layer (MRNF)', 'Branch retinal artery occlusion (BRAO)', '12ecf02f-cb68-45df-89d3-7f5ee2bf5f2a');
INSERT INTO public.differential_diagnosis_grade VALUES ('80709be6-85db-45ff-bd4f-f6f03d1b18ba', false, false, 'Myelinated Retinal Nerve Fiber Layer (MRNF)', 'Cotton wool spot', '12ecf02f-cb68-45df-89d3-7f5ee2bf5f2a');
INSERT INTO public.differential_diagnosis_grade VALUES ('945ad614-6078-4e6e-9b1a-ba3e23357b2c', false, false, 'Myelinated Retinal Nerve Fiber Layer (MRNF)', 'Peripapillary epiretinal membrane', '12ecf02f-cb68-45df-89d3-7f5ee2bf5f2a');
INSERT INTO public.differential_diagnosis_grade VALUES ('17e2fc15-daf9-4b44-8e67-198b4fa18abb', false, false, 'Myelinated Retinal Nerve Fiber Layer (MRNF)', 'Retinal infiltrates (infectious, inflammatory or neoplastic)', '12ecf02f-cb68-45df-89d3-7f5ee2bf5f2a');
INSERT INTO public.differential_diagnosis_grade VALUES ('74412e89-523c-44db-8055-03ad6c7c5956', false, false, 'Myelinated Retinal Nerve Fiber Layer (MRNF)', 'Retinal necrosis', '12ecf02f-cb68-45df-89d3-7f5ee2bf5f2a');
INSERT INTO public.differential_diagnosis_grade VALUES ('a948f64d-1f02-4370-a416-1e870f84b2b3', false, false, 'Myelinated Retinal Nerve Fiber Layer (MRNF)', 'Retinoblastoma (in case of extensive myelinated retinal nerve fiber layer in young children)', '12ecf02f-cb68-45df-89d3-7f5ee2bf5f2a');
INSERT INTO public.differential_diagnosis_grade VALUES ('afb41bad-2b08-4b37-8899-44666f4c64c2', false, false, 'Macular edema', 'Branch retinal vein occlusion', '20d5823b-4fc5-4e31-b2c5-b99977713a2d');
INSERT INTO public.differential_diagnosis_grade VALUES ('38185d86-6033-446f-a781-364f5c8d5457', false, false, 'Macular edema', 'Central retinal vein occlusion', '20d5823b-4fc5-4e31-b2c5-b99977713a2d');
INSERT INTO public.differential_diagnosis_grade VALUES ('1eb8edfd-b52b-4568-8e52-44c2b9b42387', false, false, 'Macular edema', 'Central serous chorioretinopathy', '20d5823b-4fc5-4e31-b2c5-b99977713a2d');
INSERT INTO public.differential_diagnosis_grade VALUES ('b6d842f3-2161-45f9-be6a-635f6699c3aa', false, false, 'Macular edema', 'Choroidal neovascular membrane', '20d5823b-4fc5-4e31-b2c5-b99977713a2d');
INSERT INTO public.differential_diagnosis_grade VALUES ('e9652e2a-bb67-4164-afad-2c0497ebac29', false, false, 'Macular edema', 'Hypertensive retinopathy', '20d5823b-4fc5-4e31-b2c5-b99977713a2d');
INSERT INTO public.differential_diagnosis_grade VALUES ('cae668b3-7aef-43fe-a12c-e244fb5716e3', false, false, 'Macular edema', 'Irvine gass syndrome', '20d5823b-4fc5-4e31-b2c5-b99977713a2d');
INSERT INTO public.differential_diagnosis_grade VALUES ('454405a3-ee77-4fc8-b5ed-1f4f4ab7b52f', false, false, 'Macular edema', 'Macular edema secondary to epiretinal membrane', '20d5823b-4fc5-4e31-b2c5-b99977713a2d');
INSERT INTO public.differential_diagnosis_grade VALUES ('dba08f11-a7b9-4aee-9e44-d3b3dee08f67', false, false, 'Macular edema', 'Post uveitic macular edema', '20d5823b-4fc5-4e31-b2c5-b99977713a2d');
INSERT INTO public.differential_diagnosis_grade VALUES ('f7737e09-0c7d-45e9-bd85-69558450e8e1', false, false, 'Macular edema', 'Ruptured microaneurysm', '20d5823b-4fc5-4e31-b2c5-b99977713a2d');
INSERT INTO public.differential_diagnosis_grade VALUES ('34ecca5e-8042-417c-b1af-d7bd1ac62ab4', false, false, 'Retinopathy', 'Age-related macular degeneration', '20d5823b-4fc5-4e31-b2c5-b99977713a2d');
INSERT INTO public.differential_diagnosis_grade VALUES ('b972ff5e-d5f2-41f8-a985-380382c7c607', false, false, 'Retinopathy', 'Anemia', '20d5823b-4fc5-4e31-b2c5-b99977713a2d');
INSERT INTO public.differential_diagnosis_grade VALUES ('2a6b69e0-5f9f-40c2-b921-737242809d8f', false, false, 'Retinopathy', 'Angioid streaks', '20d5823b-4fc5-4e31-b2c5-b99977713a2d');
INSERT INTO public.differential_diagnosis_grade VALUES ('2351d927-dc2e-49fd-9229-c874e374cc6d', false, false, 'Retinopathy', 'Branch retinal vein occlusion', '20d5823b-4fc5-4e31-b2c5-b99977713a2d');
INSERT INTO public.differential_diagnosis_grade VALUES ('510ca90f-47b8-49a0-9ca5-78717947fc32', false, false, 'Retinopathy', 'Central retinal vein occlusion', '20d5823b-4fc5-4e31-b2c5-b99977713a2d');
INSERT INTO public.differential_diagnosis_grade VALUES ('485d35ec-83cd-4151-8642-2b4c5dd131c1', false, false, 'Retinopathy', 'Choroidal rupture', '20d5823b-4fc5-4e31-b2c5-b99977713a2d');
INSERT INTO public.differential_diagnosis_grade VALUES ('415f74a4-7b0a-4f39-8433-c259e32aa7dc', false, false, 'Retinopathy', 'Diabetic retinopathy', '20d5823b-4fc5-4e31-b2c5-b99977713a2d');
INSERT INTO public.differential_diagnosis_grade VALUES ('ec773e73-38ab-403c-8c9c-0a1530982b1e', false, false, 'Retinopathy', 'Hemiretinal vein occlusion', '20d5823b-4fc5-4e31-b2c5-b99977713a2d');
INSERT INTO public.differential_diagnosis_grade VALUES ('dd9817d3-1123-4684-a489-04446203c475', false, false, 'Retinopathy', 'Hypertensive retinopathy', '20d5823b-4fc5-4e31-b2c5-b99977713a2d');
INSERT INTO public.differential_diagnosis_grade VALUES ('dc1d7087-5e7a-42ca-b5b5-a92e38d7db48', false, false, 'Retinopathy', 'Hyperviscosity syndrome', '20d5823b-4fc5-4e31-b2c5-b99977713a2d');
INSERT INTO public.differential_diagnosis_grade VALUES ('997cfa96-3d8b-4835-b854-50f23d9a1bda', false, false, 'Retinopathy', 'Multifocal choroiditis', '20d5823b-4fc5-4e31-b2c5-b99977713a2d');
INSERT INTO public.differential_diagnosis_grade VALUES ('6e832146-6696-40fc-8d59-4f566f21ac19', false, false, 'Retinopathy', 'Ocular histoplasmosis', '20d5823b-4fc5-4e31-b2c5-b99977713a2d');
INSERT INTO public.differential_diagnosis_grade VALUES ('64acf3bb-5bb8-4e8b-b3a0-aa259b58a174', false, false, 'Retinopathy', 'Ocular ischemic syndrome', '20d5823b-4fc5-4e31-b2c5-b99977713a2d');
INSERT INTO public.differential_diagnosis_grade VALUES ('bbe6cceb-9405-46ff-85ab-2d8a815a01d1', false, false, 'Retinopathy', 'Pattern dystrophies', '20d5823b-4fc5-4e31-b2c5-b99977713a2d');
INSERT INTO public.differential_diagnosis_grade VALUES ('738b0a47-cdae-4bc0-ad2d-6c0877e893e6', false, false, 'Retinopathy', 'Post-traumatic retinal bleed', '20d5823b-4fc5-4e31-b2c5-b99977713a2d');
INSERT INTO public.differential_diagnosis_grade VALUES ('8cf8eec2-b17e-4e08-820f-fcbf0b26aecc', false, false, 'Retinopathy', 'Radiation retinopathy', '20d5823b-4fc5-4e31-b2c5-b99977713a2d');
INSERT INTO public.differential_diagnosis_grade VALUES ('7e49cdda-bbee-4ced-a24f-64d913ba0ee9', false, false, 'Retinopathy', 'Retinal macroaneurysm', '20d5823b-4fc5-4e31-b2c5-b99977713a2d');
INSERT INTO public.differential_diagnosis_grade VALUES ('20e3b09f-7739-47ac-9992-42555b97b084', false, false, 'Retinopathy', 'Retinopathy in thalassemia', '20d5823b-4fc5-4e31-b2c5-b99977713a2d');
INSERT INTO public.differential_diagnosis_grade VALUES ('8d992c8a-c7e3-4e2c-afd3-0e8098607dcc', false, false, 'Retinopathy', 'Sickle cell retinopathy', '20d5823b-4fc5-4e31-b2c5-b99977713a2d');
INSERT INTO public.differential_diagnosis_grade VALUES ('41ff18c8-5b69-4683-9fce-c393d068f063', false, false, 'Retinopathy', 'Terson syndrome', '20d5823b-4fc5-4e31-b2c5-b99977713a2d');
INSERT INTO public.differential_diagnosis_grade VALUES ('1fdd52a4-abd2-42e9-a356-68066c1c8efc', false, false, 'Retinopathy', 'Valsalva retinopathy', '20d5823b-4fc5-4e31-b2c5-b99977713a2d');
INSERT INTO public.differential_diagnosis_grade VALUES ('366bba09-e165-4c4b-b941-1a86f5fd4346', false, false, 'Macular edema', 'Branch retinal vein occlusion', '0eeac27c-bebf-4654-ac3f-7a43952b6d05');
INSERT INTO public.differential_diagnosis_grade VALUES ('3f45182f-e86e-44d5-949a-82ba8f4a6d37', false, false, 'Macular edema', 'Central retinal vein occlusion', '0eeac27c-bebf-4654-ac3f-7a43952b6d05');
INSERT INTO public.differential_diagnosis_grade VALUES ('447e2f8a-e01e-4ec1-8d49-44c9dd8575e7', false, false, 'Macular edema', 'Central serous chorioretinopathy', '0eeac27c-bebf-4654-ac3f-7a43952b6d05');
INSERT INTO public.differential_diagnosis_grade VALUES ('278b0d9b-6358-40d8-8f6d-584ab183522b', false, false, 'Macular edema', 'Choroidal neovascular membrane', '0eeac27c-bebf-4654-ac3f-7a43952b6d05');
INSERT INTO public.differential_diagnosis_grade VALUES ('912da758-7ea6-411e-a90b-76d55585ee2b', false, false, 'Macular edema', 'Hypertensive retinopathy', '0eeac27c-bebf-4654-ac3f-7a43952b6d05');
INSERT INTO public.differential_diagnosis_grade VALUES ('c821a5d9-8789-4e5a-9709-14cdc041e574', false, false, 'Macular edema', 'Irvine gass syndrome', '0eeac27c-bebf-4654-ac3f-7a43952b6d05');
INSERT INTO public.differential_diagnosis_grade VALUES ('0bec0b9d-e7db-465b-b514-6aceec097f0f', false, false, 'Macular edema', 'Macular edema secondary to epiretinal membrane', '0eeac27c-bebf-4654-ac3f-7a43952b6d05');
INSERT INTO public.differential_diagnosis_grade VALUES ('fa657fda-4c5e-4035-9c76-1d979f59bfce', false, false, 'Macular edema', 'Post uveitic macular edema', '0eeac27c-bebf-4654-ac3f-7a43952b6d05');
INSERT INTO public.differential_diagnosis_grade VALUES ('3d063b82-0a75-47a4-b9b6-09ae1695802e', false, false, 'Macular edema', 'Ruptured microaneurysm', '0eeac27c-bebf-4654-ac3f-7a43952b6d05');
INSERT INTO public.differential_diagnosis_grade VALUES ('570549d4-0185-4e2e-8c01-fae5ab17462b', false, false, 'Retinopathy', 'Age-related macular degeneration', '0eeac27c-bebf-4654-ac3f-7a43952b6d05');
INSERT INTO public.differential_diagnosis_grade VALUES ('a6cbe99b-d9c3-45e5-a273-e557da129dfe', false, false, 'Retinopathy', 'Anemia', '0eeac27c-bebf-4654-ac3f-7a43952b6d05');
INSERT INTO public.differential_diagnosis_grade VALUES ('abb9aaf5-f692-415a-89eb-9455ba9e057d', false, false, 'Retinopathy', 'Angioid streaks', '0eeac27c-bebf-4654-ac3f-7a43952b6d05');
INSERT INTO public.differential_diagnosis_grade VALUES ('7302d352-1e18-4759-9908-e24fa9394e87', false, false, 'Retinopathy', 'Branch retinal vein occlusion', '0eeac27c-bebf-4654-ac3f-7a43952b6d05');
INSERT INTO public.differential_diagnosis_grade VALUES ('b3a749e1-b275-4b20-9e5e-09509deaca3b', false, false, 'Retinopathy', 'Central retinal vein occlusion', '0eeac27c-bebf-4654-ac3f-7a43952b6d05');
INSERT INTO public.differential_diagnosis_grade VALUES ('700e1cb3-7241-42e8-89ba-564a65436de6', false, false, 'Retinopathy', 'Choroidal rupture', '0eeac27c-bebf-4654-ac3f-7a43952b6d05');
INSERT INTO public.differential_diagnosis_grade VALUES ('09523506-9838-4ccf-8408-3b537fd6b573', false, false, 'Retinopathy', 'Diabetic retinopathy', '0eeac27c-bebf-4654-ac3f-7a43952b6d05');
INSERT INTO public.differential_diagnosis_grade VALUES ('049c9e9b-6056-4fab-9b79-6fb1847bc992', false, false, 'Retinopathy', 'Hemiretinal vein occlusion', '0eeac27c-bebf-4654-ac3f-7a43952b6d05');
INSERT INTO public.differential_diagnosis_grade VALUES ('0a4a6ec9-23ea-4bed-9efd-a1777e970d89', false, false, 'Retinopathy', 'Hypertensive retinopathy', '0eeac27c-bebf-4654-ac3f-7a43952b6d05');
INSERT INTO public.differential_diagnosis_grade VALUES ('00295759-5f6c-4f67-9bd7-ba0e9d6b364c', false, false, 'Retinopathy', 'Hyperviscosity syndrome', '0eeac27c-bebf-4654-ac3f-7a43952b6d05');
INSERT INTO public.differential_diagnosis_grade VALUES ('0d246f66-e120-41cb-a784-dff492ffce95', false, false, 'Retinopathy', 'Multifocal choroiditis', '0eeac27c-bebf-4654-ac3f-7a43952b6d05');
INSERT INTO public.differential_diagnosis_grade VALUES ('01fddf8b-5735-4cf9-a345-c56aebec30d4', false, false, 'Retinopathy', 'Ocular histoplasmosis', '0eeac27c-bebf-4654-ac3f-7a43952b6d05');
INSERT INTO public.differential_diagnosis_grade VALUES ('93c30201-e896-4d6d-9c7d-3dbaa429d963', false, false, 'Retinopathy', 'Ocular ischemic syndrome', '0eeac27c-bebf-4654-ac3f-7a43952b6d05');
INSERT INTO public.differential_diagnosis_grade VALUES ('0541a4cf-7a4d-405d-b176-c10c3562fece', false, false, 'Retinopathy', 'Pattern dystrophies', '0eeac27c-bebf-4654-ac3f-7a43952b6d05');
INSERT INTO public.differential_diagnosis_grade VALUES ('fca2c970-17c4-4b8e-93c7-c201a3055f12', false, false, 'Retinopathy', 'Post-traumatic retinal bleed', '0eeac27c-bebf-4654-ac3f-7a43952b6d05');
INSERT INTO public.differential_diagnosis_grade VALUES ('7ec2537a-d9f7-4ef4-99f5-8f19290b51f3', false, false, 'Retinopathy', 'Radiation retinopathy', '0eeac27c-bebf-4654-ac3f-7a43952b6d05');
INSERT INTO public.differential_diagnosis_grade VALUES ('5c098279-9a82-4008-91ae-ee67ea3572b6', false, false, 'Retinopathy', 'Retinal macroaneurysm', '0eeac27c-bebf-4654-ac3f-7a43952b6d05');
INSERT INTO public.differential_diagnosis_grade VALUES ('ba7941a5-74ce-458e-832c-239496ce60de', false, false, 'Retinopathy', 'Retinopathy in thalassemia', '0eeac27c-bebf-4654-ac3f-7a43952b6d05');
INSERT INTO public.differential_diagnosis_grade VALUES ('d5c5bde2-8ce5-40eb-8927-f0ffb7eaae2f', false, false, 'Retinopathy', 'Sickle cell retinopathy', '0eeac27c-bebf-4654-ac3f-7a43952b6d05');
INSERT INTO public.differential_diagnosis_grade VALUES ('25532d30-b9b6-46a6-befe-c6c996ca4dbf', false, false, 'Retinopathy', 'Terson syndrome', '0eeac27c-bebf-4654-ac3f-7a43952b6d05');
INSERT INTO public.differential_diagnosis_grade VALUES ('e8db2b65-e963-4604-a0a9-558bfb1e604a', false, false, 'Retinopathy', 'Valsalva retinopathy', '0eeac27c-bebf-4654-ac3f-7a43952b6d05');
INSERT INTO public.differential_diagnosis_grade VALUES ('40749e6c-75d4-48a1-8816-c734104010e3', false, false, 'Exudative AMD (CNV)', 'Angioid streaks', '1dfdc126-835f-4e09-9b55-b403a253a77d');
INSERT INTO public.differential_diagnosis_grade VALUES ('56a4ff26-e11c-4ae4-917f-347534ef9f21', true, false, 'Exudative AMD (CNV)', 'Central serous chorioretinopathy', '1dfdc126-835f-4e09-9b55-b403a253a77d');
INSERT INTO public.differential_diagnosis_grade VALUES ('dc7b3e01-42a4-481d-85ed-796a8b129566', true, false, 'Exudative AMD (CNV)', 'Choroidal masquerading tumors', '1dfdc126-835f-4e09-9b55-b403a253a77d');
INSERT INTO public.differential_diagnosis_grade VALUES ('37228f6a-9645-4a50-a382-5b1ea06c470e', false, false, 'Exudative AMD (CNV)', 'Choroidal rupture', '1dfdc126-835f-4e09-9b55-b403a253a77d');
INSERT INTO public.differential_diagnosis_grade VALUES ('0c816dd6-bcf3-4bba-82b2-3b9912301b13', true, false, 'Exudative AMD (CNV)', 'Diabetic macular edema', '1dfdc126-835f-4e09-9b55-b403a253a77d');
INSERT INTO public.differential_diagnosis_grade VALUES ('f2ff5cf2-05f1-4bae-8acd-ab87c12f4724', false, false, 'Exudative AMD (CNV)', 'Idiopathic etiology', '1dfdc126-835f-4e09-9b55-b403a253a77d');
INSERT INTO public.differential_diagnosis_grade VALUES ('d89026af-1845-4b23-840c-af919ab27327', true, false, 'Exudative AMD (CNV)', 'Ocular histoplasmosis syndrome', '1dfdc126-835f-4e09-9b55-b403a253a77d');
INSERT INTO public.differential_diagnosis_grade VALUES ('a7ef43e1-815e-4a4b-b22b-0d6daab188df', true, false, 'Exudative AMD (CNV)', 'Pathologic myopia', '1dfdc126-835f-4e09-9b55-b403a253a77d');
INSERT INTO public.differential_diagnosis_grade VALUES ('12e2b26a-ea21-40d2-aaab-fb8d8cadcda4', true, false, 'Exudative AMD (CNV)', 'Polypoidal choroidal vasculopathy', '1dfdc126-835f-4e09-9b55-b403a253a77d');
INSERT INTO public.differential_diagnosis_grade VALUES ('aebee901-a2fa-4737-a1ac-301c3f7f29c3', true, false, 'Exudative AMD (CNV)', 'Retinal angiomatous proliferation', '1dfdc126-835f-4e09-9b55-b403a253a77d');
INSERT INTO public.differential_diagnosis_grade VALUES ('b84ec45b-3a5b-4a8f-9d52-8ef709182a47', false, false, 'Non-exudative AMD', 'Adult vitelliform macular dystrophy', '1dfdc126-835f-4e09-9b55-b403a253a77d');
INSERT INTO public.differential_diagnosis_grade VALUES ('e9abc7bd-5b96-4d9b-afac-2bddd51da3fb', true, false, 'Non-exudative AMD', 'Pathologic myopia', '1dfdc126-835f-4e09-9b55-b403a253a77d');
INSERT INTO public.differential_diagnosis_grade VALUES ('36180808-88fa-4ab3-b55a-69e6a1b61cb8', true, false, 'Non-exudative AMD', 'Pattern distrophy', '1dfdc126-835f-4e09-9b55-b403a253a77d');
INSERT INTO public.differential_diagnosis_grade VALUES ('8a77d856-5e25-4e0e-93e9-642b4af5f16b', true, false, 'Non-exudative AMD', 'RPE changes in central serous chorioretinopathy', '1dfdc126-835f-4e09-9b55-b403a253a77d');
INSERT INTO public.differential_diagnosis_grade VALUES ('103616ab-72ab-45e0-a59e-896af07c6912', true, false, 'Non-exudative AMD', 'Retinal drug toxicity (i.e. chloroquine)', '1dfdc126-835f-4e09-9b55-b403a253a77d');
INSERT INTO public.differential_diagnosis_grade VALUES ('d9f41ea7-c0d7-4f3e-99c7-babc1c0adeee', false, false, 'Rhegmatogenous retinal detachment', 'Choroidal mass', 'ec84b38b-f98b-4e4b-9ec1-19214da2f836');
INSERT INTO public.differential_diagnosis_grade VALUES ('1aeb0f94-7a32-4db6-8619-d1e8f83424e2', true, false, 'Rhegmatogenous retinal detachment', 'Exudative retinal detachment', 'ec84b38b-f98b-4e4b-9ec1-19214da2f836');
INSERT INTO public.differential_diagnosis_grade VALUES ('9fdf8171-0dd0-4d42-b5b0-c35b1aa2f8a7', true, false, 'Rhegmatogenous retinal detachment', 'Retinoschisis', 'ec84b38b-f98b-4e4b-9ec1-19214da2f836');
INSERT INTO public.differential_diagnosis_grade VALUES ('f4b8e917-5c49-439d-a551-c34aa8826a8c', true, false, 'Rhegmatogenous retinal detachment', 'Tractional retinal detachment', 'ec84b38b-f98b-4e4b-9ec1-19214da2f836');
INSERT INTO public.differential_diagnosis_grade VALUES ('b6824707-5834-4265-b48e-7a95c47bb7e0', true, false, 'Rhegmatogenous retinal detachment', 'Choroidal mass', '272eddb1-7552-4c4f-b744-b1f8ed3b2b30');
INSERT INTO public.differential_diagnosis_grade VALUES ('04a4b31f-be71-4414-bff5-a17f11df8986', true, false, 'Rhegmatogenous retinal detachment', 'Exudative retinal detachment', '272eddb1-7552-4c4f-b744-b1f8ed3b2b30');
INSERT INTO public.differential_diagnosis_grade VALUES ('00f43253-08ea-4585-b6a3-d558331d59f2', true, false, 'Rhegmatogenous retinal detachment', 'Retinoschisis', '272eddb1-7552-4c4f-b744-b1f8ed3b2b30');
INSERT INTO public.differential_diagnosis_grade VALUES ('cb3a2526-186a-4cc2-89c5-1c19d6272f49', true, false, 'Rhegmatogenous retinal detachment', 'Tractional retinal detachment', '272eddb1-7552-4c4f-b744-b1f8ed3b2b30');
INSERT INTO public.differential_diagnosis_grade VALUES ('b646367b-7765-4f97-b831-3e58ce07b74d', false, false, 'Central serous chorioretinopathy', 'Age-related macular degeneration', '43eafe29-d95c-4cd9-bbd1-521192509e14');
INSERT INTO public.differential_diagnosis_grade VALUES ('5cb76d0f-5f7b-4a9a-a7da-f0eee37e1d32', false, false, 'Central serous chorioretinopathy', 'Choroidal tumor/infiltrative process', '43eafe29-d95c-4cd9-bbd1-521192509e14');
INSERT INTO public.differential_diagnosis_grade VALUES ('7aec58db-8ce8-4433-a771-9fd9eedb7f1f', false, false, 'Central serous chorioretinopathy', 'Idiopathic choroidal neovascularization', '43eafe29-d95c-4cd9-bbd1-521192509e14');
INSERT INTO public.differential_diagnosis_grade VALUES ('13317fa1-b132-43ac-ac97-ebeea6d44e5b', false, false, 'Central serous chorioretinopathy', 'Optic disc pit associated maculopathy', '43eafe29-d95c-4cd9-bbd1-521192509e14');
INSERT INTO public.differential_diagnosis_grade VALUES ('ce933337-5ec8-4063-896a-147d0c489101', false, false, 'Central serous chorioretinopathy', 'Polypoidal choroidal vasculopathy', '43eafe29-d95c-4cd9-bbd1-521192509e14');
INSERT INTO public.differential_diagnosis_grade VALUES ('53ede284-4a8b-4bc0-b464-b26979a5b3e9', false, false, 'Central serous chorioretinopathy', 'Posterior scleritis', '43eafe29-d95c-4cd9-bbd1-521192509e14');
INSERT INTO public.differential_diagnosis_grade VALUES ('e04a09c2-a20b-45cf-bc90-88958c8f0d4c', false, false, 'Central serous chorioretinopathy', 'Vogt-Koyanagi-Harada', '43eafe29-d95c-4cd9-bbd1-521192509e14');
INSERT INTO public.differential_diagnosis_grade VALUES ('561005e5-cd81-41de-b1b2-6e3b7ade52cc', false, false, 'Optic disc edema', 'Anterior ischemic optic neuropathy', '3ea4687a-ab3b-4bc0-9814-fe6860135649');
INSERT INTO public.differential_diagnosis_grade VALUES ('57934f3b-ce2e-4e4b-b4ec-666cc6c3ef55', false, false, 'Optic disc edema', 'Central retinal vein occlusion', '3ea4687a-ab3b-4bc0-9814-fe6860135649');
INSERT INTO public.differential_diagnosis_grade VALUES ('98b25a37-3e7c-4850-8d7f-2b1e6ef34498', false, false, 'Optic disc edema', 'Compressive optic neuropathy', '3ea4687a-ab3b-4bc0-9814-fe6860135649');
INSERT INTO public.differential_diagnosis_grade VALUES ('493a076e-afea-4059-ae3f-aba8ab037fb8', false, false, 'Optic disc edema', 'Diabetic papillopathy', '3ea4687a-ab3b-4bc0-9814-fe6860135649');
INSERT INTO public.differential_diagnosis_grade VALUES ('8474cf40-75fd-471f-8c31-ccea75f36ef5', false, false, 'Optic disc edema', 'Neuroretinitis', '3ea4687a-ab3b-4bc0-9814-fe6860135649');
INSERT INTO public.differential_diagnosis_grade VALUES ('adb5d369-4957-47a6-a846-8093ba6115ae', false, false, 'Optic disc edema', 'Optic disc drusen', '3ea4687a-ab3b-4bc0-9814-fe6860135649');
INSERT INTO public.differential_diagnosis_grade VALUES ('9aa86093-a5e0-4c0a-950f-7c3259249955', false, false, 'Optic disc edema', 'Optic neuritis', '3ea4687a-ab3b-4bc0-9814-fe6860135649');
INSERT INTO public.differential_diagnosis_grade VALUES ('ea2fa526-c12d-424f-a03e-b084da3aa6d1', false, false, 'Optic disc edema', 'Papilledema', '3ea4687a-ab3b-4bc0-9814-fe6860135649');
INSERT INTO public.differential_diagnosis_grade VALUES ('24b14a53-04e6-4c87-94db-7209e74e390e', false, false, 'Optic disc edema', 'Papillophlebitis', '3ea4687a-ab3b-4bc0-9814-fe6860135649');
INSERT INTO public.differential_diagnosis_grade VALUES ('7bebdc2e-8869-47b2-aff4-fd71cf8aede4', false, false, 'Optic disc edema', 'Pseudo-papilledema', '3ea4687a-ab3b-4bc0-9814-fe6860135649');
INSERT INTO public.differential_diagnosis_grade VALUES ('77b85061-58d9-4bcc-9c99-5a2488db712e', true, false, 'Macular edema', 'Branch retinal vein occlusion', '392ab2e5-cbf0-45cb-a011-7c3a36a20ff7');
INSERT INTO public.differential_diagnosis_grade VALUES ('d4431141-79c5-400b-a1c9-ab072414612c', true, false, 'Macular edema', 'Central retinal vein occlusion', '392ab2e5-cbf0-45cb-a011-7c3a36a20ff7');
INSERT INTO public.differential_diagnosis_grade VALUES ('ce6df66d-8161-4dd4-81d5-a75c2b254908', true, false, 'Macular edema', 'Central serous chorioretinopathy', '392ab2e5-cbf0-45cb-a011-7c3a36a20ff7');
INSERT INTO public.differential_diagnosis_grade VALUES ('2eb47533-88b1-4b29-bf9f-9cd36a809e88', false, false, 'Macular edema', 'Choroidal neovascular membrane', '392ab2e5-cbf0-45cb-a011-7c3a36a20ff7');
INSERT INTO public.differential_diagnosis_grade VALUES ('2f3e656c-2c12-401e-b91c-42c05208a8a6', true, false, 'Macular edema', 'Hypertensive retinopathy', '392ab2e5-cbf0-45cb-a011-7c3a36a20ff7');
INSERT INTO public.differential_diagnosis_grade VALUES ('b779509d-72d7-4750-97fe-90352dc9f991', true, false, 'Macular edema', 'Irvine gass syndrome', '392ab2e5-cbf0-45cb-a011-7c3a36a20ff7');
INSERT INTO public.differential_diagnosis_grade VALUES ('3a73adfa-a207-4e1b-903b-d55147a54ee2', true, false, 'Macular edema', 'Macular edema secondary to epiretinal membrane', '392ab2e5-cbf0-45cb-a011-7c3a36a20ff7');
INSERT INTO public.differential_diagnosis_grade VALUES ('560e86b5-a96c-4760-b716-98c117ea4608', true, false, 'Macular edema', 'Post uveitic macular edema', '392ab2e5-cbf0-45cb-a011-7c3a36a20ff7');
INSERT INTO public.differential_diagnosis_grade VALUES ('551bb55d-99d0-40ba-bd79-92882497cee2', true, false, 'Macular edema', 'Ruptured microaneurysm', '392ab2e5-cbf0-45cb-a011-7c3a36a20ff7');
INSERT INTO public.differential_diagnosis_grade VALUES ('7adad830-78b6-41b6-989a-87897def63db', true, false, 'Retinopathy', 'Age-related macular degeneration', '392ab2e5-cbf0-45cb-a011-7c3a36a20ff7');
INSERT INTO public.differential_diagnosis_grade VALUES ('d26c9bfb-c935-494b-86cd-f646b92eee7a', true, false, 'Retinopathy', 'Anemia', '392ab2e5-cbf0-45cb-a011-7c3a36a20ff7');
INSERT INTO public.differential_diagnosis_grade VALUES ('871ae5ee-70e1-4612-88eb-26041392b1db', true, false, 'Retinopathy', 'Angioid streaks', '392ab2e5-cbf0-45cb-a011-7c3a36a20ff7');
INSERT INTO public.differential_diagnosis_grade VALUES ('82f7ba2d-9502-45a7-a9d3-75442cd4c5cd', true, false, 'Retinopathy', 'Branch retinal vein occlusion', '392ab2e5-cbf0-45cb-a011-7c3a36a20ff7');
INSERT INTO public.differential_diagnosis_grade VALUES ('094a6aba-b0b2-4204-a766-5c8ce988b8a5', true, false, 'Retinopathy', 'Central retinal vein occlusion', '392ab2e5-cbf0-45cb-a011-7c3a36a20ff7');
INSERT INTO public.differential_diagnosis_grade VALUES ('320d832c-d158-4687-a400-b18c308b6b87', true, false, 'Retinopathy', 'Choroidal rupture', '392ab2e5-cbf0-45cb-a011-7c3a36a20ff7');
INSERT INTO public.differential_diagnosis_grade VALUES ('f18bf998-569e-400f-8726-782136d4d416', true, false, 'Retinopathy', 'Diabetic retinopathy', '392ab2e5-cbf0-45cb-a011-7c3a36a20ff7');
INSERT INTO public.differential_diagnosis_grade VALUES ('434fd3f6-4bee-483f-bc11-b9587580ed5d', true, false, 'Retinopathy', 'Hemiretinal vein occlusion', '392ab2e5-cbf0-45cb-a011-7c3a36a20ff7');
INSERT INTO public.differential_diagnosis_grade VALUES ('c44a4996-7d3f-4b1a-8e6f-b85ce2e770b4', true, false, 'Retinopathy', 'Hypertensive retinopathy', '392ab2e5-cbf0-45cb-a011-7c3a36a20ff7');
INSERT INTO public.differential_diagnosis_grade VALUES ('29009fb7-8557-487b-b35e-e527e2c4d8b5', true, false, 'Retinopathy', 'Hyperviscosity syndrome', '392ab2e5-cbf0-45cb-a011-7c3a36a20ff7');
INSERT INTO public.differential_diagnosis_grade VALUES ('d8948b56-4c95-49ca-9ccd-951b3ea9518e', false, false, 'Retinopathy', 'Multifocal choroiditis', '392ab2e5-cbf0-45cb-a011-7c3a36a20ff7');
INSERT INTO public.differential_diagnosis_grade VALUES ('f2e0ecc7-db7b-41cd-b04d-83fcb7c5bf42', false, false, 'Retinopathy', 'Ocular histoplasmosis', '392ab2e5-cbf0-45cb-a011-7c3a36a20ff7');
INSERT INTO public.differential_diagnosis_grade VALUES ('c08e8048-9be1-495b-a163-e7818a51b9df', true, false, 'Retinopathy', 'Ocular ischemic syndrome', '392ab2e5-cbf0-45cb-a011-7c3a36a20ff7');
INSERT INTO public.differential_diagnosis_grade VALUES ('efccbbcb-e4c0-4871-8847-0d9c40fce215', true, false, 'Retinopathy', 'Pattern dystrophies', '392ab2e5-cbf0-45cb-a011-7c3a36a20ff7');
INSERT INTO public.differential_diagnosis_grade VALUES ('b986e1b6-196c-4797-9a21-53b2c12f40e8', true, false, 'Retinopathy', 'Post-traumatic retinal bleed', '392ab2e5-cbf0-45cb-a011-7c3a36a20ff7');
INSERT INTO public.differential_diagnosis_grade VALUES ('f78a956a-35cf-44cd-aef6-816e7551e81b', true, false, 'Retinopathy', 'Radiation retinopathy', '392ab2e5-cbf0-45cb-a011-7c3a36a20ff7');
INSERT INTO public.differential_diagnosis_grade VALUES ('55a53e43-3efa-498b-82e0-2adb5db45004', true, false, 'Retinopathy', 'Retinal macroaneurysm', '392ab2e5-cbf0-45cb-a011-7c3a36a20ff7');
INSERT INTO public.differential_diagnosis_grade VALUES ('c2ee8827-53fb-4290-aaf2-61238ffd669a', true, false, 'Retinopathy', 'Retinopathy in thalassemia', '392ab2e5-cbf0-45cb-a011-7c3a36a20ff7');
INSERT INTO public.differential_diagnosis_grade VALUES ('15985a5b-d4fe-48df-99ea-fae6fb26db94', true, false, 'Retinopathy', 'Sickle cell retinopathy', '392ab2e5-cbf0-45cb-a011-7c3a36a20ff7');
INSERT INTO public.differential_diagnosis_grade VALUES ('f147a285-c1b7-4939-ac5d-feb2488112e5', true, false, 'Retinopathy', 'Terson syndrome', '392ab2e5-cbf0-45cb-a011-7c3a36a20ff7');
INSERT INTO public.differential_diagnosis_grade VALUES ('e52f9aa9-4cb3-4f76-ae77-de3157c59a47', true, false, 'Retinopathy', 'Valsalva retinopathy', '392ab2e5-cbf0-45cb-a011-7c3a36a20ff7');
INSERT INTO public.differential_diagnosis_grade VALUES ('b9cb22f3-e292-4cdf-a066-423824803226', false, false, 'Tessellated fundus', 'Central areolar choroidal dystrophy', 'cfeeffd0-5e50-4e26-9cd2-4876e9dd7757');
INSERT INTO public.differential_diagnosis_grade VALUES ('06722563-5348-4813-82fc-4c7fd38fde28', false, false, 'Tessellated fundus', 'Choroideremia', 'cfeeffd0-5e50-4e26-9cd2-4876e9dd7757');
INSERT INTO public.differential_diagnosis_grade VALUES ('c4ebb67b-a35d-4b6c-aaa5-81196f2c9008', false, false, 'Tessellated fundus', 'Geographic atrophy', 'cfeeffd0-5e50-4e26-9cd2-4876e9dd7757');
INSERT INTO public.differential_diagnosis_grade VALUES ('1f9be510-3d5a-40ed-8411-80d01b710705', false, false, 'Tessellated fundus', 'Gyrate atrophy', 'cfeeffd0-5e50-4e26-9cd2-4876e9dd7757');
INSERT INTO public.differential_diagnosis_grade VALUES ('290a9754-00fc-40f4-ad4c-b6058dd07d8b', false, false, 'Tessellated fundus', 'Ocular albinism', 'cfeeffd0-5e50-4e26-9cd2-4876e9dd7757');
INSERT INTO public.differential_diagnosis_grade VALUES ('1e2dc379-09b9-4d92-b528-d87d67d3e35c', false, false, 'Tessellated fundus', 'Pathological myopia', 'cfeeffd0-5e50-4e26-9cd2-4876e9dd7757');
INSERT INTO public.differential_diagnosis_grade VALUES ('7583ba54-2934-4fb5-835a-573822b7e04a', false, false, 'Tessellated fundus', 'Retinitis pigmentosa', 'cfeeffd0-5e50-4e26-9cd2-4876e9dd7757');
INSERT INTO public.differential_diagnosis_grade VALUES ('d9a40a9a-5542-42b7-9e1d-c0adc7af5481', false, false, 'Epiretinal membrane', 'Combined hamartoma of retina and RPE', '40bedf65-9013-45e4-ab6a-ea973d67a509');
INSERT INTO public.differential_diagnosis_grade VALUES ('e8757ad3-deca-45da-97bf-28db24203596', false, false, 'Epiretinal membrane', 'Inherited macular dystrophies', '40bedf65-9013-45e4-ab6a-ea973d67a509');
INSERT INTO public.differential_diagnosis_grade VALUES ('45e45467-9a03-4ebd-b8e3-53f4131012ff', false, false, 'Epiretinal membrane', 'Macular edema', '40bedf65-9013-45e4-ab6a-ea973d67a509');
INSERT INTO public.differential_diagnosis_grade VALUES ('c9c87c1b-a9ba-459a-819e-a291e5eac67d', false, false, 'Epiretinal membrane', 'Macular hole', '40bedf65-9013-45e4-ab6a-ea973d67a509');
INSERT INTO public.differential_diagnosis_grade VALUES ('aff50ed4-d6fd-4626-8b25-6584991057fa', false, false, 'Epiretinal membrane', 'Parafoveal telangiectasia', '40bedf65-9013-45e4-ab6a-ea973d67a509');
INSERT INTO public.differential_diagnosis_grade VALUES ('3e81e4bf-d585-4325-8a01-a7c46189cffe', false, false, 'Epiretinal membrane', 'Proliferative vitreoretinopathy', '40bedf65-9013-45e4-ab6a-ea973d67a509');
INSERT INTO public.differential_diagnosis_grade VALUES ('8a47e108-8d82-42a3-bcdb-de59c063f5bd', false, false, 'Epiretinal membrane', 'Tractional retinal detachment', '40bedf65-9013-45e4-ab6a-ea973d67a509');
INSERT INTO public.differential_diagnosis_grade VALUES ('225a8626-ce09-49d4-b186-a99f3bf387c5', false, false, 'Drusen', 'Age-related drusen', '5d2c10a8-fe5d-40c5-a428-e4604003d521');
INSERT INTO public.differential_diagnosis_grade VALUES ('d45d9d85-ed62-4a12-9498-8a61185253d8', false, false, 'Drusen', 'Age-related macular degeneration', '5d2c10a8-fe5d-40c5-a428-e4604003d521');
INSERT INTO public.differential_diagnosis_grade VALUES ('31802ecc-9a95-415c-a158-6d568482f3a5', false, false, 'Drusen', 'Autosomal dominant drusen (Malattia Leventinese)', '5d2c10a8-fe5d-40c5-a428-e4604003d521');
INSERT INTO public.differential_diagnosis_grade VALUES ('6102f9b5-8d44-431a-a7b2-bd3bb42f190c', false, false, 'Drusen', 'C3 glomerulopathy - associated drusen (type II membranoproliferative glomerulonephritis)', '5d2c10a8-fe5d-40c5-a428-e4604003d521');
INSERT INTO public.differential_diagnosis_grade VALUES ('66e63d09-bafb-431e-a553-b479ca9e1387', false, false, 'Drusen', 'Early adult-onset drusen (Cuticular drusen)', '5d2c10a8-fe5d-40c5-a428-e4604003d521');
INSERT INTO public.differential_diagnosis_grade VALUES ('bae6fd35-2534-41c7-a034-a089e41e6eed', false, false, 'Myelinated Retinal Nerve Fiber Layer (MRNF)', 'Branch retinal artery occlusion (BRAO)', 'f3598bfa-32c1-457e-b990-674849801a9b');
INSERT INTO public.differential_diagnosis_grade VALUES ('b5da94c1-d7bb-4e0f-8add-ded94be83a89', false, false, 'Myelinated Retinal Nerve Fiber Layer (MRNF)', 'Cotton wool spot', 'f3598bfa-32c1-457e-b990-674849801a9b');
INSERT INTO public.differential_diagnosis_grade VALUES ('04bc2902-9086-4874-b0c8-5a6d955075a6', false, false, 'Myelinated Retinal Nerve Fiber Layer (MRNF)', 'Peripapillary epiretinal membrane', 'f3598bfa-32c1-457e-b990-674849801a9b');
INSERT INTO public.differential_diagnosis_grade VALUES ('e7e5ce63-3327-44ad-95c3-bad15bd2e286', false, false, 'Myelinated Retinal Nerve Fiber Layer (MRNF)', 'Retinal infiltrates (infectious, inflammatory or neoplastic)', 'f3598bfa-32c1-457e-b990-674849801a9b');
INSERT INTO public.differential_diagnosis_grade VALUES ('0b953f2d-e65d-4039-98e9-c7cb4948abcc', false, false, 'Myelinated Retinal Nerve Fiber Layer (MRNF)', 'Retinal necrosis', 'f3598bfa-32c1-457e-b990-674849801a9b');
INSERT INTO public.differential_diagnosis_grade VALUES ('0cad86bb-fbe6-47f9-8a1f-8d02cbeff669', false, false, 'Myelinated Retinal Nerve Fiber Layer (MRNF)', 'Retinoblastoma (in case of extensive myelinated retinal nerve fiber layer in young children)', 'f3598bfa-32c1-457e-b990-674849801a9b');
INSERT INTO public.differential_diagnosis_grade VALUES ('faa26cfb-808a-4b4a-9e97-a9f2cebff72a', false, false, 'Exudative AMD (CNV)', 'Angioid streaks', 'b687865c-4b5a-4530-a0bd-c3105b32ad3c');
INSERT INTO public.differential_diagnosis_grade VALUES ('5da1fc67-97bb-466d-bf4d-130ea8d47286', false, false, 'Exudative AMD (CNV)', 'Central serous chorioretinopathy', 'b687865c-4b5a-4530-a0bd-c3105b32ad3c');
INSERT INTO public.differential_diagnosis_grade VALUES ('eb64f1a5-dc06-4b47-937c-e59597c81f89', false, false, 'Exudative AMD (CNV)', 'Choroidal masquerading tumors', 'b687865c-4b5a-4530-a0bd-c3105b32ad3c');
INSERT INTO public.differential_diagnosis_grade VALUES ('e3a669c1-d8d4-4fd3-81ec-40db1286274c', false, false, 'Exudative AMD (CNV)', 'Choroidal rupture', 'b687865c-4b5a-4530-a0bd-c3105b32ad3c');
INSERT INTO public.differential_diagnosis_grade VALUES ('5f3172c4-2363-477f-b8e5-fc9f506c4315', false, false, 'Exudative AMD (CNV)', 'Diabetic macular edema', 'b687865c-4b5a-4530-a0bd-c3105b32ad3c');
INSERT INTO public.differential_diagnosis_grade VALUES ('72e7f030-b764-4efd-959c-80a05a513e58', false, false, 'Exudative AMD (CNV)', 'Idiopathic etiology', 'b687865c-4b5a-4530-a0bd-c3105b32ad3c');
INSERT INTO public.differential_diagnosis_grade VALUES ('a3bfcdad-9c67-4bd1-aac4-b2df7046f28d', false, false, 'Exudative AMD (CNV)', 'Ocular histoplasmosis syndrome', 'b687865c-4b5a-4530-a0bd-c3105b32ad3c');
INSERT INTO public.differential_diagnosis_grade VALUES ('f59db6de-0735-4b97-978e-128bf9fc8edd', false, false, 'Exudative AMD (CNV)', 'Pathologic myopia', 'b687865c-4b5a-4530-a0bd-c3105b32ad3c');
INSERT INTO public.differential_diagnosis_grade VALUES ('0a8864eb-0c71-44d0-b96f-9982976c1c4d', false, false, 'Exudative AMD (CNV)', 'Polypoidal choroidal vasculopathy', 'b687865c-4b5a-4530-a0bd-c3105b32ad3c');
INSERT INTO public.differential_diagnosis_grade VALUES ('739fd5c4-668c-4156-8735-74dfcb018087', false, false, 'Exudative AMD (CNV)', 'Retinal angiomatous proliferation', 'b687865c-4b5a-4530-a0bd-c3105b32ad3c');
INSERT INTO public.differential_diagnosis_grade VALUES ('d87c92bd-bb16-494f-bd47-42b2022b2047', false, false, 'Non-exudative AMD', 'Adult vitelliform macular dystrophy', 'b687865c-4b5a-4530-a0bd-c3105b32ad3c');
INSERT INTO public.differential_diagnosis_grade VALUES ('c30142ca-a35f-4cd9-8cca-874f413d9b33', false, false, 'Non-exudative AMD', 'Pathologic myopia', 'b687865c-4b5a-4530-a0bd-c3105b32ad3c');
INSERT INTO public.differential_diagnosis_grade VALUES ('7aebb197-ad10-4250-a230-7d4b4ccb9032', false, false, 'Non-exudative AMD', 'Pattern distrophy', 'b687865c-4b5a-4530-a0bd-c3105b32ad3c');
INSERT INTO public.differential_diagnosis_grade VALUES ('0165ed28-277e-47ba-9713-c1eca3f35a76', false, false, 'Non-exudative AMD', 'RPE changes in central serous chorioretinopathy', 'b687865c-4b5a-4530-a0bd-c3105b32ad3c');
INSERT INTO public.differential_diagnosis_grade VALUES ('6f73866b-7c27-4696-879a-72f6e99de0aa', false, false, 'Non-exudative AMD', 'Retinal drug toxicity (i.e. chloroquine)', 'b687865c-4b5a-4530-a0bd-c3105b32ad3c');
INSERT INTO public.differential_diagnosis_grade VALUES ('ae79c99d-14e2-4535-82df-21b1b9a8486f', false, false, 'Choroidal neovascularization', 'Age-related macular degeneration', 'deca49bf-4382-4885-b1ca-dcb77136e04e');
INSERT INTO public.differential_diagnosis_grade VALUES ('98b1b5ac-a566-4865-8cfa-8760b3d35c54', false, false, 'Choroidal neovascularization', 'Angioid streaks', 'deca49bf-4382-4885-b1ca-dcb77136e04e');
INSERT INTO public.differential_diagnosis_grade VALUES ('e85104ef-0371-497b-8c6b-d7c6d1624ea9', false, false, 'Choroidal neovascularization', 'Choroidal tumors', 'deca49bf-4382-4885-b1ca-dcb77136e04e');
INSERT INTO public.differential_diagnosis_grade VALUES ('10b7ddcd-867a-45f6-8fc0-9164015d4222', false, false, 'Choroidal neovascularization', 'Chronic central serous chorioretinopathy', 'deca49bf-4382-4885-b1ca-dcb77136e04e');
INSERT INTO public.differential_diagnosis_grade VALUES ('15c62410-a296-4e41-8d31-b3a52e56be67', false, false, 'Choroidal neovascularization', 'Multifocal choroiditis', 'deca49bf-4382-4885-b1ca-dcb77136e04e');
INSERT INTO public.differential_diagnosis_grade VALUES ('f9b5ac37-3f17-4836-8889-f43448e33dde', false, false, 'Choroidal neovascularization', 'Presumed Ocular Histoplasmosis', 'deca49bf-4382-4885-b1ca-dcb77136e04e');
INSERT INTO public.differential_diagnosis_grade VALUES ('7cdf4afc-0237-411b-86d4-02821a03eb36', false, false, 'Choroidal neovascularization', 'Sarcoidosis', 'deca49bf-4382-4885-b1ca-dcb77136e04e');
INSERT INTO public.differential_diagnosis_grade VALUES ('b4979ec4-5fbe-4f0f-b2c4-bff50fb127bd', false, false, 'Choroidal neovascularization', 'Trauma: Choroidal rupture', 'deca49bf-4382-4885-b1ca-dcb77136e04e');
INSERT INTO public.differential_diagnosis_grade VALUES ('830d64e7-7755-48ce-8fdd-fc4cbfc401c1', false, false, 'Retinopathy', 'Age-related macular degeneration', 'deca49bf-4382-4885-b1ca-dcb77136e04e');
INSERT INTO public.differential_diagnosis_grade VALUES ('78b5d1e4-a048-4595-8805-d424c52e7b44', false, false, 'Retinopathy', 'Anemia', 'deca49bf-4382-4885-b1ca-dcb77136e04e');
INSERT INTO public.differential_diagnosis_grade VALUES ('9bd6fbf0-36e1-4a46-b375-655719e98a8f', false, false, 'Retinopathy', 'Angioid streaks', 'deca49bf-4382-4885-b1ca-dcb77136e04e');
INSERT INTO public.differential_diagnosis_grade VALUES ('01a94312-2f42-4b09-8c88-d9b69da274a4', false, false, 'Retinopathy', 'Branch retinal vein occlusion', 'deca49bf-4382-4885-b1ca-dcb77136e04e');
INSERT INTO public.differential_diagnosis_grade VALUES ('5cfef10b-7324-4f51-92d0-9dda2804505e', false, false, 'Retinopathy', 'Central retinal vein occlusion', 'deca49bf-4382-4885-b1ca-dcb77136e04e');
INSERT INTO public.differential_diagnosis_grade VALUES ('0d8c224c-3247-4075-ae60-520fb05fe09f', false, false, 'Retinopathy', 'Choroidal rupture', 'deca49bf-4382-4885-b1ca-dcb77136e04e');
INSERT INTO public.differential_diagnosis_grade VALUES ('74dc9fe8-ac0f-4fbc-93ca-8c3c2e0bbe62', false, false, 'Retinopathy', 'Diabetic retinopathy', 'deca49bf-4382-4885-b1ca-dcb77136e04e');
INSERT INTO public.differential_diagnosis_grade VALUES ('5a90fbb7-b453-41eb-ac4e-f0e550286153', false, false, 'Retinopathy', 'Hemiretinal vein occlusion', 'deca49bf-4382-4885-b1ca-dcb77136e04e');
INSERT INTO public.differential_diagnosis_grade VALUES ('499fc640-8998-475a-a1bf-9219cc6b8604', false, false, 'Retinopathy', 'Hypertensive retinopathy', 'deca49bf-4382-4885-b1ca-dcb77136e04e');
INSERT INTO public.differential_diagnosis_grade VALUES ('499418f2-30b1-4fca-bce2-ae07908bd59d', false, false, 'Retinopathy', 'Hyperviscosity syndrome', 'deca49bf-4382-4885-b1ca-dcb77136e04e');
INSERT INTO public.differential_diagnosis_grade VALUES ('e9d37814-ddbc-4b19-8efc-46d7f55f03ac', false, false, 'Retinopathy', 'Multifocal choroiditis', 'deca49bf-4382-4885-b1ca-dcb77136e04e');
INSERT INTO public.differential_diagnosis_grade VALUES ('94291737-9694-4adb-9be3-d20a25178f88', false, false, 'Retinopathy', 'Ocular histoplasmosis', 'deca49bf-4382-4885-b1ca-dcb77136e04e');
INSERT INTO public.differential_diagnosis_grade VALUES ('3ed96c5e-4e4a-4c83-8091-dbb240cc667e', false, false, 'Retinopathy', 'Ocular ischemic syndrome', 'deca49bf-4382-4885-b1ca-dcb77136e04e');
INSERT INTO public.differential_diagnosis_grade VALUES ('cbcc52ce-3261-4c26-ba01-6251e756130c', false, false, 'Retinopathy', 'Pattern dystrophies', 'deca49bf-4382-4885-b1ca-dcb77136e04e');
INSERT INTO public.differential_diagnosis_grade VALUES ('44e9bc01-ba11-4895-8936-464b69d4259a', false, false, 'Retinopathy', 'Post-traumatic retinal bleed', 'deca49bf-4382-4885-b1ca-dcb77136e04e');
INSERT INTO public.differential_diagnosis_grade VALUES ('ab09cbf5-02a7-4df1-8b96-613511fda8fb', false, false, 'Retinopathy', 'Radiation retinopathy', 'deca49bf-4382-4885-b1ca-dcb77136e04e');
INSERT INTO public.differential_diagnosis_grade VALUES ('e190393f-a4f0-46e4-b20f-20dd0ff2d4ed', false, false, 'Retinopathy', 'Retinal macroaneurysm', 'deca49bf-4382-4885-b1ca-dcb77136e04e');
INSERT INTO public.differential_diagnosis_grade VALUES ('57253aee-3408-4469-881a-18301041d1b0', false, false, 'Retinopathy', 'Retinopathy in thalassemia', 'deca49bf-4382-4885-b1ca-dcb77136e04e');
INSERT INTO public.differential_diagnosis_grade VALUES ('e6d9f657-1ec6-4b51-93b6-bd3054ca4e34', false, false, 'Retinopathy', 'Sickle cell retinopathy', 'deca49bf-4382-4885-b1ca-dcb77136e04e');
INSERT INTO public.differential_diagnosis_grade VALUES ('fbeba58f-163e-455e-aece-b77476569a41', false, false, 'Retinopathy', 'Terson syndrome', 'deca49bf-4382-4885-b1ca-dcb77136e04e');
INSERT INTO public.differential_diagnosis_grade VALUES ('134b2cb2-cbe1-4749-931e-8db02928a95a', false, false, 'Retinopathy', 'Valsalva retinopathy', 'deca49bf-4382-4885-b1ca-dcb77136e04e');
INSERT INTO public.differential_diagnosis_grade VALUES ('4b6ac0a8-210d-426a-a57d-3c9584aeb7a2', false, false, 'Choroidal neovascularization', 'Age-related macular degeneration', 'deca49bf-4382-4885-b1ca-dcb77136e04e');
INSERT INTO public.differential_diagnosis_grade VALUES ('ed9fb16e-627f-455e-b5d1-6abd5948331d', false, false, 'Choroidal neovascularization', 'Angioid streaks', 'deca49bf-4382-4885-b1ca-dcb77136e04e');
INSERT INTO public.differential_diagnosis_grade VALUES ('b3b6e44b-6cbf-44d3-be1a-d191f82f4019', false, false, 'Choroidal neovascularization', 'Choroidal tumors', 'deca49bf-4382-4885-b1ca-dcb77136e04e');
INSERT INTO public.differential_diagnosis_grade VALUES ('76554d35-7272-487f-a3d7-742270b79528', false, false, 'Choroidal neovascularization', 'Chronic central serous chorioretinopathy', 'deca49bf-4382-4885-b1ca-dcb77136e04e');
INSERT INTO public.differential_diagnosis_grade VALUES ('6c824a21-e9f2-4b90-8f4f-b146ebf3e4c7', false, false, 'Choroidal neovascularization', 'Multifocal choroiditis', 'deca49bf-4382-4885-b1ca-dcb77136e04e');
INSERT INTO public.differential_diagnosis_grade VALUES ('e56da765-4d8f-4df9-baec-4a631b3afef9', false, false, 'Choroidal neovascularization', 'Presumed Ocular Histoplasmosis', 'deca49bf-4382-4885-b1ca-dcb77136e04e');
INSERT INTO public.differential_diagnosis_grade VALUES ('b118908e-f1ee-492d-91e7-6e049ecf5dcd', false, false, 'Choroidal neovascularization', 'Sarcoidosis', 'deca49bf-4382-4885-b1ca-dcb77136e04e');
INSERT INTO public.differential_diagnosis_grade VALUES ('2bdac885-19e8-4056-a534-1ffa3a51aa3f', false, false, 'Choroidal neovascularization', 'Trauma: Choroidal rupture', 'deca49bf-4382-4885-b1ca-dcb77136e04e');
INSERT INTO public.differential_diagnosis_grade VALUES ('a6880e53-5ef5-49e4-82eb-6aeccad7e9c6', false, false, 'Retinopathy', 'Age-related macular degeneration', 'deca49bf-4382-4885-b1ca-dcb77136e04e');
INSERT INTO public.differential_diagnosis_grade VALUES ('76aa5d8b-98a1-4e3a-b012-d990fa80eea6', false, false, 'Retinopathy', 'Anemia', 'deca49bf-4382-4885-b1ca-dcb77136e04e');
INSERT INTO public.differential_diagnosis_grade VALUES ('1c85be9d-ca02-4583-acde-94ed302a5eb3', false, false, 'Retinopathy', 'Angioid streaks', 'deca49bf-4382-4885-b1ca-dcb77136e04e');
INSERT INTO public.differential_diagnosis_grade VALUES ('6ba84b03-82f2-4b2a-84e4-c2154923ccce', false, false, 'Retinopathy', 'Branch retinal vein occlusion', 'deca49bf-4382-4885-b1ca-dcb77136e04e');
INSERT INTO public.differential_diagnosis_grade VALUES ('5fef7893-c8ae-472d-84c3-6d850af89055', false, false, 'Retinopathy', 'Central retinal vein occlusion', 'deca49bf-4382-4885-b1ca-dcb77136e04e');
INSERT INTO public.differential_diagnosis_grade VALUES ('14c6a31d-1e43-4deb-b153-6b8678bed4e8', false, false, 'Retinopathy', 'Choroidal rupture', 'deca49bf-4382-4885-b1ca-dcb77136e04e');
INSERT INTO public.differential_diagnosis_grade VALUES ('3d7d4099-8c77-4697-aa4d-aa6221810036', false, false, 'Retinopathy', 'Diabetic retinopathy', 'deca49bf-4382-4885-b1ca-dcb77136e04e');
INSERT INTO public.differential_diagnosis_grade VALUES ('65be2b6e-1994-4ec5-917a-d49902457ae9', false, false, 'Retinopathy', 'Hemiretinal vein occlusion', 'deca49bf-4382-4885-b1ca-dcb77136e04e');
INSERT INTO public.differential_diagnosis_grade VALUES ('f052bc19-23b8-4dee-b5a7-4b612f1da282', false, false, 'Retinopathy', 'Hypertensive retinopathy', 'deca49bf-4382-4885-b1ca-dcb77136e04e');
INSERT INTO public.differential_diagnosis_grade VALUES ('483af6e3-0e33-4a7f-918a-c3f35a7170c1', false, false, 'Retinopathy', 'Hyperviscosity syndrome', 'deca49bf-4382-4885-b1ca-dcb77136e04e');
INSERT INTO public.differential_diagnosis_grade VALUES ('3d908191-a42a-40da-bbe7-531bab72359b', false, false, 'Retinopathy', 'Multifocal choroiditis', 'deca49bf-4382-4885-b1ca-dcb77136e04e');
INSERT INTO public.differential_diagnosis_grade VALUES ('050e2552-0390-459f-818a-01345400e6bd', false, false, 'Retinopathy', 'Ocular histoplasmosis', 'deca49bf-4382-4885-b1ca-dcb77136e04e');
INSERT INTO public.differential_diagnosis_grade VALUES ('ea2450aa-8c08-4435-996d-3b0a52a638e9', false, false, 'Retinopathy', 'Ocular ischemic syndrome', 'deca49bf-4382-4885-b1ca-dcb77136e04e');
INSERT INTO public.differential_diagnosis_grade VALUES ('c03ef8a4-fa2f-4308-8988-71261a44179c', false, false, 'Retinopathy', 'Pattern dystrophies', 'deca49bf-4382-4885-b1ca-dcb77136e04e');
INSERT INTO public.differential_diagnosis_grade VALUES ('ed108433-010d-4c1f-a958-9cae8d361372', false, false, 'Retinopathy', 'Post-traumatic retinal bleed', 'deca49bf-4382-4885-b1ca-dcb77136e04e');
INSERT INTO public.differential_diagnosis_grade VALUES ('8db5cdfc-b8cf-4114-b454-9856f1006b51', false, false, 'Retinopathy', 'Radiation retinopathy', 'deca49bf-4382-4885-b1ca-dcb77136e04e');
INSERT INTO public.differential_diagnosis_grade VALUES ('ed3cafa6-b104-43a7-9efe-2928cd8d6ca1', false, false, 'Retinopathy', 'Retinal macroaneurysm', 'deca49bf-4382-4885-b1ca-dcb77136e04e');
INSERT INTO public.differential_diagnosis_grade VALUES ('17232501-4343-4ec0-b1ba-a88c37923ae7', false, false, 'Retinopathy', 'Retinopathy in thalassemia', 'deca49bf-4382-4885-b1ca-dcb77136e04e');
INSERT INTO public.differential_diagnosis_grade VALUES ('b468128f-a642-4b3e-9f00-ec9a54e3a316', false, false, 'Retinopathy', 'Sickle cell retinopathy', 'deca49bf-4382-4885-b1ca-dcb77136e04e');
INSERT INTO public.differential_diagnosis_grade VALUES ('fd48e299-bc1c-43bf-bfbf-270befa02270', false, false, 'Retinopathy', 'Terson syndrome', 'deca49bf-4382-4885-b1ca-dcb77136e04e');
INSERT INTO public.differential_diagnosis_grade VALUES ('9b1722a4-1ae7-4632-9a7d-7b3def8d0abb', false, false, 'Retinopathy', 'Valsalva retinopathy', 'deca49bf-4382-4885-b1ca-dcb77136e04e');
INSERT INTO public.differential_diagnosis_grade VALUES ('3c3e0eab-cfb3-4d33-9d36-a77cfbc33045', false, false, 'Optic disc edema', 'Anterior ischemic optic neuropathy', 'ed163881-60b8-4b33-acce-63b9b55652c4');
INSERT INTO public.differential_diagnosis_grade VALUES ('6b9cecd9-b50e-4025-a1b3-e836492eb9ad', false, false, 'Optic disc edema', 'Central retinal vein occlusion', 'ed163881-60b8-4b33-acce-63b9b55652c4');
INSERT INTO public.differential_diagnosis_grade VALUES ('59d3ecd0-4665-49e9-b3c3-e1e23e6448fa', false, false, 'Optic disc edema', 'Compressive optic neuropathy', 'ed163881-60b8-4b33-acce-63b9b55652c4');
INSERT INTO public.differential_diagnosis_grade VALUES ('8b2e01dc-c796-4c35-9fc8-f336a0a907a2', false, false, 'Optic disc edema', 'Diabetic papillopathy', 'ed163881-60b8-4b33-acce-63b9b55652c4');
INSERT INTO public.differential_diagnosis_grade VALUES ('0ce93184-d9fe-4c5c-ad10-283698add3c6', false, false, 'Optic disc edema', 'Neuroretinitis', 'ed163881-60b8-4b33-acce-63b9b55652c4');
INSERT INTO public.differential_diagnosis_grade VALUES ('28b40492-8485-4c84-92ea-65f7d8ded6d3', false, false, 'Optic disc edema', 'Optic disc drusen', 'ed163881-60b8-4b33-acce-63b9b55652c4');
INSERT INTO public.differential_diagnosis_grade VALUES ('b165fb1f-2842-48d8-9bf9-447139561721', false, false, 'Optic disc edema', 'Optic neuritis', 'ed163881-60b8-4b33-acce-63b9b55652c4');
INSERT INTO public.differential_diagnosis_grade VALUES ('29b11801-e92a-4b30-a60f-d4cac36871e1', false, false, 'Optic disc edema', 'Papilledema', 'ed163881-60b8-4b33-acce-63b9b55652c4');
INSERT INTO public.differential_diagnosis_grade VALUES ('e26cada2-a943-470b-95f2-5e10ccfbe556', false, false, 'Optic disc edema', 'Papillophlebitis', 'ed163881-60b8-4b33-acce-63b9b55652c4');
INSERT INTO public.differential_diagnosis_grade VALUES ('ee3ccb35-eeeb-4765-acb4-29de7b6aca8f', false, false, 'Optic disc edema', 'Pseudo-papilledema', 'ed163881-60b8-4b33-acce-63b9b55652c4');
INSERT INTO public.differential_diagnosis_grade VALUES ('e80d28cc-43e3-48c0-8c1b-554fbcc27576', false, false, 'Epiretinal membrane', 'Combined hamartoma of retina and RPE', 'ac9816c7-0dbf-40da-af95-1091abe9941f');
INSERT INTO public.differential_diagnosis_grade VALUES ('8ffc0973-c891-4968-83ff-df75b1fc792e', false, false, 'Epiretinal membrane', 'Inherited macular dystrophies', 'ac9816c7-0dbf-40da-af95-1091abe9941f');
INSERT INTO public.differential_diagnosis_grade VALUES ('b438caf3-81fa-46ba-a6e7-a44c6601b6c1', false, false, 'Epiretinal membrane', 'Macular edema', 'ac9816c7-0dbf-40da-af95-1091abe9941f');
INSERT INTO public.differential_diagnosis_grade VALUES ('dbf5615f-9fcf-4283-b4fb-0707ded3d687', false, false, 'Epiretinal membrane', 'Macular hole', 'ac9816c7-0dbf-40da-af95-1091abe9941f');
INSERT INTO public.differential_diagnosis_grade VALUES ('c5ae2422-166e-4370-a2ce-30c3773508e1', false, false, 'Epiretinal membrane', 'Parafoveal telangiectasia', 'ac9816c7-0dbf-40da-af95-1091abe9941f');
INSERT INTO public.differential_diagnosis_grade VALUES ('0415ea0d-4ba2-4539-8bac-4b6c2a0e0cbb', false, false, 'Epiretinal membrane', 'Proliferative vitreoretinopathy', 'ac9816c7-0dbf-40da-af95-1091abe9941f');
INSERT INTO public.differential_diagnosis_grade VALUES ('d5a3ddf0-b287-4f24-87d7-d6e012c88720', false, false, 'Epiretinal membrane', 'Tractional retinal detachment', 'ac9816c7-0dbf-40da-af95-1091abe9941f');
INSERT INTO public.differential_diagnosis_grade VALUES ('01f3d21c-d6b9-403b-859b-bf8475157d10', false, false, 'Central serous chorioretinopathy', 'Age-related macular degeneration', '123c8c90-bfa7-4893-b290-b150bf752c58');
INSERT INTO public.differential_diagnosis_grade VALUES ('f98ffea9-1c93-4431-bf90-dd08902cb412', false, false, 'Central serous chorioretinopathy', 'Choroidal tumor/infiltrative process', '123c8c90-bfa7-4893-b290-b150bf752c58');
INSERT INTO public.differential_diagnosis_grade VALUES ('220867ca-1378-4b7f-914f-c67fe42906e5', false, false, 'Central serous chorioretinopathy', 'Idiopathic choroidal neovascularization', '123c8c90-bfa7-4893-b290-b150bf752c58');
INSERT INTO public.differential_diagnosis_grade VALUES ('d04e418f-27b8-4834-b61e-31691c807d37', false, false, 'Central serous chorioretinopathy', 'Optic disc pit associated maculopathy', '123c8c90-bfa7-4893-b290-b150bf752c58');
INSERT INTO public.differential_diagnosis_grade VALUES ('6ad90b5f-fd1f-4385-af2a-ff4b8e50a83f', false, false, 'Central serous chorioretinopathy', 'Polypoidal choroidal vasculopathy', '123c8c90-bfa7-4893-b290-b150bf752c58');
INSERT INTO public.differential_diagnosis_grade VALUES ('48858d6d-00be-44e2-80f0-10c22b4c1100', false, false, 'Central serous chorioretinopathy', 'Posterior scleritis', '123c8c90-bfa7-4893-b290-b150bf752c58');
INSERT INTO public.differential_diagnosis_grade VALUES ('a90eb4e8-946f-41ee-85ec-82f5ebd4daf0', false, false, 'Central serous chorioretinopathy', 'Vogt-Koyanagi-Harada', '123c8c90-bfa7-4893-b290-b150bf752c58');
INSERT INTO public.differential_diagnosis_grade VALUES ('0627e37f-059e-478a-9996-297638036cfa', true, false, 'Macular edema', 'Branch retinal vein occlusion', 'd4f92e79-5e78-4048-991c-fe041a566694');
INSERT INTO public.differential_diagnosis_grade VALUES ('52810d31-bee6-482f-b8ba-7be3f0ccc8d9', true, false, 'Macular edema', 'Central retinal vein occlusion', 'd4f92e79-5e78-4048-991c-fe041a566694');
INSERT INTO public.differential_diagnosis_grade VALUES ('12fafc18-f6d9-460c-a008-c1868b6704c2', false, false, 'Macular edema', 'Central serous chorioretinopathy', 'd4f92e79-5e78-4048-991c-fe041a566694');
INSERT INTO public.differential_diagnosis_grade VALUES ('6cb12d3b-9275-4d4d-a965-03692148abce', true, false, 'Macular edema', 'Choroidal neovascular membrane', 'd4f92e79-5e78-4048-991c-fe041a566694');
INSERT INTO public.differential_diagnosis_grade VALUES ('55169f00-bb3f-4e4f-81ad-812b4d5115f7', false, false, 'Macular edema', 'Hypertensive retinopathy', 'd4f92e79-5e78-4048-991c-fe041a566694');
INSERT INTO public.differential_diagnosis_grade VALUES ('1538ffab-c227-4526-9720-41bae4fbd8be', true, false, 'Macular edema', 'Irvine gass syndrome', 'd4f92e79-5e78-4048-991c-fe041a566694');
INSERT INTO public.differential_diagnosis_grade VALUES ('f86ee954-7c3a-4124-b81a-adcc1fde7de2', true, false, 'Macular edema', 'Macular edema secondary to epiretinal membrane', 'd4f92e79-5e78-4048-991c-fe041a566694');
INSERT INTO public.differential_diagnosis_grade VALUES ('0791f677-c345-4c49-8746-3adef6ca214a', true, false, 'Macular edema', 'Post uveitic macular edema', 'd4f92e79-5e78-4048-991c-fe041a566694');
INSERT INTO public.differential_diagnosis_grade VALUES ('d22cfcbc-bd16-4adc-8f89-9294adde19a9', false, false, 'Macular edema', 'Ruptured microaneurysm', 'd4f92e79-5e78-4048-991c-fe041a566694');
INSERT INTO public.differential_diagnosis_grade VALUES ('2ab871f4-0aa8-4c19-bb7b-176e7326dcab', false, false, 'Retinopathy', 'Age-related macular degeneration', 'd4f92e79-5e78-4048-991c-fe041a566694');
INSERT INTO public.differential_diagnosis_grade VALUES ('63c67927-a5a5-4b65-b4d0-680f5a743dce', false, false, 'Retinopathy', 'Anemia', 'd4f92e79-5e78-4048-991c-fe041a566694');
INSERT INTO public.differential_diagnosis_grade VALUES ('4a9e31ce-9107-40ab-8279-6f35fc6d6577', false, false, 'Retinopathy', 'Angioid streaks', 'd4f92e79-5e78-4048-991c-fe041a566694');
INSERT INTO public.differential_diagnosis_grade VALUES ('bdb3bb0a-3265-4d1c-b1a0-908632070992', true, false, 'Retinopathy', 'Branch retinal vein occlusion', 'd4f92e79-5e78-4048-991c-fe041a566694');
INSERT INTO public.differential_diagnosis_grade VALUES ('75d09529-ad96-4640-b541-ee4a20bc6bf0', true, false, 'Retinopathy', 'Central retinal vein occlusion', 'd4f92e79-5e78-4048-991c-fe041a566694');
INSERT INTO public.differential_diagnosis_grade VALUES ('0b3ed60c-95b8-4055-bb39-acaa09027d1f', false, false, 'Retinopathy', 'Choroidal rupture', 'd4f92e79-5e78-4048-991c-fe041a566694');
INSERT INTO public.differential_diagnosis_grade VALUES ('bc181104-d6ab-4537-b400-d9020462da20', false, false, 'Retinopathy', 'Diabetic retinopathy', 'd4f92e79-5e78-4048-991c-fe041a566694');
INSERT INTO public.differential_diagnosis_grade VALUES ('93eddc66-c15d-4c5a-b15e-dd582980d0cd', true, false, 'Retinopathy', 'Hemiretinal vein occlusion', 'd4f92e79-5e78-4048-991c-fe041a566694');
INSERT INTO public.differential_diagnosis_grade VALUES ('bf78418d-9e73-4164-bfa2-2362930d7cb6', true, false, 'Retinopathy', 'Hypertensive retinopathy', 'd4f92e79-5e78-4048-991c-fe041a566694');
INSERT INTO public.differential_diagnosis_grade VALUES ('5be64c40-f56d-4a5f-8182-8634aec7df8a', true, false, 'Retinopathy', 'Hyperviscosity syndrome', 'd4f92e79-5e78-4048-991c-fe041a566694');
INSERT INTO public.differential_diagnosis_grade VALUES ('f1e904ed-894f-4df0-b52c-e8b9dd2bbddf', false, false, 'Retinopathy', 'Multifocal choroiditis', 'd4f92e79-5e78-4048-991c-fe041a566694');
INSERT INTO public.differential_diagnosis_grade VALUES ('ab739f70-7be3-4cab-964e-5e123f016239', false, false, 'Retinopathy', 'Ocular histoplasmosis', 'd4f92e79-5e78-4048-991c-fe041a566694');
INSERT INTO public.differential_diagnosis_grade VALUES ('d9aab19c-5fd9-4786-b072-ea1236d6f2c5', false, false, 'Retinopathy', 'Ocular ischemic syndrome', 'd4f92e79-5e78-4048-991c-fe041a566694');
INSERT INTO public.differential_diagnosis_grade VALUES ('ac482ed0-774a-4ac4-9479-f7f5aa6e0d79', false, false, 'Retinopathy', 'Pattern dystrophies', 'd4f92e79-5e78-4048-991c-fe041a566694');
INSERT INTO public.differential_diagnosis_grade VALUES ('57e48eb3-9126-4d86-b7de-632b2b5b52b5', false, false, 'Retinopathy', 'Post-traumatic retinal bleed', 'd4f92e79-5e78-4048-991c-fe041a566694');
INSERT INTO public.differential_diagnosis_grade VALUES ('4c9cb8b5-3f01-481e-a1e9-394066818f95', true, false, 'Retinopathy', 'Radiation retinopathy', 'd4f92e79-5e78-4048-991c-fe041a566694');
INSERT INTO public.differential_diagnosis_grade VALUES ('d9ba3a26-43e9-438f-835a-79190cec2bc7', true, false, 'Retinopathy', 'Retinal macroaneurysm', 'd4f92e79-5e78-4048-991c-fe041a566694');
INSERT INTO public.differential_diagnosis_grade VALUES ('c1b36917-5bde-4182-8579-803ef9f49c05', true, false, 'Retinopathy', 'Retinopathy in thalassemia', 'd4f92e79-5e78-4048-991c-fe041a566694');
INSERT INTO public.differential_diagnosis_grade VALUES ('f3e102e0-e7a3-49a6-98e3-8cdd43b40913', true, false, 'Retinopathy', 'Sickle cell retinopathy', 'd4f92e79-5e78-4048-991c-fe041a566694');
INSERT INTO public.differential_diagnosis_grade VALUES ('974e7abe-62ee-41a9-a10b-886a4458ee35', true, false, 'Retinopathy', 'Terson syndrome', 'd4f92e79-5e78-4048-991c-fe041a566694');
INSERT INTO public.differential_diagnosis_grade VALUES ('7deda8c8-ab60-4526-bbf9-8b45d193a1e7', true, false, 'Retinopathy', 'Valsalva retinopathy', 'd4f92e79-5e78-4048-991c-fe041a566694');
INSERT INTO public.differential_diagnosis_grade VALUES ('2e4be501-07d2-4928-bb90-460df5e839cb', false, false, 'Drusen', 'Age-related drusen', 'c680470a-ab0c-40b0-b1c4-627e54ef44cf');
INSERT INTO public.differential_diagnosis_grade VALUES ('6570201c-024d-4b81-bb32-62cff7dedf64', false, false, 'Drusen', 'Age-related macular degeneration', 'c680470a-ab0c-40b0-b1c4-627e54ef44cf');
INSERT INTO public.differential_diagnosis_grade VALUES ('45fc2a71-dbc5-41e4-8b84-876ad40119fa', false, false, 'Drusen', 'Autosomal dominant drusen (Malattia Leventinese)', 'c680470a-ab0c-40b0-b1c4-627e54ef44cf');
INSERT INTO public.differential_diagnosis_grade VALUES ('a86c5d20-7e95-4ed6-9c47-6871380696ba', false, false, 'Drusen', 'C3 glomerulopathy - associated drusen (type II membranoproliferative glomerulonephritis)', 'c680470a-ab0c-40b0-b1c4-627e54ef44cf');
INSERT INTO public.differential_diagnosis_grade VALUES ('ec4df38f-0382-4c8d-98d1-8db858e8a320', false, false, 'Drusen', 'Early adult-onset drusen (Cuticular drusen)', 'c680470a-ab0c-40b0-b1c4-627e54ef44cf');
INSERT INTO public.differential_diagnosis_grade VALUES ('e95b6652-a131-4b95-9419-ce4a4533991e', true, false, 'Glaucoma', 'Ischemic optic neuropathy', 'c8c531ca-7f90-4b94-93d1-d78e400b8e73');
INSERT INTO public.differential_diagnosis_grade VALUES ('f9f27678-7b9f-4ba1-979b-16d13f5c6c0f', true, false, 'Glaucoma', 'Optic disc coloboma', 'c8c531ca-7f90-4b94-93d1-d78e400b8e73');
INSERT INTO public.differential_diagnosis_grade VALUES ('fb893b29-f669-42e4-abfe-741b13c24f78', true, false, 'Glaucoma', 'Optic disc pit', 'c8c531ca-7f90-4b94-93d1-d78e400b8e73');
INSERT INTO public.differential_diagnosis_grade VALUES ('1aa90084-64fc-49ce-b0e7-93098a3d3b9c', true, false, 'Glaucoma', 'Physiologic cupping in increased optic nerve head', 'c8c531ca-7f90-4b94-93d1-d78e400b8e73');
INSERT INTO public.differential_diagnosis_grade VALUES ('fa58fc16-6070-4eef-9a9f-dff36f8f2ba7', false, false, 'Branch retinal vein occlusion', 'Central/hemiretinal vein occlusion', 'a4e121f9-5482-4b82-8bf3-2669a3e45019');
INSERT INTO public.differential_diagnosis_grade VALUES ('5ea60b80-e8fe-4413-a371-d67c5b383104', false, false, 'Branch retinal vein occlusion', 'Diabetic retinopathy', 'a4e121f9-5482-4b82-8bf3-2669a3e45019');
INSERT INTO public.differential_diagnosis_grade VALUES ('5b649784-50ac-4083-9d9a-fbd1e62cdfaf', false, false, 'Branch retinal vein occlusion', 'Hypertensive retinopathy', 'a4e121f9-5482-4b82-8bf3-2669a3e45019');
INSERT INTO public.differential_diagnosis_grade VALUES ('488883d2-6891-47d1-8568-87ee54e38c2c', false, false, 'Branch retinal vein occlusion', 'Macular telangiectasia', 'a4e121f9-5482-4b82-8bf3-2669a3e45019');
INSERT INTO public.differential_diagnosis_grade VALUES ('ac13b03d-fb35-46b9-ba87-271bdecf9f9c', false, false, 'Branch retinal vein occlusion', 'Radiation retinopathy', 'a4e121f9-5482-4b82-8bf3-2669a3e45019');
INSERT INTO public.differential_diagnosis_grade VALUES ('0f0406ae-c732-4544-ad83-61b3485d2ddc', false, false, 'Branch retinal vein occlusion', 'Retinal angiomatous proliferation', 'a4e121f9-5482-4b82-8bf3-2669a3e45019');
INSERT INTO public.differential_diagnosis_grade VALUES ('83442d73-e1f9-4a23-b455-224125c0909c', false, false, 'Branch retinal vein occlusion', 'Vasculitis', 'a4e121f9-5482-4b82-8bf3-2669a3e45019');
INSERT INTO public.differential_diagnosis_grade VALUES ('0d408fba-19f5-44b8-b860-c7dd6e5284a1', true, false, 'Rhegmatogenous retinal detachment', 'Choroidal mass', '9da145c4-c0d1-438a-bfdf-f2bc19286fc6');
INSERT INTO public.differential_diagnosis_grade VALUES ('52bb87e0-e06b-4d5a-9263-efcb9b4421ef', true, false, 'Rhegmatogenous retinal detachment', 'Exudative retinal detachment', '9da145c4-c0d1-438a-bfdf-f2bc19286fc6');
INSERT INTO public.differential_diagnosis_grade VALUES ('0e3944da-e089-4191-9d53-8e13b73e12b8', true, false, 'Rhegmatogenous retinal detachment', 'Retinoschisis', '9da145c4-c0d1-438a-bfdf-f2bc19286fc6');
INSERT INTO public.differential_diagnosis_grade VALUES ('f2d9be1f-41be-4217-8af7-bda8ea3583a9', true, false, 'Rhegmatogenous retinal detachment', 'Tractional retinal detachment', '9da145c4-c0d1-438a-bfdf-f2bc19286fc6');
INSERT INTO public.differential_diagnosis_grade VALUES ('53714077-db19-46fd-8272-525196489da7', false, false, 'Drusen', 'Age-related drusen', 'dfc58661-655f-45fe-afa5-288d696374f7');
INSERT INTO public.differential_diagnosis_grade VALUES ('9d5f5a8e-44d6-4097-ba3f-4d090403ebe8', false, false, 'Drusen', 'Age-related macular degeneration', 'dfc58661-655f-45fe-afa5-288d696374f7');
INSERT INTO public.differential_diagnosis_grade VALUES ('6e820f1b-ffca-423e-89d4-841101e0659a', false, false, 'Drusen', 'Autosomal dominant drusen (Malattia Leventinese)', 'dfc58661-655f-45fe-afa5-288d696374f7');
INSERT INTO public.differential_diagnosis_grade VALUES ('909c6ab1-324a-475d-9e22-272646b4b27f', false, false, 'Drusen', 'C3 glomerulopathy - associated drusen (type II membranoproliferative glomerulonephritis)', 'dfc58661-655f-45fe-afa5-288d696374f7');
INSERT INTO public.differential_diagnosis_grade VALUES ('06baf59d-f36b-4116-943e-3f452478f7f5', false, false, 'Drusen', 'Early adult-onset drusen (Cuticular drusen)', 'dfc58661-655f-45fe-afa5-288d696374f7');
INSERT INTO public.differential_diagnosis_grade VALUES ('f765c064-6925-48e4-9d7a-a165adf06108', true, false, 'Central retinal vein occlusion', 'Diabetic retinopathy', '6762762b-4345-4e75-83b7-90dd0b511d8c');
INSERT INTO public.differential_diagnosis_grade VALUES ('95d046a8-7974-4032-8212-f033de86b005', true, false, 'Central retinal vein occlusion', 'Hemiretinal/Branch vein occlusion', '6762762b-4345-4e75-83b7-90dd0b511d8c');
INSERT INTO public.differential_diagnosis_grade VALUES ('262d860c-df3e-4aa4-b5ab-b7997173b589', false, false, 'Central retinal vein occlusion', 'Hypertensive retinopathy', '6762762b-4345-4e75-83b7-90dd0b511d8c');
INSERT INTO public.differential_diagnosis_grade VALUES ('ee65b8c4-e429-48bd-a54e-9e15f74ba647', false, false, 'Central retinal vein occlusion', 'Papillophlebitis', '6762762b-4345-4e75-83b7-90dd0b511d8c');
INSERT INTO public.differential_diagnosis_grade VALUES ('8fe54e5c-7f5f-4a39-8b50-b3a3b8f4a8d6', true, false, 'Central retinal vein occlusion', 'Radiation retinopathy', '6762762b-4345-4e75-83b7-90dd0b511d8c');
INSERT INTO public.differential_diagnosis_grade VALUES ('561a0085-f7cd-45e7-9807-113f5e5a564b', false, false, 'Central retinal vein occlusion', 'Retinal artery occlusion', '6762762b-4345-4e75-83b7-90dd0b511d8c');
INSERT INTO public.differential_diagnosis_grade VALUES ('a9b843f4-d519-4347-a82d-8ce8a5ad13c9', false, false, 'Central retinal vein occlusion', 'Vasculitis', '6762762b-4345-4e75-83b7-90dd0b511d8c');
INSERT INTO public.differential_diagnosis_grade VALUES ('bd9e66bb-fee5-4f13-8e00-5777ae0204bd', false, false, 'Physiologic large optic cup', 'Glaucomatous optic disc cup', 'c52f4a7e-72d3-4d24-b110-52fa80e71dc5');
INSERT INTO public.differential_diagnosis_grade VALUES ('c9935686-462c-4f55-8eaa-6005d4ce82c5', false, false, 'Physiologic large optic cup', 'Ischemic optic neuropathy', 'c52f4a7e-72d3-4d24-b110-52fa80e71dc5');
INSERT INTO public.differential_diagnosis_grade VALUES ('e5b78069-a695-4e11-b33c-dfa36c73c7af', false, false, 'Physiologic large optic cup', 'Optic disc coloboma', 'c52f4a7e-72d3-4d24-b110-52fa80e71dc5');
INSERT INTO public.differential_diagnosis_grade VALUES ('cf5c643a-288a-430d-8c15-47996bbad4d8', false, false, 'Physiologic large optic cup', 'Optic disc pit', 'c52f4a7e-72d3-4d24-b110-52fa80e71dc5');
INSERT INTO public.differential_diagnosis_grade VALUES ('0f90fece-f0fa-48c4-bcb0-25006868e952', false, false, 'Central retinal vein occlusion', 'Diabetic retinopathy', 'd3d4f0d9-be9b-4abe-b566-b702fe584d6b');
INSERT INTO public.differential_diagnosis_grade VALUES ('c381af3d-ac6d-4d5e-998b-8ed7d39425a2', false, false, 'Central retinal vein occlusion', 'Hemiretinal/Branch vein occlusion', 'd3d4f0d9-be9b-4abe-b566-b702fe584d6b');
INSERT INTO public.differential_diagnosis_grade VALUES ('722bfe25-f273-426c-b29d-e441f820e32d', false, false, 'Central retinal vein occlusion', 'Hypertensive retinopathy', 'd3d4f0d9-be9b-4abe-b566-b702fe584d6b');
INSERT INTO public.differential_diagnosis_grade VALUES ('21660e98-0a1e-4ce8-945f-93610b6b2816', false, false, 'Central retinal vein occlusion', 'Papillophlebitis', 'd3d4f0d9-be9b-4abe-b566-b702fe584d6b');
INSERT INTO public.differential_diagnosis_grade VALUES ('cc5f17b9-7b15-4919-9193-6be8538829d1', false, false, 'Central retinal vein occlusion', 'Radiation retinopathy', 'd3d4f0d9-be9b-4abe-b566-b702fe584d6b');
INSERT INTO public.differential_diagnosis_grade VALUES ('c07a03e1-ece5-4a56-a854-5d8449e642f7', false, false, 'Central retinal vein occlusion', 'Retinal artery occlusion', 'd3d4f0d9-be9b-4abe-b566-b702fe584d6b');
INSERT INTO public.differential_diagnosis_grade VALUES ('ca850fb5-fc4c-4f07-8807-57e7c7a52bc0', false, false, 'Central retinal vein occlusion', 'Vasculitis', 'd3d4f0d9-be9b-4abe-b566-b702fe584d6b');
INSERT INTO public.differential_diagnosis_grade VALUES ('cdf6ca82-31d9-4c2f-9a59-9efdf73a6e66', false, false, 'Choroidal neovascularization', 'Age-related macular degeneration', '2230238c-cd7b-4fc5-8e0b-4dbd91b0357f');
INSERT INTO public.differential_diagnosis_grade VALUES ('bd802f0d-cb26-4bf6-b6e3-e5024875f9ba', false, false, 'Choroidal neovascularization', 'Angioid streaks', '2230238c-cd7b-4fc5-8e0b-4dbd91b0357f');
INSERT INTO public.differential_diagnosis_grade VALUES ('cd70517b-d4a8-48f5-8884-4efb1f345b73', false, false, 'Choroidal neovascularization', 'Choroidal tumors', '2230238c-cd7b-4fc5-8e0b-4dbd91b0357f');
INSERT INTO public.differential_diagnosis_grade VALUES ('90ee131c-fa33-4e76-82e8-74e9e6b8ddbb', false, false, 'Choroidal neovascularization', 'Chronic central serous chorioretinopathy', '2230238c-cd7b-4fc5-8e0b-4dbd91b0357f');
INSERT INTO public.differential_diagnosis_grade VALUES ('39b93b7f-8b27-4b75-b350-01880a85a826', false, false, 'Choroidal neovascularization', 'Multifocal choroiditis', '2230238c-cd7b-4fc5-8e0b-4dbd91b0357f');
INSERT INTO public.differential_diagnosis_grade VALUES ('36d5d0e0-812d-4424-86ea-5f56f7d8a7c5', false, false, 'Choroidal neovascularization', 'Presumed Ocular Histoplasmosis', '2230238c-cd7b-4fc5-8e0b-4dbd91b0357f');
INSERT INTO public.differential_diagnosis_grade VALUES ('a6420763-b542-40fc-a9a8-cc30056d3f2a', false, false, 'Choroidal neovascularization', 'Sarcoidosis', '2230238c-cd7b-4fc5-8e0b-4dbd91b0357f');
INSERT INTO public.differential_diagnosis_grade VALUES ('35b7360b-8878-449e-8d41-21f26dcb804d', false, false, 'Choroidal neovascularization', 'Trauma: Choroidal rupture', '2230238c-cd7b-4fc5-8e0b-4dbd91b0357f');
INSERT INTO public.differential_diagnosis_grade VALUES ('d4b87eae-3779-4469-95ce-864964a436bf', false, false, 'Retinopathy', 'Age-related macular degeneration', '2230238c-cd7b-4fc5-8e0b-4dbd91b0357f');
INSERT INTO public.differential_diagnosis_grade VALUES ('88d50990-3756-4acf-822e-2fce3fc1bb14', false, false, 'Retinopathy', 'Anemia', '2230238c-cd7b-4fc5-8e0b-4dbd91b0357f');
INSERT INTO public.differential_diagnosis_grade VALUES ('e141dd17-8891-4b62-b410-28f0ea809539', false, false, 'Retinopathy', 'Angioid streaks', '2230238c-cd7b-4fc5-8e0b-4dbd91b0357f');
INSERT INTO public.differential_diagnosis_grade VALUES ('7171b091-82da-4848-9696-59db2f3be7c5', false, false, 'Retinopathy', 'Branch retinal vein occlusion', '2230238c-cd7b-4fc5-8e0b-4dbd91b0357f');
INSERT INTO public.differential_diagnosis_grade VALUES ('bef2b88d-40dd-4cd4-9bd9-e3bc7587f208', false, false, 'Retinopathy', 'Central retinal vein occlusion', '2230238c-cd7b-4fc5-8e0b-4dbd91b0357f');
INSERT INTO public.differential_diagnosis_grade VALUES ('50895940-0773-4318-bbba-2ea2fa899420', false, false, 'Retinopathy', 'Choroidal rupture', '2230238c-cd7b-4fc5-8e0b-4dbd91b0357f');
INSERT INTO public.differential_diagnosis_grade VALUES ('49c276c5-b15b-4ca0-980e-8ac7a49382e9', false, false, 'Retinopathy', 'Diabetic retinopathy', '2230238c-cd7b-4fc5-8e0b-4dbd91b0357f');
INSERT INTO public.differential_diagnosis_grade VALUES ('161d83b1-d188-417b-9205-d5c9533871a5', false, false, 'Retinopathy', 'Hemiretinal vein occlusion', '2230238c-cd7b-4fc5-8e0b-4dbd91b0357f');
INSERT INTO public.differential_diagnosis_grade VALUES ('54df95af-3239-4d1c-999f-0e9c5435c590', false, false, 'Retinopathy', 'Hypertensive retinopathy', '2230238c-cd7b-4fc5-8e0b-4dbd91b0357f');
INSERT INTO public.differential_diagnosis_grade VALUES ('b60f0823-703d-4437-8cd6-fd435b8d004d', false, false, 'Retinopathy', 'Hyperviscosity syndrome', '2230238c-cd7b-4fc5-8e0b-4dbd91b0357f');
INSERT INTO public.differential_diagnosis_grade VALUES ('44d3baae-061d-48da-b2a9-1173e4789bd8', false, false, 'Retinopathy', 'Multifocal choroiditis', '2230238c-cd7b-4fc5-8e0b-4dbd91b0357f');
INSERT INTO public.differential_diagnosis_grade VALUES ('9bef1c29-ab5b-470d-a6f4-cb4230798f3a', false, false, 'Retinopathy', 'Ocular histoplasmosis', '2230238c-cd7b-4fc5-8e0b-4dbd91b0357f');
INSERT INTO public.differential_diagnosis_grade VALUES ('2ff440be-072d-4415-ac4d-b7f7a0a5dbe1', false, false, 'Retinopathy', 'Ocular ischemic syndrome', '2230238c-cd7b-4fc5-8e0b-4dbd91b0357f');
INSERT INTO public.differential_diagnosis_grade VALUES ('128e80f5-af5e-4ca9-8b05-31ce12664814', false, false, 'Retinopathy', 'Pattern dystrophies', '2230238c-cd7b-4fc5-8e0b-4dbd91b0357f');
INSERT INTO public.differential_diagnosis_grade VALUES ('ed09fe2c-97d3-48aa-aac0-f7fef632b2d4', false, false, 'Retinopathy', 'Post-traumatic retinal bleed', '2230238c-cd7b-4fc5-8e0b-4dbd91b0357f');
INSERT INTO public.differential_diagnosis_grade VALUES ('aeb107fa-7a6f-48f2-a1ae-2c119a433e9d', false, false, 'Retinopathy', 'Radiation retinopathy', '2230238c-cd7b-4fc5-8e0b-4dbd91b0357f');
INSERT INTO public.differential_diagnosis_grade VALUES ('bb09b050-5b43-45e8-9825-e85d49f05cf8', false, false, 'Retinopathy', 'Retinal macroaneurysm', '2230238c-cd7b-4fc5-8e0b-4dbd91b0357f');
INSERT INTO public.differential_diagnosis_grade VALUES ('541745de-8f32-4fe3-9699-0ca372d679b8', false, false, 'Retinopathy', 'Retinopathy in thalassemia', '2230238c-cd7b-4fc5-8e0b-4dbd91b0357f');
INSERT INTO public.differential_diagnosis_grade VALUES ('e85fb611-6b5f-4062-b6ce-c077863f3786', false, false, 'Retinopathy', 'Sickle cell retinopathy', '2230238c-cd7b-4fc5-8e0b-4dbd91b0357f');
INSERT INTO public.differential_diagnosis_grade VALUES ('a45900ec-2ee9-492b-a0e2-2942e7b870a0', false, false, 'Retinopathy', 'Terson syndrome', '2230238c-cd7b-4fc5-8e0b-4dbd91b0357f');
INSERT INTO public.differential_diagnosis_grade VALUES ('7ec4b04a-0800-4d1a-8ba0-cb8bb594983b', false, false, 'Retinopathy', 'Valsalva retinopathy', '2230238c-cd7b-4fc5-8e0b-4dbd91b0357f');
INSERT INTO public.differential_diagnosis_grade VALUES ('dbb9111b-fb82-4d34-ba36-ab0898d90ca2', false, false, 'Epiretinal membrane', 'Combined hamartoma of retina and RPE', 'ac3d4294-f540-4c10-943d-9d426a5402fa');
INSERT INTO public.differential_diagnosis_grade VALUES ('f34e4c04-79c2-4ad8-ba90-0e9d1013b7c4', false, false, 'Epiretinal membrane', 'Inherited macular dystrophies', 'ac3d4294-f540-4c10-943d-9d426a5402fa');
INSERT INTO public.differential_diagnosis_grade VALUES ('235fd037-0d22-4838-80dc-02d9a502317b', false, false, 'Epiretinal membrane', 'Macular edema', 'ac3d4294-f540-4c10-943d-9d426a5402fa');
INSERT INTO public.differential_diagnosis_grade VALUES ('8237bed7-8d7a-486b-865c-7e2b11e89c3a', false, false, 'Epiretinal membrane', 'Macular hole', 'ac3d4294-f540-4c10-943d-9d426a5402fa');
INSERT INTO public.differential_diagnosis_grade VALUES ('b0775517-f97a-4481-9fca-47f5f9aff787', false, false, 'Epiretinal membrane', 'Parafoveal telangiectasia', 'ac3d4294-f540-4c10-943d-9d426a5402fa');
INSERT INTO public.differential_diagnosis_grade VALUES ('bc3221c9-e7fe-4597-ba7a-6c1f3046f700', false, false, 'Epiretinal membrane', 'Proliferative vitreoretinopathy', 'ac3d4294-f540-4c10-943d-9d426a5402fa');
INSERT INTO public.differential_diagnosis_grade VALUES ('7522d893-7cc7-4968-b964-efd2b511519b', false, false, 'Epiretinal membrane', 'Tractional retinal detachment', 'ac3d4294-f540-4c10-943d-9d426a5402fa');
INSERT INTO public.differential_diagnosis_grade VALUES ('2b9c8522-87bd-4c20-a2cf-6c69874ec8ed', true, false, 'Macular edema', 'Branch retinal vein occlusion', '39a27554-9f6c-4386-9917-f96a02ac5456');
INSERT INTO public.differential_diagnosis_grade VALUES ('ae7222a1-c649-43f4-ad71-593db5f59606', true, false, 'Macular edema', 'Central retinal vein occlusion', '39a27554-9f6c-4386-9917-f96a02ac5456');
INSERT INTO public.differential_diagnosis_grade VALUES ('6cdab9ad-c038-446d-b15e-461fbd53bfc0', false, false, 'Macular edema', 'Central serous chorioretinopathy', '39a27554-9f6c-4386-9917-f96a02ac5456');
INSERT INTO public.differential_diagnosis_grade VALUES ('2b6f893e-2184-4ef4-996f-cbb023536932', true, false, 'Macular edema', 'Choroidal neovascular membrane', '39a27554-9f6c-4386-9917-f96a02ac5456');
INSERT INTO public.differential_diagnosis_grade VALUES ('005cf0de-d874-4995-946a-94e0fc78d876', false, false, 'Macular edema', 'Hypertensive retinopathy', '39a27554-9f6c-4386-9917-f96a02ac5456');
INSERT INTO public.differential_diagnosis_grade VALUES ('087e7045-b575-4e02-835e-c2a05ad7f429', true, false, 'Macular edema', 'Irvine gass syndrome', '39a27554-9f6c-4386-9917-f96a02ac5456');
INSERT INTO public.differential_diagnosis_grade VALUES ('0eeaf512-1ab8-424d-8e97-66162d74a390', false, false, 'Macular edema', 'Macular edema secondary to epiretinal membrane', '39a27554-9f6c-4386-9917-f96a02ac5456');
INSERT INTO public.differential_diagnosis_grade VALUES ('f1bc2475-fbee-4b8e-bc8a-162bd4b659e2', true, false, 'Macular edema', 'Post uveitic macular edema', '39a27554-9f6c-4386-9917-f96a02ac5456');
INSERT INTO public.differential_diagnosis_grade VALUES ('a10fbefc-814f-49b8-9f37-d8ee29bee9ec', false, false, 'Macular edema', 'Ruptured microaneurysm', '39a27554-9f6c-4386-9917-f96a02ac5456');
INSERT INTO public.differential_diagnosis_grade VALUES ('eb35cd31-385c-43d8-beba-e9921780974d', false, false, 'Retinopathy', 'Age-related macular degeneration', '39a27554-9f6c-4386-9917-f96a02ac5456');
INSERT INTO public.differential_diagnosis_grade VALUES ('ffbfb974-d4d5-47c0-a4f3-d099443092aa', false, false, 'Retinopathy', 'Anemia', '39a27554-9f6c-4386-9917-f96a02ac5456');
INSERT INTO public.differential_diagnosis_grade VALUES ('499fc080-a99c-4af0-b12d-1dd31f5cae7e', false, false, 'Retinopathy', 'Angioid streaks', '39a27554-9f6c-4386-9917-f96a02ac5456');
INSERT INTO public.differential_diagnosis_grade VALUES ('8f5eecfc-c21a-4ae1-936e-7d912463ea7f', true, false, 'Retinopathy', 'Branch retinal vein occlusion', '39a27554-9f6c-4386-9917-f96a02ac5456');
INSERT INTO public.differential_diagnosis_grade VALUES ('d2cad299-d9e4-4915-b41a-adaf599f5726', true, false, 'Retinopathy', 'Central retinal vein occlusion', '39a27554-9f6c-4386-9917-f96a02ac5456');
INSERT INTO public.differential_diagnosis_grade VALUES ('af695045-b142-446f-bd08-8896ff83da0c', false, false, 'Retinopathy', 'Choroidal rupture', '39a27554-9f6c-4386-9917-f96a02ac5456');
INSERT INTO public.differential_diagnosis_grade VALUES ('86852fd3-84f7-4ff3-b51c-c8c5aca554f1', false, false, 'Retinopathy', 'Diabetic retinopathy', '39a27554-9f6c-4386-9917-f96a02ac5456');
INSERT INTO public.differential_diagnosis_grade VALUES ('b1e68082-5e40-408c-b83c-05f2e597b196', true, false, 'Retinopathy', 'Hemiretinal vein occlusion', '39a27554-9f6c-4386-9917-f96a02ac5456');
INSERT INTO public.differential_diagnosis_grade VALUES ('3a198726-3189-4f7b-a396-31766c3b8d1f', true, false, 'Retinopathy', 'Hypertensive retinopathy', '39a27554-9f6c-4386-9917-f96a02ac5456');
INSERT INTO public.differential_diagnosis_grade VALUES ('9ca23edf-3882-4cb7-a3df-4141dd5554db', true, false, 'Retinopathy', 'Hyperviscosity syndrome', '39a27554-9f6c-4386-9917-f96a02ac5456');
INSERT INTO public.differential_diagnosis_grade VALUES ('53052f46-5a11-4af7-8e4e-00db6afa3e57', false, false, 'Retinopathy', 'Multifocal choroiditis', '39a27554-9f6c-4386-9917-f96a02ac5456');
INSERT INTO public.differential_diagnosis_grade VALUES ('ef8a57f9-1c93-4762-ae34-cdb81bbea590', false, false, 'Retinopathy', 'Ocular histoplasmosis', '39a27554-9f6c-4386-9917-f96a02ac5456');
INSERT INTO public.differential_diagnosis_grade VALUES ('e2b04c82-7f93-418f-a45c-20190d42d636', true, false, 'Retinopathy', 'Ocular ischemic syndrome', '39a27554-9f6c-4386-9917-f96a02ac5456');
INSERT INTO public.differential_diagnosis_grade VALUES ('bc080672-2884-4f5e-b5c7-25df3059cfcd', false, false, 'Retinopathy', 'Pattern dystrophies', '39a27554-9f6c-4386-9917-f96a02ac5456');
INSERT INTO public.differential_diagnosis_grade VALUES ('e07475a3-512b-4f6c-90cc-d5a636607b5b', false, false, 'Retinopathy', 'Post-traumatic retinal bleed', '39a27554-9f6c-4386-9917-f96a02ac5456');
INSERT INTO public.differential_diagnosis_grade VALUES ('56589ce5-1ea0-49d0-b611-cdb6704d6903', true, false, 'Retinopathy', 'Radiation retinopathy', '39a27554-9f6c-4386-9917-f96a02ac5456');
INSERT INTO public.differential_diagnosis_grade VALUES ('4191251b-e246-4671-9b59-37ae35138b2f', true, false, 'Retinopathy', 'Retinal macroaneurysm', '39a27554-9f6c-4386-9917-f96a02ac5456');
INSERT INTO public.differential_diagnosis_grade VALUES ('49ca19e8-a6c5-4cbc-a74f-20ccaea60cb2', false, false, 'Retinopathy', 'Retinopathy in thalassemia', '39a27554-9f6c-4386-9917-f96a02ac5456');
INSERT INTO public.differential_diagnosis_grade VALUES ('4a3b93ec-7fe4-4069-a698-2bea04a38e69', true, false, 'Retinopathy', 'Sickle cell retinopathy', '39a27554-9f6c-4386-9917-f96a02ac5456');
INSERT INTO public.differential_diagnosis_grade VALUES ('144b3157-fa89-4e03-9d6a-f5eaadc8d8f5', false, false, 'Retinopathy', 'Terson syndrome', '39a27554-9f6c-4386-9917-f96a02ac5456');
INSERT INTO public.differential_diagnosis_grade VALUES ('27858c80-9ed4-4312-8c87-dc0d6f024b6d', false, false, 'Retinopathy', 'Valsalva retinopathy', '39a27554-9f6c-4386-9917-f96a02ac5456');
INSERT INTO public.differential_diagnosis_grade VALUES ('8c0b7996-8ebf-402d-b7e8-193102c56717', false, false, 'Branch retinal vein occlusion', 'Central/hemiretinal vein occlusion', '5bd86a0c-20de-45f1-82e9-002ce7525a79');
INSERT INTO public.differential_diagnosis_grade VALUES ('cf280c24-a7c2-4b84-9ab3-32cb681c7dba', true, false, 'Branch retinal vein occlusion', 'Diabetic retinopathy', '5bd86a0c-20de-45f1-82e9-002ce7525a79');
INSERT INTO public.differential_diagnosis_grade VALUES ('8638db1d-8e57-428d-905e-e46371b0d76a', true, false, 'Branch retinal vein occlusion', 'Hypertensive retinopathy', '5bd86a0c-20de-45f1-82e9-002ce7525a79');
INSERT INTO public.differential_diagnosis_grade VALUES ('af0eb6b0-3675-4a79-878a-cec3015a7061', true, false, 'Branch retinal vein occlusion', 'Macular telangiectasia', '5bd86a0c-20de-45f1-82e9-002ce7525a79');
INSERT INTO public.differential_diagnosis_grade VALUES ('4e5e71f2-105f-468f-8668-3f6f7f740336', false, false, 'Branch retinal vein occlusion', 'Radiation retinopathy', '5bd86a0c-20de-45f1-82e9-002ce7525a79');
INSERT INTO public.differential_diagnosis_grade VALUES ('44b22632-aa64-4515-9730-f87789b80b45', false, false, 'Branch retinal vein occlusion', 'Retinal angiomatous proliferation', '5bd86a0c-20de-45f1-82e9-002ce7525a79');
INSERT INTO public.differential_diagnosis_grade VALUES ('dfcf36e8-87af-43ff-aa78-4decfb3de64b', true, false, 'Branch retinal vein occlusion', 'Vasculitis', '5bd86a0c-20de-45f1-82e9-002ce7525a79');


--
-- TOC entry 4405 (class 0 OID 28123)
-- Dependencies: 219
-- Data for Name: educational_topic; Type: TABLE DATA; Schema: public; Owner: postgres
--

INSERT INTO public.educational_topic VALUES ('Normal');
INSERT INTO public.educational_topic VALUES ('Macular conditions');
INSERT INTO public.educational_topic VALUES ('Vascular conditions');
INSERT INTO public.educational_topic VALUES ('Optic nerve conditions');
INSERT INTO public.educational_topic VALUES ('Peripheral retina conditions');
INSERT INTO public.educational_topic VALUES ('Transparent media conditions');


--
-- TOC entry 4401 (class 0 OID 28101)
-- Dependencies: 215
-- Data for Name: disease; Type: TABLE DATA; Schema: public; Owner: postgres
--

INSERT INTO public.disease VALUES ('Normal', true, 'Normal');
INSERT INTO public.disease VALUES ('Age-Related Macular Degeneration (AMD)', true, 'Macular conditions');
INSERT INTO public.disease VALUES ('Diabetic Retinopathy', true, 'Vascular conditions');
INSERT INTO public.disease VALUES ('Glaucoma', true, 'Optic nerve conditions');
INSERT INTO public.disease VALUES ('Hypertensive Retinopathy', true, 'Vascular conditions');
INSERT INTO public.disease VALUES ('Pathological Myopia', true, 'Macular conditions');
INSERT INTO public.disease VALUES ('Tessellated fundus', true, 'Normal');
INSERT INTO public.disease VALUES ('Vitreous degeneration (PVD + Vitreous liquefaction) & Asteroid hyalosis & Synchysis scintillans', true, 'Transparent media conditions');
INSERT INTO public.disease VALUES ('Branch retinal vein occlusion', true, 'Vascular conditions');
INSERT INTO public.disease VALUES ('Physiologic large optic cup', true, 'Optic nerve conditions');
INSERT INTO public.disease VALUES ('Drusen', true, 'Macular conditions');
INSERT INTO public.disease VALUES ('Epiretinal membrane', true, 'Macular conditions');
INSERT INTO public.disease VALUES ('Optic disc edema', true, 'Optic nerve conditions');
INSERT INTO public.disease VALUES ('Myelinated Retinal Nerve Fiber Layer (MRNF)', true, 'Optic nerve conditions');
INSERT INTO public.disease VALUES ('Rhegmatogenous retinal detachment', true, 'Peripheral retina conditions');
INSERT INTO public.disease VALUES ('Central serous chorioretinopathy', true, 'Macular conditions');
INSERT INTO public.disease VALUES ('Central retinal vein occlusion', true, 'Vascular conditions');
INSERT INTO public.disease VALUES ('Other diagnosis', false, NULL);


--
-- TOC entry 4402 (class 0 OID 28108)
-- Dependencies: 216
-- Data for Name: disease_clinical_signs; Type: TABLE DATA; Schema: public; Owner: postgres
--

INSERT INTO public.disease_clinical_signs VALUES ('Age-Related Macular Degeneration (AMD)', 'Hard drusen');
INSERT INTO public.disease_clinical_signs VALUES ('Age-Related Macular Degeneration (AMD)', 'Soft drusen');
INSERT INTO public.disease_clinical_signs VALUES ('Age-Related Macular Degeneration (AMD)', 'Retinal pigment epithelium changes');
INSERT INTO public.disease_clinical_signs VALUES ('Age-Related Macular Degeneration (AMD)', 'Geographic atrophy');
INSERT INTO public.disease_clinical_signs VALUES ('Age-Related Macular Degeneration (AMD)', 'Subretinal fluid');
INSERT INTO public.disease_clinical_signs VALUES ('Age-Related Macular Degeneration (AMD)', 'Subretinal hemorrhage');
INSERT INTO public.disease_clinical_signs VALUES ('Age-Related Macular Degeneration (AMD)', 'Subretinal hard exudates');
INSERT INTO public.disease_clinical_signs VALUES ('Age-Related Macular Degeneration (AMD)', 'Subretinal disciform fibrosis');
INSERT INTO public.disease_clinical_signs VALUES ('Diabetic Retinopathy', 'Microaneurysms');
INSERT INTO public.disease_clinical_signs VALUES ('Diabetic Retinopathy', 'Dot-blot hemorrhages');
INSERT INTO public.disease_clinical_signs VALUES ('Diabetic Retinopathy', 'Flame-shaped hemorrhages');
INSERT INTO public.disease_clinical_signs VALUES ('Diabetic Retinopathy', 'Hard exudates');
INSERT INTO public.disease_clinical_signs VALUES ('Diabetic Retinopathy', 'Cotton-wool spots');
INSERT INTO public.disease_clinical_signs VALUES ('Diabetic Retinopathy', 'Venous beading');
INSERT INTO public.disease_clinical_signs VALUES ('Diabetic Retinopathy', 'Venous loops');
INSERT INTO public.disease_clinical_signs VALUES ('Diabetic Retinopathy', 'Dilated veins');
INSERT INTO public.disease_clinical_signs VALUES ('Diabetic Retinopathy', 'Intraretinal microvascular anomalies ');
INSERT INTO public.disease_clinical_signs VALUES ('Diabetic Retinopathy', 'Neovascularization of the disc');
INSERT INTO public.disease_clinical_signs VALUES ('Diabetic Retinopathy', 'Neovascularization elsewhere');
INSERT INTO public.disease_clinical_signs VALUES ('Diabetic Retinopathy', 'Preretinal hemorrhage');
INSERT INTO public.disease_clinical_signs VALUES ('Diabetic Retinopathy', 'Vitreous hemorrhage');
INSERT INTO public.disease_clinical_signs VALUES ('Diabetic Retinopathy', 'Tractional retinal detachment');
INSERT INTO public.disease_clinical_signs VALUES ('Diabetic Retinopathy', 'Laser spots');
INSERT INTO public.disease_clinical_signs VALUES ('Glaucoma', 'Increased cup to disc ratio (in correspondence to disc size)');
INSERT INTO public.disease_clinical_signs VALUES ('Glaucoma', 'Violation of the ISNT rule');
INSERT INTO public.disease_clinical_signs VALUES ('Glaucoma', 'Notching of the rim (localized rim thinning)');
INSERT INTO public.disease_clinical_signs VALUES ('Glaucoma', 'Remaining rim of normal color');
INSERT INTO public.disease_clinical_signs VALUES ('Glaucoma', 'Asymmetry of cupping (> 0.2) in the absence of asymmetry of disc sizes');
INSERT INTO public.disease_clinical_signs VALUES ('Glaucoma', 'Nasal shift of the central retinal vessels');
INSERT INTO public.disease_clinical_signs VALUES ('Glaucoma', 'Baring of circumlinear vessels');
INSERT INTO public.disease_clinical_signs VALUES ('Glaucoma', 'Bayoneting vessels at the disc edge');
INSERT INTO public.disease_clinical_signs VALUES ('Glaucoma', 'Splinter or flame-shaped optic disc hemorrhage');
INSERT INTO public.disease_clinical_signs VALUES ('Glaucoma', 'Peripapillary atrophy (beta-zone)');
INSERT INTO public.disease_clinical_signs VALUES ('Hypertensive Retinopathy', 'Arteriovenous crossing signs');
INSERT INTO public.disease_clinical_signs VALUES ('Hypertensive Retinopathy', 'Copper wire arterioles');
INSERT INTO public.disease_clinical_signs VALUES ('Hypertensive Retinopathy', 'Flame-shaped hemorrhages');
INSERT INTO public.disease_clinical_signs VALUES ('Hypertensive Retinopathy', 'Constricted and tortuous arterioles');
INSERT INTO public.disease_clinical_signs VALUES ('Hypertensive Retinopathy', 'Hard exudates');
INSERT INTO public.disease_clinical_signs VALUES ('Hypertensive Retinopathy', 'Macular star formation');
INSERT INTO public.disease_clinical_signs VALUES ('Hypertensive Retinopathy', 'Retinal edema');
INSERT INTO public.disease_clinical_signs VALUES ('Hypertensive Retinopathy', 'Elschnig’s spots');
INSERT INTO public.disease_clinical_signs VALUES ('Hypertensive Retinopathy', 'Widening of the arteriole reflex');
INSERT INTO public.disease_clinical_signs VALUES ('Hypertensive Retinopathy', 'Silver wire arterioles');
INSERT INTO public.disease_clinical_signs VALUES ('Hypertensive Retinopathy', 'Dot-blot hemorrhages');
INSERT INTO public.disease_clinical_signs VALUES ('Hypertensive Retinopathy', 'Cotton-wool spots');
INSERT INTO public.disease_clinical_signs VALUES ('Hypertensive Retinopathy', 'Optic disc edema');
INSERT INTO public.disease_clinical_signs VALUES ('Hypertensive Retinopathy', 'Siegrist streaks');
INSERT INTO public.disease_clinical_signs VALUES ('Hypertensive Retinopathy', 'Focal pigment epithelial detachment');
INSERT INTO public.disease_clinical_signs VALUES ('Hypertensive Retinopathy', 'Exudative retinal detachment');
INSERT INTO public.disease_clinical_signs VALUES ('Pathological Myopia', 'Pale tessellated retina');
INSERT INTO public.disease_clinical_signs VALUES ('Pathological Myopia', 'Focal chorioretinal atrophy');
INSERT INTO public.disease_clinical_signs VALUES ('Pathological Myopia', 'Optic nerve head changes: oval, tilted disc');
INSERT INTO public.disease_clinical_signs VALUES ('Pathological Myopia', 'Peripapillary atrophy');
INSERT INTO public.disease_clinical_signs VALUES ('Pathological Myopia', 'Acquired optic disc pit');
INSERT INTO public.disease_clinical_signs VALUES ('Pathological Myopia', 'Peripapillary intrachoroidal cavitation');
INSERT INTO public.disease_clinical_signs VALUES ('Pathological Myopia', 'Subretinal ‘coin’ hemorrhages');
INSERT INTO public.disease_clinical_signs VALUES ('Pathological Myopia', 'Fuchs spot');
INSERT INTO public.disease_clinical_signs VALUES ('Pathological Myopia', 'Lattice degeneration');
INSERT INTO public.disease_clinical_signs VALUES ('Pathological Myopia', 'Lacquer cracks');
INSERT INTO public.disease_clinical_signs VALUES ('Pathological Myopia', 'Staphyloma');
INSERT INTO public.disease_clinical_signs VALUES ('Pathological Myopia', 'Macular retinoschisis (foveoschisis)');
INSERT INTO public.disease_clinical_signs VALUES ('Pathological Myopia', 'Macular hole');
INSERT INTO public.disease_clinical_signs VALUES ('Pathological Myopia', 'Rhegmatogenous retinal detachment');
INSERT INTO public.disease_clinical_signs VALUES ('Pathological Myopia', 'Myopic choroidal neovascularization');
INSERT INTO public.disease_clinical_signs VALUES ('Tessellated fundus', 'Visibility of large choroidal vessels at the posterior fundus pole outside of the peripapillary region');
INSERT INTO public.disease_clinical_signs VALUES ('Vitreous degeneration (PVD + Vitreous liquefaction) & Asteroid hyalosis & Synchysis scintillans', 'Vitreous liquefaction and syneresis');
INSERT INTO public.disease_clinical_signs VALUES ('Vitreous degeneration (PVD + Vitreous liquefaction) & Asteroid hyalosis & Synchysis scintillans', 'Weiss ring');
INSERT INTO public.disease_clinical_signs VALUES ('Vitreous degeneration (PVD + Vitreous liquefaction) & Asteroid hyalosis & Synchysis scintillans', 'Pigment in vitreous');
INSERT INTO public.disease_clinical_signs VALUES ('Vitreous degeneration (PVD + Vitreous liquefaction) & Asteroid hyalosis & Synchysis scintillans', 'Vitreous hemorrhage');
INSERT INTO public.disease_clinical_signs VALUES ('Vitreous degeneration (PVD + Vitreous liquefaction) & Asteroid hyalosis & Synchysis scintillans', 'Small yellowish-white spherical opacities in the vitreous (stars in the night sky)');
INSERT INTO public.disease_clinical_signs VALUES ('Vitreous degeneration (PVD + Vitreous liquefaction) & Asteroid hyalosis & Synchysis scintillans', 'Highly refractile, multi-coloured opacities, flat, angular or disc-shaped');
INSERT INTO public.disease_clinical_signs VALUES ('Branch retinal vein occlusion', 'Retinal hemorrhages');
INSERT INTO public.disease_clinical_signs VALUES ('Branch retinal vein occlusion', 'Cotton-wool spots');
INSERT INTO public.disease_clinical_signs VALUES ('Branch retinal vein occlusion', 'Salus sign');
INSERT INTO public.disease_clinical_signs VALUES ('Branch retinal vein occlusion', 'Macular ischemia');
INSERT INTO public.disease_clinical_signs VALUES ('Branch retinal vein occlusion', 'Microaneurysms');
INSERT INTO public.disease_clinical_signs VALUES ('Branch retinal vein occlusion', 'Telangiectatic vessels');
INSERT INTO public.disease_clinical_signs VALUES ('Branch retinal vein occlusion', 'Narrowing/sheathing of the adjacent artery');
INSERT INTO public.disease_clinical_signs VALUES ('Branch retinal vein occlusion', 'IRMA');
INSERT INTO public.disease_clinical_signs VALUES ('Branch retinal vein occlusion', 'Vitreous hemorrhage');
INSERT INTO public.disease_clinical_signs VALUES ('Branch retinal vein occlusion', 'Tractional retinal detachment');
INSERT INTO public.disease_clinical_signs VALUES ('Branch retinal vein occlusion', 'Sectorial venous dilatation and tortuosity');
INSERT INTO public.disease_clinical_signs VALUES ('Branch retinal vein occlusion', 'Optic disc edema');
INSERT INTO public.disease_clinical_signs VALUES ('Branch retinal vein occlusion', 'Macular edema');
INSERT INTO public.disease_clinical_signs VALUES ('Branch retinal vein occlusion', 'Hard exudates');
INSERT INTO public.disease_clinical_signs VALUES ('Branch retinal vein occlusion', 'Sclerosed veins');
INSERT INTO public.disease_clinical_signs VALUES ('Branch retinal vein occlusion', 'Collateral vascular shunt at the optic disc');
INSERT INTO public.disease_clinical_signs VALUES ('Branch retinal vein occlusion', 'Neovascularization of the disc');
INSERT INTO public.disease_clinical_signs VALUES ('Branch retinal vein occlusion', 'Neovascularization elsewhere');
INSERT INTO public.disease_clinical_signs VALUES ('Branch retinal vein occlusion', 'Preretinal hemorrhage');
INSERT INTO public.disease_clinical_signs VALUES ('Branch retinal vein occlusion', 'Iris neovascularization');
INSERT INTO public.disease_clinical_signs VALUES ('Branch retinal vein occlusion', 'Ischemic BRVO');
INSERT INTO public.disease_clinical_signs VALUES ('Branch retinal vein occlusion', 'Non-ischemic BRVO');
INSERT INTO public.disease_clinical_signs VALUES ('Physiologic large optic cup', 'Increased cup to disc ratio (in correspondence to disc size)');
INSERT INTO public.disease_clinical_signs VALUES ('Physiologic large optic cup', 'Notching of the rim (localized rim thinning)');
INSERT INTO public.disease_clinical_signs VALUES ('Physiologic large optic cup', 'ISNT rule intact');
INSERT INTO public.disease_clinical_signs VALUES ('Physiologic large optic cup', 'Remaining rim of normal color');
INSERT INTO public.disease_clinical_signs VALUES ('Physiologic large optic cup', 'Asymmetry of cupping (> 0.2) in the absence of asymmetry of disc sizes');
INSERT INTO public.disease_clinical_signs VALUES ('Physiologic large optic cup', 'Nasal shift of the central retinal vessels');
INSERT INTO public.disease_clinical_signs VALUES ('Physiologic large optic cup', 'Baring of circumlinear vessels');
INSERT INTO public.disease_clinical_signs VALUES ('Physiologic large optic cup', 'Bayoneting vessels at the disc edge');
INSERT INTO public.disease_clinical_signs VALUES ('Physiologic large optic cup', 'Splinter or flame-shaped optic disc hemorrhage');
INSERT INTO public.disease_clinical_signs VALUES ('Physiologic large optic cup', 'Peripapillary atrophy');
INSERT INTO public.disease_clinical_signs VALUES ('Drusen', 'Hard drusen: small (< 63 μm), well-defined, yellow excrescences');
INSERT INTO public.disease_clinical_signs VALUES ('Drusen', 'Intermediate drusen: moderately well-defined yellow–white retinal spots');
INSERT INTO public.disease_clinical_signs VALUES ('Drusen', 'Soft drusen: large (> 125 μm), poorly delineated, pale yellow or grayish-white retinal lesions');
INSERT INTO public.disease_clinical_signs VALUES ('Drusen', 'Dystrophic calcification at the drusen level');
INSERT INTO public.disease_clinical_signs VALUES ('Drusen', 'Possible pigmentary changes');
INSERT INTO public.disease_clinical_signs VALUES ('Epiretinal membrane', 'Wrinkling or distortion of the retinal tissue');
INSERT INTO public.disease_clinical_signs VALUES ('Epiretinal membrane', 'Macular thickening (macular edema)');
INSERT INTO public.disease_clinical_signs VALUES ('Epiretinal membrane', 'Cellophane maculopathy');
INSERT INTO public.disease_clinical_signs VALUES ('Epiretinal membrane', 'Macular pseudohole');
INSERT INTO public.disease_clinical_signs VALUES ('Epiretinal membrane', 'Fine retinal translucent folds or creases');
INSERT INTO public.disease_clinical_signs VALUES ('Epiretinal membrane', 'Distorted blood vessels');
INSERT INTO public.disease_clinical_signs VALUES ('Epiretinal membrane', 'Macular reflex changes');
INSERT INTO public.disease_clinical_signs VALUES ('Optic disc edema', 'Vessels at optic nerve obscured');
INSERT INTO public.disease_clinical_signs VALUES ('Optic disc edema', 'Optic nerve elevated');
INSERT INTO public.disease_clinical_signs VALUES ('Optic disc edema', 'Macular star');
INSERT INTO public.disease_clinical_signs VALUES ('Optic disc edema', 'Peripapillary cotton-wool spots');
INSERT INTO public.disease_clinical_signs VALUES ('Optic disc edema', 'Venous dilation and tortuosity');
INSERT INTO public.disease_clinical_signs VALUES ('Optic disc edema', 'White chalky appearance of edema');
INSERT INTO public.disease_clinical_signs VALUES ('Optic disc edema', 'Peripapillary hemorrhages');
INSERT INTO public.disease_clinical_signs VALUES ('Optic disc edema', 'Peripapillary exudates');
INSERT INTO public.disease_clinical_signs VALUES ('Myelinated Retinal Nerve Fiber Layer (MRNF)', 'Fan-shaped peripapillary white striated patches');
INSERT INTO public.disease_clinical_signs VALUES ('Myelinated Retinal Nerve Fiber Layer (MRNF)', 'Feathered borders');
INSERT INTO public.disease_clinical_signs VALUES ('Myelinated Retinal Nerve Fiber Layer (MRNF)', 'In the distribution of the RNFL');
INSERT INTO public.disease_clinical_signs VALUES ('Myelinated Retinal Nerve Fiber Layer (MRNF)', 'Approximately one disc diameter in size or larger');
INSERT INTO public.disease_clinical_signs VALUES ('Myelinated Retinal Nerve Fiber Layer (MRNF)', 'Contiguous with the optic disc');
INSERT INTO public.disease_clinical_signs VALUES ('Myelinated Retinal Nerve Fiber Layer (MRNF)', 'Obscuration of retinal vessels');
INSERT INTO public.disease_clinical_signs VALUES ('Rhegmatogenous retinal detachment', 'Shaffer’s sign (pigment in the anterior vitreous)');
INSERT INTO public.disease_clinical_signs VALUES ('Rhegmatogenous retinal detachment', 'Vitreous hemorrhage ');
INSERT INTO public.disease_clinical_signs VALUES ('Rhegmatogenous retinal detachment', 'Lattice degeneration');
INSERT INTO public.disease_clinical_signs VALUES ('Rhegmatogenous retinal detachment', 'Other peripheral retinal degenerations');
INSERT INTO public.disease_clinical_signs VALUES ('Rhegmatogenous retinal detachment', 'Detached corrugated retina which undulates with eye movements');
INSERT INTO public.disease_clinical_signs VALUES ('Rhegmatogenous retinal detachment', 'Horseshoe retinal tear');
INSERT INTO public.disease_clinical_signs VALUES ('Rhegmatogenous retinal detachment', 'Operculated retinal tear');
INSERT INTO public.disease_clinical_signs VALUES ('Rhegmatogenous retinal detachment', 'Posterior vitreous detachment');
INSERT INTO public.disease_clinical_signs VALUES ('Rhegmatogenous retinal detachment', 'PVR');
INSERT INTO public.disease_clinical_signs VALUES ('Central serous chorioretinopathy', 'Round/oval serous macular detachment');
INSERT INTO public.disease_clinical_signs VALUES ('Central serous chorioretinopathy', 'Gray-white serofibrinous exudate');
INSERT INTO public.disease_clinical_signs VALUES ('Central serous chorioretinopathy', 'Small, yellow sub-retinal deposits');
INSERT INTO public.disease_clinical_signs VALUES ('Central serous chorioretinopathy', 'Macular RPE mottling');
INSERT INTO public.disease_clinical_signs VALUES ('Central retinal vein occlusion', 'Retinal hemorrhages');
INSERT INTO public.disease_clinical_signs VALUES ('Central retinal vein occlusion', 'Cotton-wool spots');
INSERT INTO public.disease_clinical_signs VALUES ('Central retinal vein occlusion', 'Salus sign');
INSERT INTO public.disease_clinical_signs VALUES ('Central retinal vein occlusion', 'Macular ischemia');
INSERT INTO public.disease_clinical_signs VALUES ('Central retinal vein occlusion', 'Microaneurysms');
INSERT INTO public.disease_clinical_signs VALUES ('Central retinal vein occlusion', 'Telangiectatic vessels');
INSERT INTO public.disease_clinical_signs VALUES ('Central retinal vein occlusion', 'IRMA');
INSERT INTO public.disease_clinical_signs VALUES ('Central retinal vein occlusion', 'Neovascularization elsewhere');
INSERT INTO public.disease_clinical_signs VALUES ('Central retinal vein occlusion', 'Vitreous hemorrhage');
INSERT INTO public.disease_clinical_signs VALUES ('Central retinal vein occlusion', 'Iris neovascularization');
INSERT INTO public.disease_clinical_signs VALUES ('Central retinal vein occlusion', 'Panretinal venous dilatation and tortuosity');
INSERT INTO public.disease_clinical_signs VALUES ('Central retinal vein occlusion', 'Optic disc edema');
INSERT INTO public.disease_clinical_signs VALUES ('Central retinal vein occlusion', 'Macular edema');
INSERT INTO public.disease_clinical_signs VALUES ('Central retinal vein occlusion', 'Hard exudates');
INSERT INTO public.disease_clinical_signs VALUES ('Central retinal vein occlusion', 'Sclerosed veins');
INSERT INTO public.disease_clinical_signs VALUES ('Central retinal vein occlusion', 'Collateral vascular shunt at the optic disc');
INSERT INTO public.disease_clinical_signs VALUES ('Central retinal vein occlusion', 'Retinal vessel wall sheating');
INSERT INTO public.disease_clinical_signs VALUES ('Central retinal vein occlusion', 'Neovascularization of the disc');
INSERT INTO public.disease_clinical_signs VALUES ('Central retinal vein occlusion', 'Preretinal hemorrhage');
INSERT INTO public.disease_clinical_signs VALUES ('Central retinal vein occlusion', 'Tractional retinal detachment');
INSERT INTO public.disease_clinical_signs VALUES ('Central retinal vein occlusion', 'Ischemic central retinal vein occlusion');
INSERT INTO public.disease_clinical_signs VALUES ('Central retinal vein occlusion', 'Non-ischemic central retinal vein occlusion');


--
-- TOC entry 4403 (class 0 OID 28113)
-- Dependencies: 217
-- Data for Name: disease_differential_diagnosis; Type: TABLE DATA; Schema: public; Owner: postgres
--

INSERT INTO public.disease_differential_diagnosis VALUES ('Age-Related Macular Degeneration (AMD)', 'Non-exudative AMD');
INSERT INTO public.disease_differential_diagnosis VALUES ('Age-Related Macular Degeneration (AMD)', 'Exudative AMD (CNV)');
INSERT INTO public.disease_differential_diagnosis VALUES ('Diabetic Retinopathy', 'Macular edema');
INSERT INTO public.disease_differential_diagnosis VALUES ('Diabetic Retinopathy', 'Retinopathy');
INSERT INTO public.disease_differential_diagnosis VALUES ('Glaucoma', 'Glaucoma');
INSERT INTO public.disease_differential_diagnosis VALUES ('Hypertensive Retinopathy', 'Optic disc edema');
INSERT INTO public.disease_differential_diagnosis VALUES ('Hypertensive Retinopathy', 'Retinopathy');
INSERT INTO public.disease_differential_diagnosis VALUES ('Pathological Myopia', 'Retinopathy');
INSERT INTO public.disease_differential_diagnosis VALUES ('Pathological Myopia', 'Choroidal neovascularization');
INSERT INTO public.disease_differential_diagnosis VALUES ('Tessellated fundus', 'Tessellated fundus');
INSERT INTO public.disease_differential_diagnosis VALUES ('Vitreous degeneration (PVD + Vitreous liquefaction) & Asteroid hyalosis & Synchysis scintillans', 'Vitreous degeneration (PVD + Vitreous liquefaction) & Asteroid hyalosis & Synchysis scintillans');
INSERT INTO public.disease_differential_diagnosis VALUES ('Branch retinal vein occlusion', 'Branch retinal vein occlusion');
INSERT INTO public.disease_differential_diagnosis VALUES ('Physiologic large optic cup', 'Physiologic large optic cup');
INSERT INTO public.disease_differential_diagnosis VALUES ('Drusen', 'Drusen');
INSERT INTO public.disease_differential_diagnosis VALUES ('Epiretinal membrane', 'Epiretinal membrane');
INSERT INTO public.disease_differential_diagnosis VALUES ('Optic disc edema', 'Optic disc edema');
INSERT INTO public.disease_differential_diagnosis VALUES ('Myelinated Retinal Nerve Fiber Layer (MRNF)', 'Myelinated Retinal Nerve Fiber Layer (MRNF)');
INSERT INTO public.disease_differential_diagnosis VALUES ('Rhegmatogenous retinal detachment', 'Rhegmatogenous retinal detachment');
INSERT INTO public.disease_differential_diagnosis VALUES ('Central serous chorioretinopathy', 'Central serous chorioretinopathy');
INSERT INTO public.disease_differential_diagnosis VALUES ('Central retinal vein occlusion', 'Central retinal vein occlusion');


--
-- TOC entry 4412 (class 0 OID 28162)
-- Dependencies: 226
-- Data for Name: therapeutic_plan; Type: TABLE DATA; Schema: public; Owner: postgres
--

INSERT INTO public.therapeutic_plan VALUES ('Non-exudative AMD');
INSERT INTO public.therapeutic_plan VALUES ('Exudative AMD');
INSERT INTO public.therapeutic_plan VALUES ('Macular edema');
INSERT INTO public.therapeutic_plan VALUES ('Retinopathy');
INSERT INTO public.therapeutic_plan VALUES ('Chronic open-angle glaucoma');
INSERT INTO public.therapeutic_plan VALUES ('Acute angle closure glaucoma');
INSERT INTO public.therapeutic_plan VALUES (' - Systemic management');
INSERT INTO public.therapeutic_plan VALUES ('Myopia progression');
INSERT INTO public.therapeutic_plan VALUES ('Choroidal neovascularization');
INSERT INTO public.therapeutic_plan VALUES ('Myopic traction maculopathy');
INSERT INTO public.therapeutic_plan VALUES ('Tessellated fundus');
INSERT INTO public.therapeutic_plan VALUES ('Vitreous degeneration (PVD + Vitreous liquefaction) & Asteroid hyalosis & Synchysis scintillans');
INSERT INTO public.therapeutic_plan VALUES ('Complications');
INSERT INTO public.therapeutic_plan VALUES ('Physiologic large optic cup');
INSERT INTO public.therapeutic_plan VALUES ('Drusen');
INSERT INTO public.therapeutic_plan VALUES ('Epiretinal membrane');
INSERT INTO public.therapeutic_plan VALUES ('Optic disc edema');
INSERT INTO public.therapeutic_plan VALUES ('Myelinated Retinal Nerve Fiber Layer (MRNF)');
INSERT INTO public.therapeutic_plan VALUES ('Rhegmatogenous retinal detachment');
INSERT INTO public.therapeutic_plan VALUES ('Central serous chorioretinopathy');


--
-- TOC entry 4404 (class 0 OID 28118)
-- Dependencies: 218
-- Data for Name: disease_therapeutic_plans; Type: TABLE DATA; Schema: public; Owner: postgres
--

INSERT INTO public.disease_therapeutic_plans VALUES ('Age-Related Macular Degeneration (AMD)', 'Non-exudative AMD');
INSERT INTO public.disease_therapeutic_plans VALUES ('Age-Related Macular Degeneration (AMD)', 'Exudative AMD');
INSERT INTO public.disease_therapeutic_plans VALUES ('Diabetic Retinopathy', 'Macular edema');
INSERT INTO public.disease_therapeutic_plans VALUES ('Diabetic Retinopathy', 'Retinopathy');
INSERT INTO public.disease_therapeutic_plans VALUES ('Glaucoma', 'Chronic open-angle glaucoma');
INSERT INTO public.disease_therapeutic_plans VALUES ('Glaucoma', 'Acute angle closure glaucoma');
INSERT INTO public.disease_therapeutic_plans VALUES ('Hypertensive Retinopathy', ' - Systemic management');
INSERT INTO public.disease_therapeutic_plans VALUES ('Hypertensive Retinopathy', 'Macular edema');
INSERT INTO public.disease_therapeutic_plans VALUES ('Hypertensive Retinopathy', 'Retinopathy');
INSERT INTO public.disease_therapeutic_plans VALUES ('Pathological Myopia', 'Myopia progression');
INSERT INTO public.disease_therapeutic_plans VALUES ('Pathological Myopia', 'Choroidal neovascularization');
INSERT INTO public.disease_therapeutic_plans VALUES ('Pathological Myopia', 'Myopic traction maculopathy');
INSERT INTO public.disease_therapeutic_plans VALUES ('Tessellated fundus', 'Tessellated fundus');
INSERT INTO public.disease_therapeutic_plans VALUES ('Vitreous degeneration (PVD + Vitreous liquefaction) & Asteroid hyalosis & Synchysis scintillans', 'Vitreous degeneration (PVD + Vitreous liquefaction) & Asteroid hyalosis & Synchysis scintillans');
INSERT INTO public.disease_therapeutic_plans VALUES ('Branch retinal vein occlusion', ' - Systemic management');
INSERT INTO public.disease_therapeutic_plans VALUES ('Branch retinal vein occlusion', 'Macular edema');
INSERT INTO public.disease_therapeutic_plans VALUES ('Branch retinal vein occlusion', 'Complications');
INSERT INTO public.disease_therapeutic_plans VALUES ('Physiologic large optic cup', 'Physiologic large optic cup');
INSERT INTO public.disease_therapeutic_plans VALUES ('Drusen', 'Drusen');
INSERT INTO public.disease_therapeutic_plans VALUES ('Epiretinal membrane', 'Epiretinal membrane');
INSERT INTO public.disease_therapeutic_plans VALUES ('Optic disc edema', 'Optic disc edema');
INSERT INTO public.disease_therapeutic_plans VALUES ('Myelinated Retinal Nerve Fiber Layer (MRNF)', 'Myelinated Retinal Nerve Fiber Layer (MRNF)');
INSERT INTO public.disease_therapeutic_plans VALUES ('Rhegmatogenous retinal detachment', 'Rhegmatogenous retinal detachment');
INSERT INTO public.disease_therapeutic_plans VALUES ('Central serous chorioretinopathy', 'Central serous chorioretinopathy');
INSERT INTO public.disease_therapeutic_plans VALUES ('Central retinal vein occlusion', ' - Systemic management');
INSERT INTO public.disease_therapeutic_plans VALUES ('Central retinal vein occlusion', 'Macular edema');
INSERT INTO public.disease_therapeutic_plans VALUES ('Central retinal vein occlusion', 'Complications');


--
-- TOC entry 4406 (class 0 OID 28128)
-- Dependencies: 220
-- Data for Name: expert; Type: TABLE DATA; Schema: public; Owner: postgres
--



--
-- TOC entry 4408 (class 0 OID 28140)
-- Dependencies: 222
-- Data for Name: method; Type: TABLE DATA; Schema: public; Owner: postgres
--

INSERT INTO public.method VALUES ('Observation');
INSERT INTO public.method VALUES ('Antioxidant and mineral supplementation');
INSERT INTO public.method VALUES ('Anti-VEGF');
INSERT INTO public.method VALUES ('Intravitreal anti-VEGF');
INSERT INTO public.method VALUES ('Intravitreal triamcinolone');
INSERT INTO public.method VALUES ('Micropulsed laser');
INSERT INTO public.method VALUES ('PPV + ILM peeling');
INSERT INTO public.method VALUES ('Observation every year');
INSERT INTO public.method VALUES ('Observation every 6 months');
INSERT INTO public.method VALUES ('Panfundus laser photocoagulation');
INSERT INTO public.method VALUES ('Vitrectomy');
INSERT INTO public.method VALUES ('Pressure-lowering medication');
INSERT INTO public.method VALUES ('Laser trabeculoplasty');
INSERT INTO public.method VALUES ('Surgery: trabeculectomy, aqueous tube shunts');
INSERT INTO public.method VALUES ('Cyclodestructive procedures');
INSERT INTO public.method VALUES ('Minimally invasive glaucoma surgery (MIGS)');
INSERT INTO public.method VALUES ('Topic + Systemic pressure-lowering medication');
INSERT INTO public.method VALUES ('Topical Pilocarpine 2% (only after pressure reduction)');
INSERT INTO public.method VALUES ('Surgery: peripheral iridectomy, lens extraction, trabeculectomy');
INSERT INTO public.method VALUES ('Peripheral iridotomy in the contralateral eye');
INSERT INTO public.method VALUES ('Laser treatment: iridectomy/iridoplasty');
INSERT INTO public.method VALUES ('Controlled reduction of BP + regular monitoring');
INSERT INTO public.method VALUES ('Correction lenses');
INSERT INTO public.method VALUES ('Peripheral defocus spectacle/contact lenses');
INSERT INTO public.method VALUES ('Orthokeratology');
INSERT INTO public.method VALUES ('Atropine drops');
INSERT INTO public.method VALUES ('Photodynamic therapy (PDT)');
INSERT INTO public.method VALUES ('Treat associated conditions');
INSERT INTO public.method VALUES ('Dilated fundus exam+follow up dilated fundus exam');
INSERT INTO public.method VALUES ('Retina photocoagulation (in case of retinal tears)');
INSERT INTO public.method VALUES ('Pars plana vitrectomy (in case of decreased vision)');
INSERT INTO public.method VALUES ('Pars plana vitrectomy (in case of persistent vitreous hemorrhage, retinal detachment, vitreomacular traction syndrome or long term complications i.e. vitreomacular traction, lamellar macular holes, full thickness macular holes, epiretinal membranes)');
INSERT INTO public.method VALUES ('Observation and regular monitoring');
INSERT INTO public.method VALUES ('Laboratory workup');
INSERT INTO public.method VALUES ('Control of systemic risk factors');
INSERT INTO public.method VALUES ('Cardio-vascular assessment');
INSERT INTO public.method VALUES ('Intravitreal steroid treatment');
INSERT INTO public.method VALUES ('Laser photocoagulation of non-perfused area');
INSERT INTO public.method VALUES ('Pars plana vitrectomy');
INSERT INTO public.method VALUES ('Intravitreal anti-VEGF agents');
INSERT INTO public.method VALUES ('Observation (CFP + VF + pachymetry + OCT (RNFL + GCL)');
INSERT INTO public.method VALUES ('Pars plana vitrectomy + membrane peeling');
INSERT INTO public.method VALUES ('Complete ophthalmological evaluation (VA, color vision, pupils, intraocular pressure, extraocular movements, dilated fundoscopy, visual field)');
INSERT INTO public.method VALUES ('OCT (RNFL + ONH)');
INSERT INTO public.method VALUES ('Fluorescein Angiography');
INSERT INTO public.method VALUES ('Head and neck MRV');
INSERT INTO public.method VALUES ('MRI with contrast');
INSERT INTO public.method VALUES ('Ocular ultrasound');
INSERT INTO public.method VALUES ('Lumbar puncture with opening pressure');
INSERT INTO public.method VALUES ('Serial eye examinations – assess for and treat associated conditions (myopia, anisometropia, amblyopia, strabismus)');
INSERT INTO public.method VALUES ('Document MRNF with imaging as certain conditions can be associated with the loss of myelination (insults to the optic nerve – pituitary adenoma, optic neuritis, acute optic neuropathy, primary open angle glaucoma; inflammatory diseases; retinal conditions – branch retinal artery occlusion, central retinal artery occlusion, diabetic retinopathy, pars plana vitrectomy for epiretinal membrane)');
INSERT INTO public.method VALUES ('Pars plana vitrectomy + cryopexy/photocoagulation + silicone oil tamponade');
INSERT INTO public.method VALUES ('Pneumatic retinopexy + cryopexy/photocoagulation');
INSERT INTO public.method VALUES ('Scleral buckling + cryopexy');
INSERT INTO public.method VALUES ('Observation 3-6 months');
INSERT INTO public.method VALUES ('Subthreshold micropulse laser/laser photocoagulation of RPE leakage site');
INSERT INTO public.method VALUES ('Stress reduction + controlling predisposing factors');
INSERT INTO public.method VALUES ('Systemic carbonic anhydrase inhibitors');
INSERT INTO public.method VALUES ('Photodynamic  therapy');
INSERT INTO public.method VALUES ('Steroid treatment discontinuation');
INSERT INTO public.method VALUES ('Anti-VEGF (if coexisting CNV present)');
INSERT INTO public.method VALUES ('Panretinal laser photocoagulation');


--
-- TOC entry 4411 (class 0 OID 28155)
-- Dependencies: 225
-- Data for Name: temp_medical_case; Type: TABLE DATA; Schema: public; Owner: postgres
--



--
-- TOC entry 4414 (class 0 OID 28174)
-- Dependencies: 228
-- Data for Name: therapeutic_plan_method; Type: TABLE DATA; Schema: public; Owner: postgres
--

INSERT INTO public.therapeutic_plan_method VALUES ('Observation', 'Non-exudative AMD');
INSERT INTO public.therapeutic_plan_method VALUES ('Antioxidant and mineral supplementation', 'Non-exudative AMD');
INSERT INTO public.therapeutic_plan_method VALUES ('Observation', 'Exudative AMD');
INSERT INTO public.therapeutic_plan_method VALUES ('Anti-VEGF', 'Exudative AMD');
INSERT INTO public.therapeutic_plan_method VALUES ('Observation', 'Macular edema');
INSERT INTO public.therapeutic_plan_method VALUES ('Intravitreal anti-VEGF', 'Macular edema');
INSERT INTO public.therapeutic_plan_method VALUES ('Intravitreal triamcinolone', 'Macular edema');
INSERT INTO public.therapeutic_plan_method VALUES ('Micropulsed laser', 'Macular edema');
INSERT INTO public.therapeutic_plan_method VALUES ('PPV + ILM peeling', 'Macular edema');
INSERT INTO public.therapeutic_plan_method VALUES ('Observation every year', 'Retinopathy');
INSERT INTO public.therapeutic_plan_method VALUES ('Observation every 6 months', 'Retinopathy');
INSERT INTO public.therapeutic_plan_method VALUES ('Intravitreal anti-VEGF', 'Retinopathy');
INSERT INTO public.therapeutic_plan_method VALUES ('Panfundus laser photocoagulation', 'Retinopathy');
INSERT INTO public.therapeutic_plan_method VALUES ('Vitrectomy', 'Retinopathy');
INSERT INTO public.therapeutic_plan_method VALUES ('Pressure-lowering medication', 'Chronic open-angle glaucoma');
INSERT INTO public.therapeutic_plan_method VALUES ('Laser trabeculoplasty', 'Chronic open-angle glaucoma');
INSERT INTO public.therapeutic_plan_method VALUES ('Surgery: trabeculectomy, aqueous tube shunts', 'Chronic open-angle glaucoma');
INSERT INTO public.therapeutic_plan_method VALUES ('Cyclodestructive procedures', 'Chronic open-angle glaucoma');
INSERT INTO public.therapeutic_plan_method VALUES ('Minimally invasive glaucoma surgery (MIGS)', 'Chronic open-angle glaucoma');
INSERT INTO public.therapeutic_plan_method VALUES ('Topic + Systemic pressure-lowering medication', 'Acute angle closure glaucoma');
INSERT INTO public.therapeutic_plan_method VALUES ('Topical Pilocarpine 2% (only after pressure reduction)', 'Acute angle closure glaucoma');
INSERT INTO public.therapeutic_plan_method VALUES ('Surgery: peripheral iridectomy, lens extraction, trabeculectomy', 'Acute angle closure glaucoma');
INSERT INTO public.therapeutic_plan_method VALUES ('Peripheral iridotomy in the contralateral eye', 'Acute angle closure glaucoma');
INSERT INTO public.therapeutic_plan_method VALUES ('Laser treatment: iridectomy/iridoplasty', 'Acute angle closure glaucoma');
INSERT INTO public.therapeutic_plan_method VALUES ('Controlled reduction of BP + regular monitoring', ' - Systemic management');
INSERT INTO public.therapeutic_plan_method VALUES ('Observation', 'Retinopathy');
INSERT INTO public.therapeutic_plan_method VALUES ('Correction lenses', 'Myopia progression');
INSERT INTO public.therapeutic_plan_method VALUES ('Peripheral defocus spectacle/contact lenses', 'Myopia progression');
INSERT INTO public.therapeutic_plan_method VALUES ('Orthokeratology', 'Myopia progression');
INSERT INTO public.therapeutic_plan_method VALUES ('Atropine drops', 'Myopia progression');
INSERT INTO public.therapeutic_plan_method VALUES ('Intravitreal anti-VEGF', 'Choroidal neovascularization');
INSERT INTO public.therapeutic_plan_method VALUES ('Photodynamic therapy (PDT)', 'Choroidal neovascularization');
INSERT INTO public.therapeutic_plan_method VALUES ('Vitrectomy', 'Myopic traction maculopathy');
INSERT INTO public.therapeutic_plan_method VALUES ('Observation', 'Tessellated fundus');
INSERT INTO public.therapeutic_plan_method VALUES ('Treat associated conditions', 'Tessellated fundus');
INSERT INTO public.therapeutic_plan_method VALUES ('Dilated fundus exam+follow up dilated fundus exam', 'Vitreous degeneration (PVD + Vitreous liquefaction) & Asteroid hyalosis & Synchysis scintillans');
INSERT INTO public.therapeutic_plan_method VALUES ('Retina photocoagulation (in case of retinal tears)', 'Vitreous degeneration (PVD + Vitreous liquefaction) & Asteroid hyalosis & Synchysis scintillans');
INSERT INTO public.therapeutic_plan_method VALUES ('Pars plana vitrectomy (in case of decreased vision)', 'Vitreous degeneration (PVD + Vitreous liquefaction) & Asteroid hyalosis & Synchysis scintillans');
INSERT INTO public.therapeutic_plan_method VALUES ('Pars plana vitrectomy (in case of persistent vitreous hemorrhage, retinal detachment, vitreomacular traction syndrome or long term complications i.e. vitreomacular traction, lamellar macular holes, full thickness macular holes, epiretinal membranes)', 'Vitreous degeneration (PVD + Vitreous liquefaction) & Asteroid hyalosis & Synchysis scintillans');
INSERT INTO public.therapeutic_plan_method VALUES ('Observation and regular monitoring', ' - Systemic management');
INSERT INTO public.therapeutic_plan_method VALUES ('Laboratory workup', ' - Systemic management');
INSERT INTO public.therapeutic_plan_method VALUES ('Control of systemic risk factors', ' - Systemic management');
INSERT INTO public.therapeutic_plan_method VALUES ('Cardio-vascular assessment', ' - Systemic management');
INSERT INTO public.therapeutic_plan_method VALUES ('Intravitreal steroid treatment', 'Macular edema');
INSERT INTO public.therapeutic_plan_method VALUES ('Laser photocoagulation of non-perfused area', 'Complications');
INSERT INTO public.therapeutic_plan_method VALUES ('Pars plana vitrectomy', 'Complications');
INSERT INTO public.therapeutic_plan_method VALUES ('Intravitreal anti-VEGF agents', 'Complications');
INSERT INTO public.therapeutic_plan_method VALUES ('Observation (CFP + VF + pachymetry + OCT (RNFL + GCL)', 'Physiologic large optic cup');
INSERT INTO public.therapeutic_plan_method VALUES ('Observation', 'Drusen');
INSERT INTO public.therapeutic_plan_method VALUES ('Treat associated conditions', 'Drusen');
INSERT INTO public.therapeutic_plan_method VALUES ('Observation', 'Epiretinal membrane');
INSERT INTO public.therapeutic_plan_method VALUES ('Pars plana vitrectomy + membrane peeling', 'Epiretinal membrane');
INSERT INTO public.therapeutic_plan_method VALUES ('Complete ophthalmological evaluation (VA, color vision, pupils, intraocular pressure, extraocular movements, dilated fundoscopy, visual field)', 'Optic disc edema');
INSERT INTO public.therapeutic_plan_method VALUES ('OCT (RNFL + ONH)', 'Optic disc edema');
INSERT INTO public.therapeutic_plan_method VALUES ('Fluorescein Angiography', 'Optic disc edema');
INSERT INTO public.therapeutic_plan_method VALUES ('Head and neck MRV', 'Optic disc edema');
INSERT INTO public.therapeutic_plan_method VALUES ('MRI with contrast', 'Optic disc edema');
INSERT INTO public.therapeutic_plan_method VALUES ('Ocular ultrasound', 'Optic disc edema');
INSERT INTO public.therapeutic_plan_method VALUES ('Lumbar puncture with opening pressure', 'Optic disc edema');
INSERT INTO public.therapeutic_plan_method VALUES ('Serial eye examinations – assess for and treat associated conditions (myopia, anisometropia, amblyopia, strabismus)', 'Myelinated Retinal Nerve Fiber Layer (MRNF)');
INSERT INTO public.therapeutic_plan_method VALUES ('Document MRNF with imaging as certain conditions can be associated with the loss of myelination (insults to the optic nerve – pituitary adenoma, optic neuritis, acute optic neuropathy, primary open angle glaucoma; inflammatory diseases; retinal conditions – branch retinal artery occlusion, central retinal artery occlusion, diabetic retinopathy, pars plana vitrectomy for epiretinal membrane)', 'Myelinated Retinal Nerve Fiber Layer (MRNF)');
INSERT INTO public.therapeutic_plan_method VALUES ('Pars plana vitrectomy + cryopexy/photocoagulation + silicone oil tamponade', 'Rhegmatogenous retinal detachment');
INSERT INTO public.therapeutic_plan_method VALUES ('Pneumatic retinopexy + cryopexy/photocoagulation', 'Rhegmatogenous retinal detachment');
INSERT INTO public.therapeutic_plan_method VALUES ('Scleral buckling + cryopexy', 'Rhegmatogenous retinal detachment');
INSERT INTO public.therapeutic_plan_method VALUES ('Observation 3-6 months', 'Central serous chorioretinopathy');
INSERT INTO public.therapeutic_plan_method VALUES ('Subthreshold micropulse laser/laser photocoagulation of RPE leakage site', 'Central serous chorioretinopathy');
INSERT INTO public.therapeutic_plan_method VALUES ('Stress reduction + controlling predisposing factors', 'Central serous chorioretinopathy');
INSERT INTO public.therapeutic_plan_method VALUES ('Systemic carbonic anhydrase inhibitors', 'Central serous chorioretinopathy');
INSERT INTO public.therapeutic_plan_method VALUES ('Photodynamic  therapy', 'Central serous chorioretinopathy');
INSERT INTO public.therapeutic_plan_method VALUES ('Steroid treatment discontinuation', 'Central serous chorioretinopathy');
INSERT INTO public.therapeutic_plan_method VALUES ('Anti-VEGF (if coexisting CNV present)', 'Central serous chorioretinopathy');
INSERT INTO public.therapeutic_plan_method VALUES ('Panretinal laser photocoagulation', 'Complications');


--
-- TOC entry 4413 (class 0 OID 28167)
-- Dependencies: 227
-- Data for Name: therapeutic_plan_grade; Type: TABLE DATA; Schema: public; Owner: postgres
--

INSERT INTO public.therapeutic_plan_grade VALUES ('b2c2b5e7-2b3b-4798-844a-e4787e1166d9', false, false, '9896810a-19d7-4d33-96c4-5d88c3564d7a', 'Cardio-vascular assessment', ' - Systemic management');
INSERT INTO public.therapeutic_plan_grade VALUES ('ddac72a1-ca60-4ce4-844b-4d02eae38bf8', false, false, '9896810a-19d7-4d33-96c4-5d88c3564d7a', 'Control of systemic risk factors', ' - Systemic management');
INSERT INTO public.therapeutic_plan_grade VALUES ('fee5d9fb-d611-4a40-85a8-61bbab152be8', false, false, '9896810a-19d7-4d33-96c4-5d88c3564d7a', 'Controlled reduction of BP + regular monitoring', ' - Systemic management');
INSERT INTO public.therapeutic_plan_grade VALUES ('7b9956a9-62da-43a4-8bfe-f848779b0cc2', false, false, '9896810a-19d7-4d33-96c4-5d88c3564d7a', 'Laboratory workup', ' - Systemic management');
INSERT INTO public.therapeutic_plan_grade VALUES ('2543710f-5144-4de7-b7ef-0cf8bfb581d9', false, false, '9896810a-19d7-4d33-96c4-5d88c3564d7a', 'Observation and regular monitoring', ' - Systemic management');
INSERT INTO public.therapeutic_plan_grade VALUES ('aa50e413-d236-4628-8018-5a5ca94bbea3', false, false, '9896810a-19d7-4d33-96c4-5d88c3564d7a', 'Intravitreal anti-VEGF agents', 'Complications');
INSERT INTO public.therapeutic_plan_grade VALUES ('6e194ac7-2d6f-49b7-a68d-7cff0dfcf5c9', false, false, '9896810a-19d7-4d33-96c4-5d88c3564d7a', 'Laser photocoagulation of non-perfused area', 'Complications');
INSERT INTO public.therapeutic_plan_grade VALUES ('5d878911-a127-4e0d-8a64-dc1e71a16010', false, false, '9896810a-19d7-4d33-96c4-5d88c3564d7a', 'Panretinal laser photocoagulation', 'Complications');
INSERT INTO public.therapeutic_plan_grade VALUES ('9ddb02d6-ebde-40a3-ac7d-967d73ab286c', false, false, '9896810a-19d7-4d33-96c4-5d88c3564d7a', 'Pars plana vitrectomy', 'Complications');
INSERT INTO public.therapeutic_plan_grade VALUES ('be9d1d42-2317-406d-adcb-9a5cbdaa1194', false, false, '9896810a-19d7-4d33-96c4-5d88c3564d7a', 'Intravitreal anti-VEGF', 'Macular edema');
INSERT INTO public.therapeutic_plan_grade VALUES ('f0661c55-6393-4d49-a52b-f294776db634', false, false, '9896810a-19d7-4d33-96c4-5d88c3564d7a', 'Intravitreal steroid treatment', 'Macular edema');
INSERT INTO public.therapeutic_plan_grade VALUES ('28d4598c-d553-4324-9d71-f6d07a8d59eb', false, false, '9896810a-19d7-4d33-96c4-5d88c3564d7a', 'Intravitreal triamcinolone', 'Macular edema');
INSERT INTO public.therapeutic_plan_grade VALUES ('c3bf8310-96c8-4d5d-95f8-319f6ea9b425', false, false, '9896810a-19d7-4d33-96c4-5d88c3564d7a', 'Micropulsed laser', 'Macular edema');
INSERT INTO public.therapeutic_plan_grade VALUES ('e9960d39-8e37-4029-affd-d2e2403a2964', false, false, '9896810a-19d7-4d33-96c4-5d88c3564d7a', 'Observation', 'Macular edema');
INSERT INTO public.therapeutic_plan_grade VALUES ('004bf731-49c5-4ae6-a950-2b71518b9298', false, false, '9896810a-19d7-4d33-96c4-5d88c3564d7a', 'PPV + ILM peeling', 'Macular edema');
INSERT INTO public.therapeutic_plan_grade VALUES ('1f4102a5-e588-452b-8476-3f3e89720169', false, false, 'ac345546-cd46-408a-b477-f380ec266769', 'Intravitreal anti-VEGF', 'Choroidal neovascularization');
INSERT INTO public.therapeutic_plan_grade VALUES ('b45c4309-9d2a-4072-b91b-7b964d1524b3', false, false, 'ac345546-cd46-408a-b477-f380ec266769', 'Photodynamic therapy (PDT)', 'Choroidal neovascularization');
INSERT INTO public.therapeutic_plan_grade VALUES ('7ba97933-e586-4f0f-9d65-62ae1c3ce45c', false, false, 'ac345546-cd46-408a-b477-f380ec266769', 'Atropine drops', 'Myopia progression');
INSERT INTO public.therapeutic_plan_grade VALUES ('97265e2f-9f03-467f-b4f9-a02eeb476ec4', false, false, 'ac345546-cd46-408a-b477-f380ec266769', 'Correction lenses', 'Myopia progression');
INSERT INTO public.therapeutic_plan_grade VALUES ('06f9c261-02d9-480b-afe5-6f9a8e7d7666', false, false, 'ac345546-cd46-408a-b477-f380ec266769', 'Orthokeratology', 'Myopia progression');
INSERT INTO public.therapeutic_plan_grade VALUES ('5a7a8c2d-6262-4f10-91c2-f73d884ccb35', false, false, 'ac345546-cd46-408a-b477-f380ec266769', 'Peripheral defocus spectacle/contact lenses', 'Myopia progression');
INSERT INTO public.therapeutic_plan_grade VALUES ('96ce8f65-a2db-4df3-9ed0-449b006cd8c8', false, false, 'ac345546-cd46-408a-b477-f380ec266769', 'Vitrectomy', 'Myopic traction maculopathy');
INSERT INTO public.therapeutic_plan_grade VALUES ('b2688184-2907-4f20-8a8f-9d6654798c89', false, false, 'b856ad61-05d8-4594-b459-10ac43ee8849', 'Intravitreal anti-VEGF', 'Choroidal neovascularization');
INSERT INTO public.therapeutic_plan_grade VALUES ('56e34630-621f-432a-811d-7e0d78931e4f', false, false, 'b856ad61-05d8-4594-b459-10ac43ee8849', 'Photodynamic therapy (PDT)', 'Choroidal neovascularization');
INSERT INTO public.therapeutic_plan_grade VALUES ('158e1bf8-5dc4-456e-8cd9-4f000a07dcaf', false, false, 'b856ad61-05d8-4594-b459-10ac43ee8849', 'Atropine drops', 'Myopia progression');
INSERT INTO public.therapeutic_plan_grade VALUES ('fd4d7fe6-38dc-4e5b-8907-ef81af4e2e9c', false, false, 'b856ad61-05d8-4594-b459-10ac43ee8849', 'Correction lenses', 'Myopia progression');
INSERT INTO public.therapeutic_plan_grade VALUES ('562d1408-0f9a-4fd2-af1f-a9d42d34f3bc', false, false, 'b856ad61-05d8-4594-b459-10ac43ee8849', 'Orthokeratology', 'Myopia progression');
INSERT INTO public.therapeutic_plan_grade VALUES ('b1865a2c-f174-440c-83b0-e53d2ef9529b', false, false, 'b856ad61-05d8-4594-b459-10ac43ee8849', 'Peripheral defocus spectacle/contact lenses', 'Myopia progression');
INSERT INTO public.therapeutic_plan_grade VALUES ('5d94ea59-e8e6-47da-a376-a12dce018196', false, false, 'b856ad61-05d8-4594-b459-10ac43ee8849', 'Vitrectomy', 'Myopic traction maculopathy');
INSERT INTO public.therapeutic_plan_grade VALUES ('a7fcf686-b442-42b2-98e9-bb077e69164f', false, false, '7e8467c9-957c-4538-81a8-e906353945cf', 'Observation', 'Epiretinal membrane');
INSERT INTO public.therapeutic_plan_grade VALUES ('28a53b64-b482-462f-aa56-968d04c15205', true, false, '7e8467c9-957c-4538-81a8-e906353945cf', 'Pars plana vitrectomy + membrane peeling', 'Epiretinal membrane');
INSERT INTO public.therapeutic_plan_grade VALUES ('6c2f6a97-10d1-4770-b8dc-de2ed6980d3f', true, false, 'c61d6a96-83ae-443a-854b-df206691afe1', 'Anti-VEGF', 'Exudative AMD');
INSERT INTO public.therapeutic_plan_grade VALUES ('ef916984-8745-412a-a544-e74ea955127f', false, false, 'c61d6a96-83ae-443a-854b-df206691afe1', 'Observation', 'Exudative AMD');
INSERT INTO public.therapeutic_plan_grade VALUES ('7e1775b3-f1bd-4116-a7f1-8442f91ce1e7', true, false, 'c61d6a96-83ae-443a-854b-df206691afe1', 'Antioxidant and mineral supplementation', 'Non-exudative AMD');
INSERT INTO public.therapeutic_plan_grade VALUES ('ff26a5e9-d3aa-42b1-92cc-7464d3d65209', false, false, 'c61d6a96-83ae-443a-854b-df206691afe1', 'Observation', 'Non-exudative AMD');
INSERT INTO public.therapeutic_plan_grade VALUES ('bc725bbe-6c6d-45ae-856c-df0fa1ebd1f8', false, false, 'b4e26f9d-f6d7-409f-8031-2b01cc71c6d9', 'Observation', 'Tessellated fundus');
INSERT INTO public.therapeutic_plan_grade VALUES ('07a591a3-fcbf-47dc-a855-f300682545c8', false, false, 'b4e26f9d-f6d7-409f-8031-2b01cc71c6d9', 'Treat associated conditions', 'Tessellated fundus');
INSERT INTO public.therapeutic_plan_grade VALUES ('40a56b23-0102-42c1-a676-bb6f2fb980fa', false, false, 'e9401af4-00cc-4c9b-92e2-2aa4652c9543', 'Intravitreal anti-VEGF', 'Macular edema');
INSERT INTO public.therapeutic_plan_grade VALUES ('a83b1aa7-45d0-46de-b9c7-fc1fd424edf4', false, false, 'e9401af4-00cc-4c9b-92e2-2aa4652c9543', 'Intravitreal steroid treatment', 'Macular edema');
INSERT INTO public.therapeutic_plan_grade VALUES ('5d60d41f-e975-4a0c-9dd4-c8c1cf4bc1d9', false, false, 'e9401af4-00cc-4c9b-92e2-2aa4652c9543', 'Intravitreal triamcinolone', 'Macular edema');
INSERT INTO public.therapeutic_plan_grade VALUES ('4e450369-dc91-4e1c-bf05-26cd7700f473', false, false, 'e9401af4-00cc-4c9b-92e2-2aa4652c9543', 'Micropulsed laser', 'Macular edema');
INSERT INTO public.therapeutic_plan_grade VALUES ('ddc500b9-a8c1-437d-aa92-7e90cbff5bfb', false, false, 'e9401af4-00cc-4c9b-92e2-2aa4652c9543', 'Observation', 'Macular edema');
INSERT INTO public.therapeutic_plan_grade VALUES ('eb6f0a69-17bb-4f8e-9879-83249dc0b1b9', false, false, 'e9401af4-00cc-4c9b-92e2-2aa4652c9543', 'PPV + ILM peeling', 'Macular edema');
INSERT INTO public.therapeutic_plan_grade VALUES ('b1a4df2e-c347-4faa-9d9d-30b9057e02d7', false, false, 'e9401af4-00cc-4c9b-92e2-2aa4652c9543', 'Intravitreal anti-VEGF', 'Retinopathy');
INSERT INTO public.therapeutic_plan_grade VALUES ('6043ab41-96d0-42ab-a6da-d77b48bfd6e9', false, false, 'e9401af4-00cc-4c9b-92e2-2aa4652c9543', 'Observation', 'Retinopathy');
INSERT INTO public.therapeutic_plan_grade VALUES ('dbcca0b2-dff5-45d3-9e36-1084c4091fe0', false, false, 'e9401af4-00cc-4c9b-92e2-2aa4652c9543', 'Observation every 6 months', 'Retinopathy');
INSERT INTO public.therapeutic_plan_grade VALUES ('b53f6141-943a-4bef-8547-c34dc1334cfd', false, false, 'e9401af4-00cc-4c9b-92e2-2aa4652c9543', 'Observation every year', 'Retinopathy');
INSERT INTO public.therapeutic_plan_grade VALUES ('83072a9d-2dea-4510-bb4e-a30e57b89032', false, false, 'e9401af4-00cc-4c9b-92e2-2aa4652c9543', 'Panfundus laser photocoagulation', 'Retinopathy');
INSERT INTO public.therapeutic_plan_grade VALUES ('ffa36d24-5793-4463-b89b-ac53ca6237f3', false, false, 'e9401af4-00cc-4c9b-92e2-2aa4652c9543', 'Vitrectomy', 'Retinopathy');
INSERT INTO public.therapeutic_plan_grade VALUES ('c377aa14-53eb-4ba4-9c55-3c02e4620ecf', false, false, 'b62fb1e9-9079-4370-980b-99162a6718a2', 'Laser treatment: iridectomy/iridoplasty', 'Acute angle closure glaucoma');
INSERT INTO public.therapeutic_plan_grade VALUES ('7190c2db-ca65-4eb6-b528-cb30b76b1a99', false, false, 'b62fb1e9-9079-4370-980b-99162a6718a2', 'Peripheral iridotomy in the contralateral eye', 'Acute angle closure glaucoma');
INSERT INTO public.therapeutic_plan_grade VALUES ('70656597-9814-4e9b-a934-851e27f0663c', false, false, 'b62fb1e9-9079-4370-980b-99162a6718a2', 'Surgery: peripheral iridectomy, lens extraction, trabeculectomy', 'Acute angle closure glaucoma');
INSERT INTO public.therapeutic_plan_grade VALUES ('2ab1498b-a355-4ca4-882b-7e1894f8f321', false, false, 'b62fb1e9-9079-4370-980b-99162a6718a2', 'Topic + Systemic pressure-lowering medication', 'Acute angle closure glaucoma');
INSERT INTO public.therapeutic_plan_grade VALUES ('f146699d-bd8c-4d41-bd02-56166e3f578a', false, false, 'b62fb1e9-9079-4370-980b-99162a6718a2', 'Topical Pilocarpine 2% (only after pressure reduction)', 'Acute angle closure glaucoma');
INSERT INTO public.therapeutic_plan_grade VALUES ('24f37fac-fc0a-4814-8e01-e6bcc9a95e36', false, false, 'b62fb1e9-9079-4370-980b-99162a6718a2', 'Cyclodestructive procedures', 'Chronic open-angle glaucoma');
INSERT INTO public.therapeutic_plan_grade VALUES ('25df730b-b55c-48e7-8c64-46328ebdacc0', false, false, 'b62fb1e9-9079-4370-980b-99162a6718a2', 'Laser trabeculoplasty', 'Chronic open-angle glaucoma');
INSERT INTO public.therapeutic_plan_grade VALUES ('888c3d83-084e-4ae6-b4ad-7ecd5f79007f', false, false, 'b62fb1e9-9079-4370-980b-99162a6718a2', 'Minimally invasive glaucoma surgery (MIGS)', 'Chronic open-angle glaucoma');
INSERT INTO public.therapeutic_plan_grade VALUES ('b8a5b7e0-90ca-4bd2-98ae-76646abc707c', false, false, 'b62fb1e9-9079-4370-980b-99162a6718a2', 'Pressure-lowering medication', 'Chronic open-angle glaucoma');
INSERT INTO public.therapeutic_plan_grade VALUES ('651b3108-b608-4627-b3db-ec61679a1449', false, false, 'b62fb1e9-9079-4370-980b-99162a6718a2', 'Surgery: trabeculectomy, aqueous tube shunts', 'Chronic open-angle glaucoma');
INSERT INTO public.therapeutic_plan_grade VALUES ('a46a5c21-f144-4c5f-a628-6fc5ec2f9f44', false, false, 'fe3807f4-29aa-4360-8b85-e35c4f60473a', 'Cardio-vascular assessment', ' - Systemic management');
INSERT INTO public.therapeutic_plan_grade VALUES ('e44bfd40-526e-4672-9a06-9713e911a67d', false, false, 'fe3807f4-29aa-4360-8b85-e35c4f60473a', 'Control of systemic risk factors', ' - Systemic management');
INSERT INTO public.therapeutic_plan_grade VALUES ('13f056b2-d8f2-491b-b583-e05e59aafaef', false, false, 'fe3807f4-29aa-4360-8b85-e35c4f60473a', 'Controlled reduction of BP + regular monitoring', ' - Systemic management');
INSERT INTO public.therapeutic_plan_grade VALUES ('ed32aba1-0775-4512-8e8a-060fd03afe30', false, false, 'fe3807f4-29aa-4360-8b85-e35c4f60473a', 'Laboratory workup', ' - Systemic management');
INSERT INTO public.therapeutic_plan_grade VALUES ('ae54218d-e31f-4132-897b-5d357250ae44', false, false, 'fe3807f4-29aa-4360-8b85-e35c4f60473a', 'Observation and regular monitoring', ' - Systemic management');
INSERT INTO public.therapeutic_plan_grade VALUES ('d5f626b1-c37a-42b9-953b-7ccad0b4ed94', false, false, 'fe3807f4-29aa-4360-8b85-e35c4f60473a', 'Intravitreal anti-VEGF', 'Macular edema');
INSERT INTO public.therapeutic_plan_grade VALUES ('a1a93976-e884-463b-952f-59ea735c4baf', false, false, 'fe3807f4-29aa-4360-8b85-e35c4f60473a', 'Intravitreal steroid treatment', 'Macular edema');
INSERT INTO public.therapeutic_plan_grade VALUES ('58c3294f-6ffa-4839-8437-5980fa8e7df2', false, false, 'fe3807f4-29aa-4360-8b85-e35c4f60473a', 'Intravitreal triamcinolone', 'Macular edema');
INSERT INTO public.therapeutic_plan_grade VALUES ('5cef7510-cd8e-477d-92ed-cdcadde729de', false, false, 'fe3807f4-29aa-4360-8b85-e35c4f60473a', 'Micropulsed laser', 'Macular edema');
INSERT INTO public.therapeutic_plan_grade VALUES ('a17b8a0b-c093-4970-b437-8c83789962da', false, false, 'fe3807f4-29aa-4360-8b85-e35c4f60473a', 'Observation', 'Macular edema');
INSERT INTO public.therapeutic_plan_grade VALUES ('256238ce-bcde-4093-8051-6da0a3f18566', false, false, 'fe3807f4-29aa-4360-8b85-e35c4f60473a', 'PPV + ILM peeling', 'Macular edema');
INSERT INTO public.therapeutic_plan_grade VALUES ('a95edfca-06de-480f-af45-1f39e68268c6', false, false, 'fe3807f4-29aa-4360-8b85-e35c4f60473a', 'Intravitreal anti-VEGF', 'Retinopathy');
INSERT INTO public.therapeutic_plan_grade VALUES ('6b6ddc89-a5d3-4b16-ab54-065c7a7a982c', false, false, 'fe3807f4-29aa-4360-8b85-e35c4f60473a', 'Observation', 'Retinopathy');
INSERT INTO public.therapeutic_plan_grade VALUES ('084ea9df-9206-4142-a896-b214e824c553', false, false, 'fe3807f4-29aa-4360-8b85-e35c4f60473a', 'Observation every 6 months', 'Retinopathy');
INSERT INTO public.therapeutic_plan_grade VALUES ('5254c52e-af2c-4345-a109-45e48d9a6144', false, false, 'fe3807f4-29aa-4360-8b85-e35c4f60473a', 'Observation every year', 'Retinopathy');
INSERT INTO public.therapeutic_plan_grade VALUES ('f241f81a-6f7c-4af3-9093-f526cd39d422', false, false, 'fe3807f4-29aa-4360-8b85-e35c4f60473a', 'Panfundus laser photocoagulation', 'Retinopathy');
INSERT INTO public.therapeutic_plan_grade VALUES ('632c3d26-e082-4ded-8fae-8ffdef6b54f9', false, false, 'fe3807f4-29aa-4360-8b85-e35c4f60473a', 'Vitrectomy', 'Retinopathy');
INSERT INTO public.therapeutic_plan_grade VALUES ('798a5b6b-0eda-4284-a083-b922f694ea44', false, false, '0a894542-3786-4d82-b3f6-41b0b99a33b7', 'Document MRNF with imaging as certain conditions can be associated with the loss of myelination (insults to the optic nerve – pituitary adenoma, optic neuritis, acute optic neuropathy, primary open angle glaucoma; inflammatory diseases; retinal conditions – branch retinal artery occlusion, central retinal artery occlusion, diabetic retinopathy, pars plana vitrectomy for epiretinal membrane)', 'Myelinated Retinal Nerve Fiber Layer (MRNF)');
INSERT INTO public.therapeutic_plan_grade VALUES ('969dd844-7adf-40ce-ab83-0d501772ac62', false, false, '0a894542-3786-4d82-b3f6-41b0b99a33b7', 'Serial eye examinations – assess for and treat associated conditions (myopia, anisometropia, amblyopia, strabismus)', 'Myelinated Retinal Nerve Fiber Layer (MRNF)');
INSERT INTO public.therapeutic_plan_grade VALUES ('195baf0c-5e6b-45b0-9b25-4c134de1bce7', false, false, 'ea083c16-dd50-43cf-a19e-7cfd7f7180f3', 'Pars plana vitrectomy + cryopexy/photocoagulation + silicone oil tamponade', 'Rhegmatogenous retinal detachment');
INSERT INTO public.therapeutic_plan_grade VALUES ('d52504ae-40f6-4510-8d69-c1871e030ed4', false, false, 'ea083c16-dd50-43cf-a19e-7cfd7f7180f3', 'Pneumatic retinopexy + cryopexy/photocoagulation', 'Rhegmatogenous retinal detachment');
INSERT INTO public.therapeutic_plan_grade VALUES ('e73629ad-82d6-4ba6-9e51-696f7a6cf189', false, false, 'ea083c16-dd50-43cf-a19e-7cfd7f7180f3', 'Scleral buckling + cryopexy', 'Rhegmatogenous retinal detachment');
INSERT INTO public.therapeutic_plan_grade VALUES ('813a6ffa-159c-488d-93d9-155def52e012', true, false, '013daf46-e0a2-4748-b7e9-d8f5198cb478', 'Intravitreal anti-VEGF', 'Macular edema');
INSERT INTO public.therapeutic_plan_grade VALUES ('df54ada7-9cff-4285-9f22-5acaf275689d', false, false, '013daf46-e0a2-4748-b7e9-d8f5198cb478', 'Intravitreal steroid treatment', 'Macular edema');
INSERT INTO public.therapeutic_plan_grade VALUES ('d84d33f3-7122-46fc-a056-92cf01ef08ce', false, false, '013daf46-e0a2-4748-b7e9-d8f5198cb478', 'Intravitreal triamcinolone', 'Macular edema');
INSERT INTO public.therapeutic_plan_grade VALUES ('3d754120-e826-4840-a13f-e2cd37d6fc3a', false, false, '013daf46-e0a2-4748-b7e9-d8f5198cb478', 'Micropulsed laser', 'Macular edema');
INSERT INTO public.therapeutic_plan_grade VALUES ('3072c865-071c-4e87-a1cb-ddf032594038', false, false, '013daf46-e0a2-4748-b7e9-d8f5198cb478', 'Observation', 'Macular edema');
INSERT INTO public.therapeutic_plan_grade VALUES ('60fde01d-ed9c-441c-84b2-245342dfcd5d', false, false, '013daf46-e0a2-4748-b7e9-d8f5198cb478', 'PPV + ILM peeling', 'Macular edema');
INSERT INTO public.therapeutic_plan_grade VALUES ('6c09d347-cb93-498f-95e2-4c1067f0de49', false, false, '013daf46-e0a2-4748-b7e9-d8f5198cb478', 'Intravitreal anti-VEGF', 'Retinopathy');
INSERT INTO public.therapeutic_plan_grade VALUES ('9cef3609-3679-475b-9894-856846328a38', false, false, '013daf46-e0a2-4748-b7e9-d8f5198cb478', 'Observation', 'Retinopathy');
INSERT INTO public.therapeutic_plan_grade VALUES ('b16b882e-bef8-4b49-8df2-419877029491', false, false, '013daf46-e0a2-4748-b7e9-d8f5198cb478', 'Observation every 6 months', 'Retinopathy');
INSERT INTO public.therapeutic_plan_grade VALUES ('7239e5b2-f223-42eb-85cb-86882233b48c', false, false, '013daf46-e0a2-4748-b7e9-d8f5198cb478', 'Observation every year', 'Retinopathy');
INSERT INTO public.therapeutic_plan_grade VALUES ('2ec9d2a8-6578-49e3-911b-a52f570eb409', true, false, '013daf46-e0a2-4748-b7e9-d8f5198cb478', 'Panfundus laser photocoagulation', 'Retinopathy');
INSERT INTO public.therapeutic_plan_grade VALUES ('c62548bc-1be5-4576-9011-a01ef99d90c1', false, false, '013daf46-e0a2-4748-b7e9-d8f5198cb478', 'Vitrectomy', 'Retinopathy');
INSERT INTO public.therapeutic_plan_grade VALUES ('391ab039-b1d7-4b0e-a776-e3c76bb12c74', true, false, '7ec5a58e-ca6c-4bb7-b536-8cb4de72ba45', 'Observation', 'Epiretinal membrane');
INSERT INTO public.therapeutic_plan_grade VALUES ('20e39150-00a7-446d-81de-af3ed07c1636', true, false, '7ec5a58e-ca6c-4bb7-b536-8cb4de72ba45', 'Pars plana vitrectomy + membrane peeling', 'Epiretinal membrane');
INSERT INTO public.therapeutic_plan_grade VALUES ('9016296d-8f1e-4b4f-a324-403fb6a5dbc1', false, false, '73689614-83b8-4927-83b2-7c3ada4d4395', 'Observation', 'Epiretinal membrane');
INSERT INTO public.therapeutic_plan_grade VALUES ('f76c4665-45bf-43c6-9eff-c37a0f2fe09d', true, false, '73689614-83b8-4927-83b2-7c3ada4d4395', 'Pars plana vitrectomy + membrane peeling', 'Epiretinal membrane');
INSERT INTO public.therapeutic_plan_grade VALUES ('60f54048-ea6f-415a-959a-79ffe9cb9abb', true, false, 'f70b4334-974a-4db5-b53d-eaf62a0d51c8', 'Intravitreal anti-VEGF', 'Macular edema');
INSERT INTO public.therapeutic_plan_grade VALUES ('71b19b14-198b-4bb1-8d3d-3b56d5eb2a87', true, false, 'f70b4334-974a-4db5-b53d-eaf62a0d51c8', 'Intravitreal steroid treatment', 'Macular edema');
INSERT INTO public.therapeutic_plan_grade VALUES ('1397ae50-c84f-49da-b67c-3acfc4163d17', true, false, 'f70b4334-974a-4db5-b53d-eaf62a0d51c8', 'Intravitreal triamcinolone', 'Macular edema');
INSERT INTO public.therapeutic_plan_grade VALUES ('9c6217e5-5030-46af-a8fd-ff914c5e374f', true, false, 'f70b4334-974a-4db5-b53d-eaf62a0d51c8', 'Micropulsed laser', 'Macular edema');
INSERT INTO public.therapeutic_plan_grade VALUES ('a78cdd11-1525-4fdb-9a73-59473c297323', true, false, 'f70b4334-974a-4db5-b53d-eaf62a0d51c8', 'Observation', 'Macular edema');
INSERT INTO public.therapeutic_plan_grade VALUES ('11afe563-8dc0-4911-81a2-0c740e4d00d7', false, false, 'f70b4334-974a-4db5-b53d-eaf62a0d51c8', 'PPV + ILM peeling', 'Macular edema');
INSERT INTO public.therapeutic_plan_grade VALUES ('c9781d63-2d19-480c-87aa-423acf2f51d9', true, false, 'f70b4334-974a-4db5-b53d-eaf62a0d51c8', 'Intravitreal anti-VEGF', 'Retinopathy');
INSERT INTO public.therapeutic_plan_grade VALUES ('2650e1af-417e-4ac7-a4d0-90e71d5d82c7', true, false, 'f70b4334-974a-4db5-b53d-eaf62a0d51c8', 'Observation', 'Retinopathy');
INSERT INTO public.therapeutic_plan_grade VALUES ('3894cc79-da6f-4ab5-aedd-70ac7ed10374', false, false, 'f70b4334-974a-4db5-b53d-eaf62a0d51c8', 'Observation every 6 months', 'Retinopathy');
INSERT INTO public.therapeutic_plan_grade VALUES ('6db88925-57e9-42a5-80d8-4c56a2171878', false, false, 'f70b4334-974a-4db5-b53d-eaf62a0d51c8', 'Observation every year', 'Retinopathy');
INSERT INTO public.therapeutic_plan_grade VALUES ('e5965d5f-b118-4785-8564-831d15febee7', true, false, 'f70b4334-974a-4db5-b53d-eaf62a0d51c8', 'Panfundus laser photocoagulation', 'Retinopathy');
INSERT INTO public.therapeutic_plan_grade VALUES ('c4d88e12-b3d4-4f47-ab2a-df02b957b293', false, false, 'f70b4334-974a-4db5-b53d-eaf62a0d51c8', 'Vitrectomy', 'Retinopathy');
INSERT INTO public.therapeutic_plan_grade VALUES ('9b2e5023-09ad-4f3a-ae37-061fe3100753', false, false, 'a6116823-8059-4eee-b44a-ae674caecb98', 'Complete ophthalmological evaluation (VA, color vision, pupils, intraocular pressure, extraocular movements, dilated fundoscopy, visual field)', 'Optic disc edema');
INSERT INTO public.therapeutic_plan_grade VALUES ('6bc67ccb-d179-4db8-86ca-c520af0817ff', false, false, 'a6116823-8059-4eee-b44a-ae674caecb98', 'Fluorescein Angiography', 'Optic disc edema');
INSERT INTO public.therapeutic_plan_grade VALUES ('07c9eb22-3f75-4174-851b-e11968fc633f', false, false, 'a6116823-8059-4eee-b44a-ae674caecb98', 'Head and neck MRV', 'Optic disc edema');
INSERT INTO public.therapeutic_plan_grade VALUES ('39611d5a-5aee-49c1-9366-4e3a0c7c546d', false, false, 'a6116823-8059-4eee-b44a-ae674caecb98', 'Lumbar puncture with opening pressure', 'Optic disc edema');
INSERT INTO public.therapeutic_plan_grade VALUES ('b39d59fa-219b-47b7-b0e3-a9d22256c10e', false, false, 'a6116823-8059-4eee-b44a-ae674caecb98', 'MRI with contrast', 'Optic disc edema');
INSERT INTO public.therapeutic_plan_grade VALUES ('018f8b99-17a3-41cf-996d-702aeb322dc2', false, false, 'a6116823-8059-4eee-b44a-ae674caecb98', 'OCT (RNFL + ONH)', 'Optic disc edema');
INSERT INTO public.therapeutic_plan_grade VALUES ('12783e1e-3fb9-4754-b2b8-9f5c72eb3d37', false, false, 'a6116823-8059-4eee-b44a-ae674caecb98', 'Ocular ultrasound', 'Optic disc edema');
INSERT INTO public.therapeutic_plan_grade VALUES ('1a997f8a-a319-45b8-a198-12fd75d317c1', false, false, 'd5716c58-3f7b-4182-9c0d-d2ed46abfe07', 'Observation (CFP + VF + pachymetry + OCT (RNFL + GCL)', 'Physiologic large optic cup');
INSERT INTO public.therapeutic_plan_grade VALUES ('00050cd0-066e-4d43-987a-5ad00f216019', false, false, 'dadebaed-6684-40ff-898c-b47cbf5645a7', 'Document MRNF with imaging as certain conditions can be associated with the loss of myelination (insults to the optic nerve – pituitary adenoma, optic neuritis, acute optic neuropathy, primary open angle glaucoma; inflammatory diseases; retinal conditions – branch retinal artery occlusion, central retinal artery occlusion, diabetic retinopathy, pars plana vitrectomy for epiretinal membrane)', 'Myelinated Retinal Nerve Fiber Layer (MRNF)');
INSERT INTO public.therapeutic_plan_grade VALUES ('e1338de4-869a-40cb-a42a-3e6d7e65c372', false, false, 'dadebaed-6684-40ff-898c-b47cbf5645a7', 'Serial eye examinations – assess for and treat associated conditions (myopia, anisometropia, amblyopia, strabismus)', 'Myelinated Retinal Nerve Fiber Layer (MRNF)');
INSERT INTO public.therapeutic_plan_grade VALUES ('66fa627e-0ca6-408a-9b25-9803c30d2e59', false, false, '46ec44e7-b0b2-4ecb-b498-ce355319b46c', 'Dilated fundus exam+follow up dilated fundus exam', 'Vitreous degeneration (PVD + Vitreous liquefaction) & Asteroid hyalosis & Synchysis scintillans');
INSERT INTO public.therapeutic_plan_grade VALUES ('8c8f43d3-37bb-4526-b6d8-ed61af85fbdd', false, false, '46ec44e7-b0b2-4ecb-b498-ce355319b46c', 'Pars plana vitrectomy (in case of decreased vision)', 'Vitreous degeneration (PVD + Vitreous liquefaction) & Asteroid hyalosis & Synchysis scintillans');
INSERT INTO public.therapeutic_plan_grade VALUES ('a95a188d-1f86-4b44-9bd8-a7fab0eee210', false, false, '46ec44e7-b0b2-4ecb-b498-ce355319b46c', 'Pars plana vitrectomy (in case of persistent vitreous hemorrhage, retinal detachment, vitreomacular traction syndrome or long term complications i.e. vitreomacular traction, lamellar macular holes, full thickness macular holes, epiretinal membranes)', 'Vitreous degeneration (PVD + Vitreous liquefaction) & Asteroid hyalosis & Synchysis scintillans');
INSERT INTO public.therapeutic_plan_grade VALUES ('281930e7-23a2-40e2-b20b-e15ce28b18b7', false, false, '46ec44e7-b0b2-4ecb-b498-ce355319b46c', 'Retina photocoagulation (in case of retinal tears)', 'Vitreous degeneration (PVD + Vitreous liquefaction) & Asteroid hyalosis & Synchysis scintillans');
INSERT INTO public.therapeutic_plan_grade VALUES ('05e7a5a7-d6ee-4120-906b-f8c5c7413626', false, false, '5c283633-aad8-48c1-8c96-3d2f1e8f2bcf', 'Cardio-vascular assessment', ' - Systemic management');
INSERT INTO public.therapeutic_plan_grade VALUES ('9bc242fb-d77f-4911-b4c5-91f8e6ee33bd', false, false, '5c283633-aad8-48c1-8c96-3d2f1e8f2bcf', 'Control of systemic risk factors', ' - Systemic management');
INSERT INTO public.therapeutic_plan_grade VALUES ('5142b449-adf0-4f39-a235-0083dbccb87e', false, false, '5c283633-aad8-48c1-8c96-3d2f1e8f2bcf', 'Controlled reduction of BP + regular monitoring', ' - Systemic management');
INSERT INTO public.therapeutic_plan_grade VALUES ('68fc893d-06f3-4c50-b191-50d0c173379b', false, false, '5c283633-aad8-48c1-8c96-3d2f1e8f2bcf', 'Laboratory workup', ' - Systemic management');
INSERT INTO public.therapeutic_plan_grade VALUES ('f3c4bf87-1e10-40c0-8a1a-81699b66681d', false, false, '5c283633-aad8-48c1-8c96-3d2f1e8f2bcf', 'Observation and regular monitoring', ' - Systemic management');
INSERT INTO public.therapeutic_plan_grade VALUES ('053d6843-f452-43b1-825b-141959015307', false, false, '5c283633-aad8-48c1-8c96-3d2f1e8f2bcf', 'Intravitreal anti-VEGF agents', 'Complications');
INSERT INTO public.therapeutic_plan_grade VALUES ('02576b9d-d27d-44b6-9ff2-a29ca62f15a9', false, false, '5c283633-aad8-48c1-8c96-3d2f1e8f2bcf', 'Laser photocoagulation of non-perfused area', 'Complications');
INSERT INTO public.therapeutic_plan_grade VALUES ('ca2e9d0f-e6ee-4424-9eb1-238e4977ad38', false, false, '5c283633-aad8-48c1-8c96-3d2f1e8f2bcf', 'Panretinal laser photocoagulation', 'Complications');
INSERT INTO public.therapeutic_plan_grade VALUES ('8b03e388-2d39-4689-b5e2-a6ad424be5f3', false, false, '5c283633-aad8-48c1-8c96-3d2f1e8f2bcf', 'Pars plana vitrectomy', 'Complications');
INSERT INTO public.therapeutic_plan_grade VALUES ('eb15a9e9-b6ee-438f-b3f1-1590e0d6956a', false, false, '5c283633-aad8-48c1-8c96-3d2f1e8f2bcf', 'Intravitreal anti-VEGF', 'Macular edema');
INSERT INTO public.therapeutic_plan_grade VALUES ('9588c6a4-2db9-4d33-bc4c-10abb16d6084', false, false, '5c283633-aad8-48c1-8c96-3d2f1e8f2bcf', 'Intravitreal steroid treatment', 'Macular edema');
INSERT INTO public.therapeutic_plan_grade VALUES ('4f23c0cc-8923-48a7-81ee-1f3e317ddb5d', false, false, '5c283633-aad8-48c1-8c96-3d2f1e8f2bcf', 'Intravitreal triamcinolone', 'Macular edema');
INSERT INTO public.therapeutic_plan_grade VALUES ('77c1af73-8476-4031-8eb7-2420d18e4f72', false, false, '5c283633-aad8-48c1-8c96-3d2f1e8f2bcf', 'Micropulsed laser', 'Macular edema');
INSERT INTO public.therapeutic_plan_grade VALUES ('5d21dd5d-ca6c-4371-8b16-4dc28a6c9f4c', false, false, '5c283633-aad8-48c1-8c96-3d2f1e8f2bcf', 'Observation', 'Macular edema');
INSERT INTO public.therapeutic_plan_grade VALUES ('e56f79a7-2d5d-4856-af2a-c844a009a6b3', false, false, '5c283633-aad8-48c1-8c96-3d2f1e8f2bcf', 'PPV + ILM peeling', 'Macular edema');
INSERT INTO public.therapeutic_plan_grade VALUES ('304c011e-dc84-4217-8673-992b7766578f', false, false, '12ecf02f-cb68-45df-89d3-7f5ee2bf5f2a', 'Document MRNF with imaging as certain conditions can be associated with the loss of myelination (insults to the optic nerve – pituitary adenoma, optic neuritis, acute optic neuropathy, primary open angle glaucoma; inflammatory diseases; retinal conditions – branch retinal artery occlusion, central retinal artery occlusion, diabetic retinopathy, pars plana vitrectomy for epiretinal membrane)', 'Myelinated Retinal Nerve Fiber Layer (MRNF)');
INSERT INTO public.therapeutic_plan_grade VALUES ('d1dd677f-1dfc-425a-92e1-8d9665ec5d18', false, false, '12ecf02f-cb68-45df-89d3-7f5ee2bf5f2a', 'Serial eye examinations – assess for and treat associated conditions (myopia, anisometropia, amblyopia, strabismus)', 'Myelinated Retinal Nerve Fiber Layer (MRNF)');
INSERT INTO public.therapeutic_plan_grade VALUES ('1e5ef37e-0e49-4d8e-8c21-c44c3058d381', false, false, '20d5823b-4fc5-4e31-b2c5-b99977713a2d', 'Intravitreal anti-VEGF', 'Macular edema');
INSERT INTO public.therapeutic_plan_grade VALUES ('e0ac2eeb-a55f-4907-87c3-6116188234dc', false, false, '20d5823b-4fc5-4e31-b2c5-b99977713a2d', 'Intravitreal steroid treatment', 'Macular edema');
INSERT INTO public.therapeutic_plan_grade VALUES ('17754fb0-3e80-4992-a8c5-50d4be74f06a', false, false, '20d5823b-4fc5-4e31-b2c5-b99977713a2d', 'Intravitreal triamcinolone', 'Macular edema');
INSERT INTO public.therapeutic_plan_grade VALUES ('8cdbed5a-c5f9-4c5b-aa1e-9787f4a679dd', false, false, '20d5823b-4fc5-4e31-b2c5-b99977713a2d', 'Micropulsed laser', 'Macular edema');
INSERT INTO public.therapeutic_plan_grade VALUES ('49a54f71-93f0-4d3a-9e43-126eff82b38f', false, false, '20d5823b-4fc5-4e31-b2c5-b99977713a2d', 'Observation', 'Macular edema');
INSERT INTO public.therapeutic_plan_grade VALUES ('a7ff0c0d-5e19-4841-a1f9-18b7f562e466', false, false, '20d5823b-4fc5-4e31-b2c5-b99977713a2d', 'PPV + ILM peeling', 'Macular edema');
INSERT INTO public.therapeutic_plan_grade VALUES ('f380990a-5f71-436b-87ef-a420879e4aed', false, false, '20d5823b-4fc5-4e31-b2c5-b99977713a2d', 'Intravitreal anti-VEGF', 'Retinopathy');
INSERT INTO public.therapeutic_plan_grade VALUES ('4e11e26a-5d40-4b99-9b4a-b06191c3eab1', false, false, '20d5823b-4fc5-4e31-b2c5-b99977713a2d', 'Observation', 'Retinopathy');
INSERT INTO public.therapeutic_plan_grade VALUES ('bbce5724-bd09-4028-8873-c04ffd213611', false, false, '20d5823b-4fc5-4e31-b2c5-b99977713a2d', 'Observation every 6 months', 'Retinopathy');
INSERT INTO public.therapeutic_plan_grade VALUES ('2f98d5de-353b-479c-b06c-0a2105a899f2', false, false, '20d5823b-4fc5-4e31-b2c5-b99977713a2d', 'Observation every year', 'Retinopathy');
INSERT INTO public.therapeutic_plan_grade VALUES ('a5e93f11-c772-4417-9b3e-f0b9cc28ab22', false, false, '20d5823b-4fc5-4e31-b2c5-b99977713a2d', 'Panfundus laser photocoagulation', 'Retinopathy');
INSERT INTO public.therapeutic_plan_grade VALUES ('0059c108-19f9-4906-981a-f3da7b9af44a', false, false, '20d5823b-4fc5-4e31-b2c5-b99977713a2d', 'Vitrectomy', 'Retinopathy');
INSERT INTO public.therapeutic_plan_grade VALUES ('cc52b363-3a39-4e9b-b2e6-1a64b87a1029', false, false, '0eeac27c-bebf-4654-ac3f-7a43952b6d05', 'Intravitreal anti-VEGF', 'Macular edema');
INSERT INTO public.therapeutic_plan_grade VALUES ('1d2fad54-5d2f-4339-8217-208df2c8dfea', false, false, '0eeac27c-bebf-4654-ac3f-7a43952b6d05', 'Intravitreal steroid treatment', 'Macular edema');
INSERT INTO public.therapeutic_plan_grade VALUES ('4aaf5718-81d4-49bf-b077-2e87c4c6553b', false, false, '0eeac27c-bebf-4654-ac3f-7a43952b6d05', 'Intravitreal triamcinolone', 'Macular edema');
INSERT INTO public.therapeutic_plan_grade VALUES ('2043b074-2e98-4e54-8a82-ecbd42247dbb', false, false, '0eeac27c-bebf-4654-ac3f-7a43952b6d05', 'Micropulsed laser', 'Macular edema');
INSERT INTO public.therapeutic_plan_grade VALUES ('7f3c4118-2ae6-4d79-bb5d-11fc32c505e7', false, false, '0eeac27c-bebf-4654-ac3f-7a43952b6d05', 'Observation', 'Macular edema');
INSERT INTO public.therapeutic_plan_grade VALUES ('5bd2c814-e73c-4153-ae90-a9c92c0a0440', false, false, '0eeac27c-bebf-4654-ac3f-7a43952b6d05', 'PPV + ILM peeling', 'Macular edema');
INSERT INTO public.therapeutic_plan_grade VALUES ('213f2c00-cccf-4f54-af35-2ce1352f427c', false, false, '0eeac27c-bebf-4654-ac3f-7a43952b6d05', 'Intravitreal anti-VEGF', 'Retinopathy');
INSERT INTO public.therapeutic_plan_grade VALUES ('b00324f5-1fd5-4564-89e3-50a58547e294', false, false, '0eeac27c-bebf-4654-ac3f-7a43952b6d05', 'Observation', 'Retinopathy');
INSERT INTO public.therapeutic_plan_grade VALUES ('a1bb5173-a75f-47f4-8e4f-d5cfa6be43e7', false, false, '0eeac27c-bebf-4654-ac3f-7a43952b6d05', 'Observation every 6 months', 'Retinopathy');
INSERT INTO public.therapeutic_plan_grade VALUES ('3303176d-8192-4775-bd28-c228e8b307fc', false, false, '0eeac27c-bebf-4654-ac3f-7a43952b6d05', 'Observation every year', 'Retinopathy');
INSERT INTO public.therapeutic_plan_grade VALUES ('7b1980c4-c3cf-41ab-826b-acc90de62233', false, false, '0eeac27c-bebf-4654-ac3f-7a43952b6d05', 'Panfundus laser photocoagulation', 'Retinopathy');
INSERT INTO public.therapeutic_plan_grade VALUES ('e8e9081a-ab96-45b0-b8b9-106374f88ef6', false, false, '0eeac27c-bebf-4654-ac3f-7a43952b6d05', 'Vitrectomy', 'Retinopathy');
INSERT INTO public.therapeutic_plan_grade VALUES ('e7692380-3d30-4082-b5cb-1e514f84edd4', true, false, '1dfdc126-835f-4e09-9b55-b403a253a77d', 'Anti-VEGF', 'Exudative AMD');
INSERT INTO public.therapeutic_plan_grade VALUES ('01dde00f-7d38-44b2-91f0-db658fa485ce', true, false, '1dfdc126-835f-4e09-9b55-b403a253a77d', 'Observation', 'Exudative AMD');
INSERT INTO public.therapeutic_plan_grade VALUES ('f17b7d5d-a033-4097-822c-60a9d886c1bc', true, false, '1dfdc126-835f-4e09-9b55-b403a253a77d', 'Antioxidant and mineral supplementation', 'Non-exudative AMD');
INSERT INTO public.therapeutic_plan_grade VALUES ('08895c12-6993-43d4-a577-0aa8e0aaa244', true, false, '1dfdc126-835f-4e09-9b55-b403a253a77d', 'Observation', 'Non-exudative AMD');
INSERT INTO public.therapeutic_plan_grade VALUES ('47911b70-dfa5-4fab-9116-bf0435343548', true, false, 'ec84b38b-f98b-4e4b-9ec1-19214da2f836', 'Pars plana vitrectomy + cryopexy/photocoagulation + silicone oil tamponade', 'Rhegmatogenous retinal detachment');
INSERT INTO public.therapeutic_plan_grade VALUES ('427fa345-ebc0-4c97-b59f-4a53dedb8fc5', true, false, 'ec84b38b-f98b-4e4b-9ec1-19214da2f836', 'Pneumatic retinopexy + cryopexy/photocoagulation', 'Rhegmatogenous retinal detachment');
INSERT INTO public.therapeutic_plan_grade VALUES ('d3f62d73-e956-4f2a-97ea-fbd7bc3bef7e', true, false, 'ec84b38b-f98b-4e4b-9ec1-19214da2f836', 'Scleral buckling + cryopexy', 'Rhegmatogenous retinal detachment');
INSERT INTO public.therapeutic_plan_grade VALUES ('2f5ecac1-4f6e-47c6-8d2a-708cd16fd361', true, false, '272eddb1-7552-4c4f-b744-b1f8ed3b2b30', 'Pars plana vitrectomy + cryopexy/photocoagulation + silicone oil tamponade', 'Rhegmatogenous retinal detachment');
INSERT INTO public.therapeutic_plan_grade VALUES ('d65510aa-eca1-4183-82e5-b993dad20877', true, false, '272eddb1-7552-4c4f-b744-b1f8ed3b2b30', 'Pneumatic retinopexy + cryopexy/photocoagulation', 'Rhegmatogenous retinal detachment');
INSERT INTO public.therapeutic_plan_grade VALUES ('dcd81dfd-06b6-4355-bdb7-589c9b6a3820', true, false, '272eddb1-7552-4c4f-b744-b1f8ed3b2b30', 'Scleral buckling + cryopexy', 'Rhegmatogenous retinal detachment');
INSERT INTO public.therapeutic_plan_grade VALUES ('3eafda20-d69e-4ff1-bdb3-35f7f720ba43', false, false, '43eafe29-d95c-4cd9-bbd1-521192509e14', 'Anti-VEGF (if coexisting CNV present)', 'Central serous chorioretinopathy');
INSERT INTO public.therapeutic_plan_grade VALUES ('82065955-dd93-429a-beb5-a1c1789f75df', false, false, '43eafe29-d95c-4cd9-bbd1-521192509e14', 'Observation 3-6 months', 'Central serous chorioretinopathy');
INSERT INTO public.therapeutic_plan_grade VALUES ('15efaa45-60e0-4110-a27d-08ad60c099dc', false, false, '43eafe29-d95c-4cd9-bbd1-521192509e14', 'Photodynamic  therapy', 'Central serous chorioretinopathy');
INSERT INTO public.therapeutic_plan_grade VALUES ('5e81e1e0-e272-4d52-85b9-0b8ebcde6276', false, false, '43eafe29-d95c-4cd9-bbd1-521192509e14', 'Steroid treatment discontinuation', 'Central serous chorioretinopathy');
INSERT INTO public.therapeutic_plan_grade VALUES ('71d64504-b63b-441b-b914-bbb04aa64eba', false, false, '43eafe29-d95c-4cd9-bbd1-521192509e14', 'Stress reduction + controlling predisposing factors', 'Central serous chorioretinopathy');
INSERT INTO public.therapeutic_plan_grade VALUES ('aecb5d23-3f40-492d-b76c-f4dd25938c67', false, false, '43eafe29-d95c-4cd9-bbd1-521192509e14', 'Subthreshold micropulse laser/laser photocoagulation of RPE leakage site', 'Central serous chorioretinopathy');
INSERT INTO public.therapeutic_plan_grade VALUES ('554d43d7-237e-4b28-b7b4-5842775ee482', false, false, '43eafe29-d95c-4cd9-bbd1-521192509e14', 'Systemic carbonic anhydrase inhibitors', 'Central serous chorioretinopathy');
INSERT INTO public.therapeutic_plan_grade VALUES ('806a04cf-ef82-46d2-be7a-8caed7b5b801', false, false, '3ea4687a-ab3b-4bc0-9814-fe6860135649', 'Complete ophthalmological evaluation (VA, color vision, pupils, intraocular pressure, extraocular movements, dilated fundoscopy, visual field)', 'Optic disc edema');
INSERT INTO public.therapeutic_plan_grade VALUES ('0808c800-9cd4-4dd7-892d-2ef8949e1bba', false, false, '3ea4687a-ab3b-4bc0-9814-fe6860135649', 'Fluorescein Angiography', 'Optic disc edema');
INSERT INTO public.therapeutic_plan_grade VALUES ('9ce594d4-12e1-4144-ae36-6b9857ecafac', false, false, '3ea4687a-ab3b-4bc0-9814-fe6860135649', 'Head and neck MRV', 'Optic disc edema');
INSERT INTO public.therapeutic_plan_grade VALUES ('e518ee03-8f57-4634-9e0f-4d3264cc051c', false, false, '3ea4687a-ab3b-4bc0-9814-fe6860135649', 'Lumbar puncture with opening pressure', 'Optic disc edema');
INSERT INTO public.therapeutic_plan_grade VALUES ('9ea05d35-4c32-4d8a-8d0e-494ef0875459', false, false, '3ea4687a-ab3b-4bc0-9814-fe6860135649', 'MRI with contrast', 'Optic disc edema');
INSERT INTO public.therapeutic_plan_grade VALUES ('55d4a598-40c5-41d7-9b28-8c737565903f', false, false, '3ea4687a-ab3b-4bc0-9814-fe6860135649', 'OCT (RNFL + ONH)', 'Optic disc edema');
INSERT INTO public.therapeutic_plan_grade VALUES ('debd933c-8296-43ce-a188-5bcd12276550', false, false, '3ea4687a-ab3b-4bc0-9814-fe6860135649', 'Ocular ultrasound', 'Optic disc edema');
INSERT INTO public.therapeutic_plan_grade VALUES ('4fb1ccfd-2afa-44d6-968d-471f80168f2c', true, false, '392ab2e5-cbf0-45cb-a011-7c3a36a20ff7', 'Intravitreal anti-VEGF', 'Macular edema');
INSERT INTO public.therapeutic_plan_grade VALUES ('2df20bc2-0bd0-4647-b602-ec5d0d11e02c', false, false, '392ab2e5-cbf0-45cb-a011-7c3a36a20ff7', 'Intravitreal steroid treatment', 'Macular edema');
INSERT INTO public.therapeutic_plan_grade VALUES ('95188ce3-50b4-4fbd-9160-59b73e3066e9', false, false, '392ab2e5-cbf0-45cb-a011-7c3a36a20ff7', 'Intravitreal triamcinolone', 'Macular edema');
INSERT INTO public.therapeutic_plan_grade VALUES ('920a834a-8586-48a0-abd0-c16817efabdf', false, false, '392ab2e5-cbf0-45cb-a011-7c3a36a20ff7', 'Micropulsed laser', 'Macular edema');
INSERT INTO public.therapeutic_plan_grade VALUES ('a7da5d44-6262-4652-9d87-8d27fff806a5', false, false, '392ab2e5-cbf0-45cb-a011-7c3a36a20ff7', 'Observation', 'Macular edema');
INSERT INTO public.therapeutic_plan_grade VALUES ('9168666b-9d71-4e50-940b-8b69f480c1c7', false, false, '392ab2e5-cbf0-45cb-a011-7c3a36a20ff7', 'PPV + ILM peeling', 'Macular edema');
INSERT INTO public.therapeutic_plan_grade VALUES ('049d33b2-069a-417d-9453-7ac8db9f62af', true, false, '392ab2e5-cbf0-45cb-a011-7c3a36a20ff7', 'Intravitreal anti-VEGF', 'Retinopathy');
INSERT INTO public.therapeutic_plan_grade VALUES ('d3496ead-820d-4673-a9d0-a61a6f05b004', false, false, '392ab2e5-cbf0-45cb-a011-7c3a36a20ff7', 'Observation', 'Retinopathy');
INSERT INTO public.therapeutic_plan_grade VALUES ('fb824f54-2009-4daa-9c6d-051c78322a73', false, false, '392ab2e5-cbf0-45cb-a011-7c3a36a20ff7', 'Observation every 6 months', 'Retinopathy');
INSERT INTO public.therapeutic_plan_grade VALUES ('94c25440-ab31-4295-bdef-fda4ddd59dc2', false, false, '392ab2e5-cbf0-45cb-a011-7c3a36a20ff7', 'Observation every year', 'Retinopathy');
INSERT INTO public.therapeutic_plan_grade VALUES ('87ea8fac-9de9-49a0-b274-3f7d3fe3840e', false, false, '392ab2e5-cbf0-45cb-a011-7c3a36a20ff7', 'Panfundus laser photocoagulation', 'Retinopathy');
INSERT INTO public.therapeutic_plan_grade VALUES ('38d120a2-1592-4b78-aba8-9b56ba165a08', false, false, '392ab2e5-cbf0-45cb-a011-7c3a36a20ff7', 'Vitrectomy', 'Retinopathy');
INSERT INTO public.therapeutic_plan_grade VALUES ('b5f1d2fb-06a0-4ae1-8637-c6fce63b5c09', false, false, 'cfeeffd0-5e50-4e26-9cd2-4876e9dd7757', 'Observation', 'Tessellated fundus');
INSERT INTO public.therapeutic_plan_grade VALUES ('c68686a4-39d9-4002-8ccf-0cbe46758d73', false, false, 'cfeeffd0-5e50-4e26-9cd2-4876e9dd7757', 'Treat associated conditions', 'Tessellated fundus');
INSERT INTO public.therapeutic_plan_grade VALUES ('d98f49d0-1cb1-45f6-ac2e-e3b0cca13672', false, false, '40bedf65-9013-45e4-ab6a-ea973d67a509', 'Observation', 'Epiretinal membrane');
INSERT INTO public.therapeutic_plan_grade VALUES ('8249f7fa-b527-4b76-9248-810d52c52d4e', false, false, '40bedf65-9013-45e4-ab6a-ea973d67a509', 'Pars plana vitrectomy + membrane peeling', 'Epiretinal membrane');
INSERT INTO public.therapeutic_plan_grade VALUES ('c8fbad80-b7fa-4b60-b70f-0d82c041c310', false, false, '5d2c10a8-fe5d-40c5-a428-e4604003d521', 'Observation', 'Drusen');
INSERT INTO public.therapeutic_plan_grade VALUES ('8b8138b7-a2a2-453c-84e0-685236c49d1c', false, false, '5d2c10a8-fe5d-40c5-a428-e4604003d521', 'Treat associated conditions', 'Drusen');
INSERT INTO public.therapeutic_plan_grade VALUES ('84cb5af5-6157-45b5-ba53-d17ef512ae0d', false, false, 'f3598bfa-32c1-457e-b990-674849801a9b', 'Document MRNF with imaging as certain conditions can be associated with the loss of myelination (insults to the optic nerve – pituitary adenoma, optic neuritis, acute optic neuropathy, primary open angle glaucoma; inflammatory diseases; retinal conditions – branch retinal artery occlusion, central retinal artery occlusion, diabetic retinopathy, pars plana vitrectomy for epiretinal membrane)', 'Myelinated Retinal Nerve Fiber Layer (MRNF)');
INSERT INTO public.therapeutic_plan_grade VALUES ('e8258203-cd4d-40a8-aa62-e3c79297055f', false, false, 'f3598bfa-32c1-457e-b990-674849801a9b', 'Serial eye examinations – assess for and treat associated conditions (myopia, anisometropia, amblyopia, strabismus)', 'Myelinated Retinal Nerve Fiber Layer (MRNF)');
INSERT INTO public.therapeutic_plan_grade VALUES ('4b2f8051-3465-4539-8046-3cc7fc1adf0d', false, false, 'b687865c-4b5a-4530-a0bd-c3105b32ad3c', 'Anti-VEGF', 'Exudative AMD');
INSERT INTO public.therapeutic_plan_grade VALUES ('3ccc7c46-538c-45b0-8825-6783d62fa091', false, false, 'b687865c-4b5a-4530-a0bd-c3105b32ad3c', 'Observation', 'Exudative AMD');
INSERT INTO public.therapeutic_plan_grade VALUES ('e5c4a58d-aadf-4b41-8812-e2dc5b71a6f4', false, false, 'b687865c-4b5a-4530-a0bd-c3105b32ad3c', 'Antioxidant and mineral supplementation', 'Non-exudative AMD');
INSERT INTO public.therapeutic_plan_grade VALUES ('66cb4622-eee4-4476-bb76-21edb9de53c2', false, false, 'b687865c-4b5a-4530-a0bd-c3105b32ad3c', 'Observation', 'Non-exudative AMD');
INSERT INTO public.therapeutic_plan_grade VALUES ('63f110a2-a8b7-487a-94c3-3830d8a2c758', false, false, 'deca49bf-4382-4885-b1ca-dcb77136e04e', 'Intravitreal anti-VEGF', 'Choroidal neovascularization');
INSERT INTO public.therapeutic_plan_grade VALUES ('bd8d2ada-2d7b-4e28-9fa0-42b3c1cd219e', false, false, 'deca49bf-4382-4885-b1ca-dcb77136e04e', 'Photodynamic therapy (PDT)', 'Choroidal neovascularization');
INSERT INTO public.therapeutic_plan_grade VALUES ('35a04668-220b-47b1-a680-8a80f7ae0114', false, false, 'deca49bf-4382-4885-b1ca-dcb77136e04e', 'Atropine drops', 'Myopia progression');
INSERT INTO public.therapeutic_plan_grade VALUES ('192a6a2c-79d7-43d6-b12a-176fe679c0cc', false, false, 'deca49bf-4382-4885-b1ca-dcb77136e04e', 'Correction lenses', 'Myopia progression');
INSERT INTO public.therapeutic_plan_grade VALUES ('ee9d597d-2e09-4556-8867-6c9808f0d876', false, false, 'deca49bf-4382-4885-b1ca-dcb77136e04e', 'Orthokeratology', 'Myopia progression');
INSERT INTO public.therapeutic_plan_grade VALUES ('9522a2ae-2d4a-4492-859d-f5588886af27', false, false, 'deca49bf-4382-4885-b1ca-dcb77136e04e', 'Peripheral defocus spectacle/contact lenses', 'Myopia progression');
INSERT INTO public.therapeutic_plan_grade VALUES ('c8a9cb36-138e-4751-9387-dd998b32036f', false, false, 'deca49bf-4382-4885-b1ca-dcb77136e04e', 'Vitrectomy', 'Myopic traction maculopathy');
INSERT INTO public.therapeutic_plan_grade VALUES ('4791e6bc-14ff-4732-a5eb-2516c4781c59', false, false, 'deca49bf-4382-4885-b1ca-dcb77136e04e', 'Intravitreal anti-VEGF', 'Choroidal neovascularization');
INSERT INTO public.therapeutic_plan_grade VALUES ('5c6bfa9c-bf64-40fa-926e-f333ae408d83', false, false, 'deca49bf-4382-4885-b1ca-dcb77136e04e', 'Photodynamic therapy (PDT)', 'Choroidal neovascularization');
INSERT INTO public.therapeutic_plan_grade VALUES ('2d10d1be-5eca-4761-897b-aaf5e01673f6', false, false, 'deca49bf-4382-4885-b1ca-dcb77136e04e', 'Atropine drops', 'Myopia progression');
INSERT INTO public.therapeutic_plan_grade VALUES ('3c41a219-7714-4fce-ba2a-24e0de95a9b0', false, false, 'deca49bf-4382-4885-b1ca-dcb77136e04e', 'Correction lenses', 'Myopia progression');
INSERT INTO public.therapeutic_plan_grade VALUES ('a8b34a0b-137e-47f7-82e5-8d25f65ae5ef', false, false, 'deca49bf-4382-4885-b1ca-dcb77136e04e', 'Orthokeratology', 'Myopia progression');
INSERT INTO public.therapeutic_plan_grade VALUES ('c45ce347-3ab7-42c4-bd63-55a374a00e2b', false, false, 'deca49bf-4382-4885-b1ca-dcb77136e04e', 'Peripheral defocus spectacle/contact lenses', 'Myopia progression');
INSERT INTO public.therapeutic_plan_grade VALUES ('231f7122-2ad7-43cf-bc78-d31c4794ca2b', false, false, 'deca49bf-4382-4885-b1ca-dcb77136e04e', 'Vitrectomy', 'Myopic traction maculopathy');
INSERT INTO public.therapeutic_plan_grade VALUES ('d2bfa408-7933-45dc-b79f-35fa248cfebd', false, false, 'ed163881-60b8-4b33-acce-63b9b55652c4', 'Complete ophthalmological evaluation (VA, color vision, pupils, intraocular pressure, extraocular movements, dilated fundoscopy, visual field)', 'Optic disc edema');
INSERT INTO public.therapeutic_plan_grade VALUES ('fc48c068-94f0-42aa-83e5-8a369721b983', false, false, 'ed163881-60b8-4b33-acce-63b9b55652c4', 'Fluorescein Angiography', 'Optic disc edema');
INSERT INTO public.therapeutic_plan_grade VALUES ('963fc5b7-1866-4a6c-b15d-d3cc4fd60904', false, false, 'ed163881-60b8-4b33-acce-63b9b55652c4', 'Head and neck MRV', 'Optic disc edema');
INSERT INTO public.therapeutic_plan_grade VALUES ('c510083d-bee9-40fa-a36b-694e7e7e3ff9', false, false, 'ed163881-60b8-4b33-acce-63b9b55652c4', 'Lumbar puncture with opening pressure', 'Optic disc edema');
INSERT INTO public.therapeutic_plan_grade VALUES ('78e1fa6b-c317-47df-a807-14879310307b', false, false, 'ed163881-60b8-4b33-acce-63b9b55652c4', 'MRI with contrast', 'Optic disc edema');
INSERT INTO public.therapeutic_plan_grade VALUES ('7d3e6ee9-1cb6-4cff-8832-6c85e8a84c15', false, false, 'ed163881-60b8-4b33-acce-63b9b55652c4', 'OCT (RNFL + ONH)', 'Optic disc edema');
INSERT INTO public.therapeutic_plan_grade VALUES ('9033f85f-58a2-4be4-9253-0740a00e17e5', false, false, 'ed163881-60b8-4b33-acce-63b9b55652c4', 'Ocular ultrasound', 'Optic disc edema');
INSERT INTO public.therapeutic_plan_grade VALUES ('168eb85c-b026-4b62-a6a6-005f8537c545', false, false, 'ac9816c7-0dbf-40da-af95-1091abe9941f', 'Observation', 'Epiretinal membrane');
INSERT INTO public.therapeutic_plan_grade VALUES ('95b883dc-f9cb-4db0-a28f-447f537825ff', false, false, 'ac9816c7-0dbf-40da-af95-1091abe9941f', 'Pars plana vitrectomy + membrane peeling', 'Epiretinal membrane');
INSERT INTO public.therapeutic_plan_grade VALUES ('04343a0c-7890-40eb-bb5b-9653f5a5ce38', false, false, '123c8c90-bfa7-4893-b290-b150bf752c58', 'Anti-VEGF (if coexisting CNV present)', 'Central serous chorioretinopathy');
INSERT INTO public.therapeutic_plan_grade VALUES ('8c28debd-612d-4f9b-9d06-9bd0158ec366', false, false, '123c8c90-bfa7-4893-b290-b150bf752c58', 'Observation 3-6 months', 'Central serous chorioretinopathy');
INSERT INTO public.therapeutic_plan_grade VALUES ('c08ed453-d239-4f0d-bf67-fdd8046b8dc0', false, false, '123c8c90-bfa7-4893-b290-b150bf752c58', 'Photodynamic  therapy', 'Central serous chorioretinopathy');
INSERT INTO public.therapeutic_plan_grade VALUES ('c3447754-2e2a-454b-a7a0-fae81e8343f4', false, false, '123c8c90-bfa7-4893-b290-b150bf752c58', 'Steroid treatment discontinuation', 'Central serous chorioretinopathy');
INSERT INTO public.therapeutic_plan_grade VALUES ('bfda0c31-5a5e-49a1-981d-466b32e173db', false, false, '123c8c90-bfa7-4893-b290-b150bf752c58', 'Stress reduction + controlling predisposing factors', 'Central serous chorioretinopathy');
INSERT INTO public.therapeutic_plan_grade VALUES ('1fb263c2-dd72-42d8-b7d8-3cdae7d9a2bc', false, false, '123c8c90-bfa7-4893-b290-b150bf752c58', 'Subthreshold micropulse laser/laser photocoagulation of RPE leakage site', 'Central serous chorioretinopathy');
INSERT INTO public.therapeutic_plan_grade VALUES ('91970183-7840-4e55-aad8-a0d521cb4c54', false, false, '123c8c90-bfa7-4893-b290-b150bf752c58', 'Systemic carbonic anhydrase inhibitors', 'Central serous chorioretinopathy');
INSERT INTO public.therapeutic_plan_grade VALUES ('3e1b532a-a5f2-4aa3-a63b-ac621749fd7a', true, false, 'd4f92e79-5e78-4048-991c-fe041a566694', 'Intravitreal anti-VEGF', 'Macular edema');
INSERT INTO public.therapeutic_plan_grade VALUES ('b0f50074-93ac-4e67-a0b9-cc2bed1c66d9', true, false, 'd4f92e79-5e78-4048-991c-fe041a566694', 'Intravitreal steroid treatment', 'Macular edema');
INSERT INTO public.therapeutic_plan_grade VALUES ('87a724a2-68f4-491f-8b54-338a25118801', true, false, 'd4f92e79-5e78-4048-991c-fe041a566694', 'Intravitreal triamcinolone', 'Macular edema');
INSERT INTO public.therapeutic_plan_grade VALUES ('e095223c-9ede-4455-a2a7-156d1dadf5f0', true, false, 'd4f92e79-5e78-4048-991c-fe041a566694', 'Micropulsed laser', 'Macular edema');
INSERT INTO public.therapeutic_plan_grade VALUES ('a50951dd-0ab6-4604-88c2-186d85c4e5e6', false, false, 'd4f92e79-5e78-4048-991c-fe041a566694', 'Observation', 'Macular edema');
INSERT INTO public.therapeutic_plan_grade VALUES ('1f7c2abe-bcdd-42a6-ac97-299debb1bdca', true, false, 'd4f92e79-5e78-4048-991c-fe041a566694', 'PPV + ILM peeling', 'Macular edema');
INSERT INTO public.therapeutic_plan_grade VALUES ('3ec0a6fe-0d54-4b3c-98d0-a03da1c9c345', false, false, 'd4f92e79-5e78-4048-991c-fe041a566694', 'Intravitreal anti-VEGF', 'Retinopathy');
INSERT INTO public.therapeutic_plan_grade VALUES ('0ea12d87-cf25-42a3-b7ea-65d84f74f6d7', false, false, 'd4f92e79-5e78-4048-991c-fe041a566694', 'Observation', 'Retinopathy');
INSERT INTO public.therapeutic_plan_grade VALUES ('91194833-207e-4725-ab8e-a20f9e977532', false, false, 'd4f92e79-5e78-4048-991c-fe041a566694', 'Observation every 6 months', 'Retinopathy');
INSERT INTO public.therapeutic_plan_grade VALUES ('acc5663d-aedb-4492-a49d-d571af6c09fe', false, false, 'd4f92e79-5e78-4048-991c-fe041a566694', 'Observation every year', 'Retinopathy');
INSERT INTO public.therapeutic_plan_grade VALUES ('f4b258ee-5ef0-45aa-90a0-47554ff8e00b', true, false, 'd4f92e79-5e78-4048-991c-fe041a566694', 'Panfundus laser photocoagulation', 'Retinopathy');
INSERT INTO public.therapeutic_plan_grade VALUES ('b426a65e-ff4c-4064-938b-3e5b9b0be45e', true, false, 'd4f92e79-5e78-4048-991c-fe041a566694', 'Vitrectomy', 'Retinopathy');
INSERT INTO public.therapeutic_plan_grade VALUES ('c8e7ad27-c1f3-44a7-a24a-29b9bd7a57ac', false, false, 'c680470a-ab0c-40b0-b1c4-627e54ef44cf', 'Observation', 'Drusen');
INSERT INTO public.therapeutic_plan_grade VALUES ('578e658d-b237-407f-a086-fe6663c863e9', false, false, 'c680470a-ab0c-40b0-b1c4-627e54ef44cf', 'Treat associated conditions', 'Drusen');
INSERT INTO public.therapeutic_plan_grade VALUES ('b7b086fd-efa7-4cf4-b994-67d27b0d3187', false, false, 'c8c531ca-7f90-4b94-93d1-d78e400b8e73', 'Laser treatment: iridectomy/iridoplasty', 'Acute angle closure glaucoma');
INSERT INTO public.therapeutic_plan_grade VALUES ('ec38269d-6fa3-425d-94aa-b3b21dec6e60', true, false, 'c8c531ca-7f90-4b94-93d1-d78e400b8e73', 'Peripheral iridotomy in the contralateral eye', 'Acute angle closure glaucoma');
INSERT INTO public.therapeutic_plan_grade VALUES ('a1c0e6ef-958a-4fc3-8697-45ab965660f0', true, false, 'c8c531ca-7f90-4b94-93d1-d78e400b8e73', 'Surgery: peripheral iridectomy, lens extraction, trabeculectomy', 'Acute angle closure glaucoma');
INSERT INTO public.therapeutic_plan_grade VALUES ('be6c4f22-c456-47ab-ad45-b96ad8c9d000', true, false, 'c8c531ca-7f90-4b94-93d1-d78e400b8e73', 'Topic + Systemic pressure-lowering medication', 'Acute angle closure glaucoma');
INSERT INTO public.therapeutic_plan_grade VALUES ('4775553d-1fc4-476c-a98c-784b765f4951', true, false, 'c8c531ca-7f90-4b94-93d1-d78e400b8e73', 'Topical Pilocarpine 2% (only after pressure reduction)', 'Acute angle closure glaucoma');
INSERT INTO public.therapeutic_plan_grade VALUES ('51b3025d-59bd-44eb-a1a8-939d07b159bc', true, false, 'c8c531ca-7f90-4b94-93d1-d78e400b8e73', 'Cyclodestructive procedures', 'Chronic open-angle glaucoma');
INSERT INTO public.therapeutic_plan_grade VALUES ('3eb59f30-4d03-44fe-8069-b001de05b814', true, false, 'c8c531ca-7f90-4b94-93d1-d78e400b8e73', 'Laser trabeculoplasty', 'Chronic open-angle glaucoma');
INSERT INTO public.therapeutic_plan_grade VALUES ('67a23ab9-4fc6-43e5-be74-8ba011ad6673', true, false, 'c8c531ca-7f90-4b94-93d1-d78e400b8e73', 'Minimally invasive glaucoma surgery (MIGS)', 'Chronic open-angle glaucoma');
INSERT INTO public.therapeutic_plan_grade VALUES ('e8e1a127-f064-4261-9fe2-8a7c55324d4f', true, false, 'c8c531ca-7f90-4b94-93d1-d78e400b8e73', 'Pressure-lowering medication', 'Chronic open-angle glaucoma');
INSERT INTO public.therapeutic_plan_grade VALUES ('35da5c78-0095-4ec6-83e9-7569a6c29052', true, false, 'c8c531ca-7f90-4b94-93d1-d78e400b8e73', 'Surgery: trabeculectomy, aqueous tube shunts', 'Chronic open-angle glaucoma');
INSERT INTO public.therapeutic_plan_grade VALUES ('0b836d90-8c46-4099-8eb9-f8ce5fe37706', false, false, 'a4e121f9-5482-4b82-8bf3-2669a3e45019', 'Cardio-vascular assessment', ' - Systemic management');
INSERT INTO public.therapeutic_plan_grade VALUES ('6f6731aa-edf6-4bc7-a32e-baaf41c155a7', false, false, 'a4e121f9-5482-4b82-8bf3-2669a3e45019', 'Control of systemic risk factors', ' - Systemic management');
INSERT INTO public.therapeutic_plan_grade VALUES ('7fbbc0b7-e2cf-4e2a-8327-b704e00c15e1', false, false, 'a4e121f9-5482-4b82-8bf3-2669a3e45019', 'Controlled reduction of BP + regular monitoring', ' - Systemic management');
INSERT INTO public.therapeutic_plan_grade VALUES ('59f7ade9-63e3-45c5-94c8-033d6fa04099', false, false, 'a4e121f9-5482-4b82-8bf3-2669a3e45019', 'Laboratory workup', ' - Systemic management');
INSERT INTO public.therapeutic_plan_grade VALUES ('68c44665-1fb9-47e0-a708-d8c2ffdf00b2', false, false, 'a4e121f9-5482-4b82-8bf3-2669a3e45019', 'Observation and regular monitoring', ' - Systemic management');
INSERT INTO public.therapeutic_plan_grade VALUES ('e28952f1-5980-499a-bc12-34006453f832', false, false, 'a4e121f9-5482-4b82-8bf3-2669a3e45019', 'Intravitreal anti-VEGF agents', 'Complications');
INSERT INTO public.therapeutic_plan_grade VALUES ('cab790ad-d8a1-4f73-8d5e-b8950971f531', false, false, 'a4e121f9-5482-4b82-8bf3-2669a3e45019', 'Laser photocoagulation of non-perfused area', 'Complications');
INSERT INTO public.therapeutic_plan_grade VALUES ('a9878ecb-5760-480e-b18e-eaa3fa63139f', false, false, 'a4e121f9-5482-4b82-8bf3-2669a3e45019', 'Panretinal laser photocoagulation', 'Complications');
INSERT INTO public.therapeutic_plan_grade VALUES ('eba7a87d-d7b9-4a48-92fc-0894209e2840', false, false, 'a4e121f9-5482-4b82-8bf3-2669a3e45019', 'Pars plana vitrectomy', 'Complications');
INSERT INTO public.therapeutic_plan_grade VALUES ('0cfa6beb-6fe6-410c-b374-4ae74a57a1ad', false, false, 'a4e121f9-5482-4b82-8bf3-2669a3e45019', 'Intravitreal anti-VEGF', 'Macular edema');
INSERT INTO public.therapeutic_plan_grade VALUES ('a99bbfe7-40dc-4d69-bd4b-2fb34003ddac', false, false, 'a4e121f9-5482-4b82-8bf3-2669a3e45019', 'Intravitreal steroid treatment', 'Macular edema');
INSERT INTO public.therapeutic_plan_grade VALUES ('5d7148af-3a1d-4df7-a830-405afee5dc43', false, false, 'a4e121f9-5482-4b82-8bf3-2669a3e45019', 'Intravitreal triamcinolone', 'Macular edema');
INSERT INTO public.therapeutic_plan_grade VALUES ('f0712309-cef6-4494-b024-b0ee71a27be0', false, false, 'a4e121f9-5482-4b82-8bf3-2669a3e45019', 'Micropulsed laser', 'Macular edema');
INSERT INTO public.therapeutic_plan_grade VALUES ('b18af7d4-b38e-4d5c-a7d4-df3f384bc89f', false, false, 'a4e121f9-5482-4b82-8bf3-2669a3e45019', 'Observation', 'Macular edema');
INSERT INTO public.therapeutic_plan_grade VALUES ('b8692317-94e8-43e9-80d2-34aa987fa095', false, false, 'a4e121f9-5482-4b82-8bf3-2669a3e45019', 'PPV + ILM peeling', 'Macular edema');
INSERT INTO public.therapeutic_plan_grade VALUES ('d5a0ab08-f415-42be-9325-98c96d98f15b', true, false, '9da145c4-c0d1-438a-bfdf-f2bc19286fc6', 'Pars plana vitrectomy + cryopexy/photocoagulation + silicone oil tamponade', 'Rhegmatogenous retinal detachment');
INSERT INTO public.therapeutic_plan_grade VALUES ('2ae1fce8-43b7-469c-b709-41fb19d83dca', true, false, '9da145c4-c0d1-438a-bfdf-f2bc19286fc6', 'Pneumatic retinopexy + cryopexy/photocoagulation', 'Rhegmatogenous retinal detachment');
INSERT INTO public.therapeutic_plan_grade VALUES ('9a45c492-4f80-4c81-a604-6389bf47dc65', true, false, '9da145c4-c0d1-438a-bfdf-f2bc19286fc6', 'Scleral buckling + cryopexy', 'Rhegmatogenous retinal detachment');
INSERT INTO public.therapeutic_plan_grade VALUES ('5c1ae598-a9fe-49e0-9dd3-e039f87cbd74', false, false, 'dfc58661-655f-45fe-afa5-288d696374f7', 'Observation', 'Drusen');
INSERT INTO public.therapeutic_plan_grade VALUES ('d4142345-e2ac-4fb8-9672-64893f81f299', false, false, 'dfc58661-655f-45fe-afa5-288d696374f7', 'Treat associated conditions', 'Drusen');
INSERT INTO public.therapeutic_plan_grade VALUES ('f6ad7f31-e863-4e87-832b-cfa352636fd4', true, false, '6762762b-4345-4e75-83b7-90dd0b511d8c', 'Cardio-vascular assessment', ' - Systemic management');
INSERT INTO public.therapeutic_plan_grade VALUES ('798fce05-bd17-4c1f-8794-07cfd6b8c914', true, false, '6762762b-4345-4e75-83b7-90dd0b511d8c', 'Control of systemic risk factors', ' - Systemic management');
INSERT INTO public.therapeutic_plan_grade VALUES ('ae0c20fb-8533-48b1-808e-7db9a533b923', true, false, '6762762b-4345-4e75-83b7-90dd0b511d8c', 'Controlled reduction of BP + regular monitoring', ' - Systemic management');
INSERT INTO public.therapeutic_plan_grade VALUES ('6113bd29-c440-4af9-aa2d-33a25814cb9f', true, false, '6762762b-4345-4e75-83b7-90dd0b511d8c', 'Laboratory workup', ' - Systemic management');
INSERT INTO public.therapeutic_plan_grade VALUES ('4cfa6579-3a37-41a7-b3bf-cf7d90129c70', false, false, '6762762b-4345-4e75-83b7-90dd0b511d8c', 'Observation and regular monitoring', ' - Systemic management');
INSERT INTO public.therapeutic_plan_grade VALUES ('1f63df6b-499a-4290-8317-fd9588f8f888', true, false, '6762762b-4345-4e75-83b7-90dd0b511d8c', 'Intravitreal anti-VEGF agents', 'Complications');
INSERT INTO public.therapeutic_plan_grade VALUES ('b38c5808-85bc-4bbb-84b8-7e6d786216df', true, false, '6762762b-4345-4e75-83b7-90dd0b511d8c', 'Laser photocoagulation of non-perfused area', 'Complications');
INSERT INTO public.therapeutic_plan_grade VALUES ('b948bdfc-7268-4233-8165-75d2c9c868af', false, false, '6762762b-4345-4e75-83b7-90dd0b511d8c', 'Panretinal laser photocoagulation', 'Complications');
INSERT INTO public.therapeutic_plan_grade VALUES ('615b08ee-1b9e-4dd6-ba52-cdfe22b28d37', false, false, '6762762b-4345-4e75-83b7-90dd0b511d8c', 'Pars plana vitrectomy', 'Complications');
INSERT INTO public.therapeutic_plan_grade VALUES ('6cd325c3-f18d-46d5-b6d8-63abf605ba46', true, false, '6762762b-4345-4e75-83b7-90dd0b511d8c', 'Intravitreal anti-VEGF', 'Macular edema');
INSERT INTO public.therapeutic_plan_grade VALUES ('20bdd4a0-a381-42c4-a1bc-3e7983882c32', false, false, '6762762b-4345-4e75-83b7-90dd0b511d8c', 'Intravitreal steroid treatment', 'Macular edema');
INSERT INTO public.therapeutic_plan_grade VALUES ('fb174ee4-16bd-4289-b962-50249efab459', true, false, '6762762b-4345-4e75-83b7-90dd0b511d8c', 'Intravitreal triamcinolone', 'Macular edema');
INSERT INTO public.therapeutic_plan_grade VALUES ('a701e814-c617-4e8a-97ef-88463d4fac6f', false, false, '6762762b-4345-4e75-83b7-90dd0b511d8c', 'Micropulsed laser', 'Macular edema');
INSERT INTO public.therapeutic_plan_grade VALUES ('4631e0c8-7de8-4235-a8bc-199647099428', false, false, '6762762b-4345-4e75-83b7-90dd0b511d8c', 'Observation', 'Macular edema');
INSERT INTO public.therapeutic_plan_grade VALUES ('fcc4615a-1e5e-4ca2-a52c-8698208ab84c', false, false, '6762762b-4345-4e75-83b7-90dd0b511d8c', 'PPV + ILM peeling', 'Macular edema');
INSERT INTO public.therapeutic_plan_grade VALUES ('18c143ba-df50-46a9-b947-70e4113dde02', false, false, 'c52f4a7e-72d3-4d24-b110-52fa80e71dc5', 'Observation (CFP + VF + pachymetry + OCT (RNFL + GCL)', 'Physiologic large optic cup');
INSERT INTO public.therapeutic_plan_grade VALUES ('a283c61b-e67f-48b3-9bed-57a54d4ff4b6', false, false, 'd3d4f0d9-be9b-4abe-b566-b702fe584d6b', 'Cardio-vascular assessment', ' - Systemic management');
INSERT INTO public.therapeutic_plan_grade VALUES ('7c9ec86f-d19b-418c-a647-ee2787f32556', false, false, 'd3d4f0d9-be9b-4abe-b566-b702fe584d6b', 'Control of systemic risk factors', ' - Systemic management');
INSERT INTO public.therapeutic_plan_grade VALUES ('783ef1f2-f262-4888-be38-adf42e933a2c', false, false, 'd3d4f0d9-be9b-4abe-b566-b702fe584d6b', 'Controlled reduction of BP + regular monitoring', ' - Systemic management');
INSERT INTO public.therapeutic_plan_grade VALUES ('63a2764e-3e6e-4581-aa3f-80383881476d', false, false, 'd3d4f0d9-be9b-4abe-b566-b702fe584d6b', 'Laboratory workup', ' - Systemic management');
INSERT INTO public.therapeutic_plan_grade VALUES ('15c0c366-a7d8-4c1a-8f94-573d961f07a0', false, false, 'd3d4f0d9-be9b-4abe-b566-b702fe584d6b', 'Observation and regular monitoring', ' - Systemic management');
INSERT INTO public.therapeutic_plan_grade VALUES ('32a877a2-ce66-4857-a7f3-486ddf0c8dff', false, false, 'd3d4f0d9-be9b-4abe-b566-b702fe584d6b', 'Intravitreal anti-VEGF agents', 'Complications');
INSERT INTO public.therapeutic_plan_grade VALUES ('ef4da07d-9100-4254-87a8-1e58443eb27c', false, false, 'd3d4f0d9-be9b-4abe-b566-b702fe584d6b', 'Laser photocoagulation of non-perfused area', 'Complications');
INSERT INTO public.therapeutic_plan_grade VALUES ('56d07b43-9768-4383-b402-b9923fa126f6', false, false, 'd3d4f0d9-be9b-4abe-b566-b702fe584d6b', 'Panretinal laser photocoagulation', 'Complications');
INSERT INTO public.therapeutic_plan_grade VALUES ('5ebd06ca-ceb7-47ad-843e-62752fc3ef78', false, false, 'd3d4f0d9-be9b-4abe-b566-b702fe584d6b', 'Pars plana vitrectomy', 'Complications');
INSERT INTO public.therapeutic_plan_grade VALUES ('7fef76a0-e24a-4eb3-854b-77375690d99e', false, false, 'd3d4f0d9-be9b-4abe-b566-b702fe584d6b', 'Intravitreal anti-VEGF', 'Macular edema');
INSERT INTO public.therapeutic_plan_grade VALUES ('f28c5ecb-3dc3-4089-99da-ad3e5fd405be', false, false, 'd3d4f0d9-be9b-4abe-b566-b702fe584d6b', 'Intravitreal steroid treatment', 'Macular edema');
INSERT INTO public.therapeutic_plan_grade VALUES ('1162885d-f1ea-4af5-a159-87972b4cf943', false, false, 'd3d4f0d9-be9b-4abe-b566-b702fe584d6b', 'Intravitreal triamcinolone', 'Macular edema');
INSERT INTO public.therapeutic_plan_grade VALUES ('dfc2e250-d54b-40eb-9374-2276e4a543cd', false, false, 'd3d4f0d9-be9b-4abe-b566-b702fe584d6b', 'Micropulsed laser', 'Macular edema');
INSERT INTO public.therapeutic_plan_grade VALUES ('8d6ef8f6-37e8-4f90-bd47-849c33892c8a', false, false, 'd3d4f0d9-be9b-4abe-b566-b702fe584d6b', 'Observation', 'Macular edema');
INSERT INTO public.therapeutic_plan_grade VALUES ('67c5d54a-67ae-4017-800f-eeb7635a962f', false, false, 'd3d4f0d9-be9b-4abe-b566-b702fe584d6b', 'PPV + ILM peeling', 'Macular edema');
INSERT INTO public.therapeutic_plan_grade VALUES ('df44e4a1-df3d-4e0b-bb5b-5b879d16678c', false, false, '2230238c-cd7b-4fc5-8e0b-4dbd91b0357f', 'Intravitreal anti-VEGF', 'Choroidal neovascularization');
INSERT INTO public.therapeutic_plan_grade VALUES ('aa010518-c617-4451-a54c-8772d9a0fc0a', false, false, '2230238c-cd7b-4fc5-8e0b-4dbd91b0357f', 'Photodynamic therapy (PDT)', 'Choroidal neovascularization');
INSERT INTO public.therapeutic_plan_grade VALUES ('44738473-f798-41c0-84d3-3dee73d94073', false, false, '2230238c-cd7b-4fc5-8e0b-4dbd91b0357f', 'Atropine drops', 'Myopia progression');
INSERT INTO public.therapeutic_plan_grade VALUES ('2677d9eb-7065-41e5-983a-6543fc8f34c2', false, false, '2230238c-cd7b-4fc5-8e0b-4dbd91b0357f', 'Correction lenses', 'Myopia progression');
INSERT INTO public.therapeutic_plan_grade VALUES ('543c2c1f-21f2-417d-90f9-e8efaa8828ef', false, false, '2230238c-cd7b-4fc5-8e0b-4dbd91b0357f', 'Orthokeratology', 'Myopia progression');
INSERT INTO public.therapeutic_plan_grade VALUES ('bbdcf94a-cbdf-4c49-a24d-fb01e251994b', false, false, '2230238c-cd7b-4fc5-8e0b-4dbd91b0357f', 'Peripheral defocus spectacle/contact lenses', 'Myopia progression');
INSERT INTO public.therapeutic_plan_grade VALUES ('26a44d8e-412e-42f8-a44a-eec9392735f4', false, false, '2230238c-cd7b-4fc5-8e0b-4dbd91b0357f', 'Vitrectomy', 'Myopic traction maculopathy');
INSERT INTO public.therapeutic_plan_grade VALUES ('4df857de-d4c8-43a7-b856-3a4f05b3a2a0', false, false, 'ac3d4294-f540-4c10-943d-9d426a5402fa', 'Observation', 'Epiretinal membrane');
INSERT INTO public.therapeutic_plan_grade VALUES ('bff906f0-ffbf-479d-953c-46a933ad5dc2', false, false, 'ac3d4294-f540-4c10-943d-9d426a5402fa', 'Pars plana vitrectomy + membrane peeling', 'Epiretinal membrane');
INSERT INTO public.therapeutic_plan_grade VALUES ('cd185992-fb41-41ff-9f31-cfc0edfeba81', true, false, '39a27554-9f6c-4386-9917-f96a02ac5456', 'Intravitreal anti-VEGF', 'Macular edema');
INSERT INTO public.therapeutic_plan_grade VALUES ('a3361d75-8008-4111-bf8d-4a3670dbf503', true, false, '39a27554-9f6c-4386-9917-f96a02ac5456', 'Intravitreal steroid treatment', 'Macular edema');
INSERT INTO public.therapeutic_plan_grade VALUES ('83cb69b1-4ef3-42ed-b56f-a2f78c4720f0', false, false, '39a27554-9f6c-4386-9917-f96a02ac5456', 'Intravitreal triamcinolone', 'Macular edema');
INSERT INTO public.therapeutic_plan_grade VALUES ('78f73b42-e38a-47ad-a926-40427a869896', true, false, '39a27554-9f6c-4386-9917-f96a02ac5456', 'Micropulsed laser', 'Macular edema');
INSERT INTO public.therapeutic_plan_grade VALUES ('587ad4ce-7001-4940-9f04-ae591169643d', false, false, '39a27554-9f6c-4386-9917-f96a02ac5456', 'Observation', 'Macular edema');
INSERT INTO public.therapeutic_plan_grade VALUES ('1464908d-1d28-4dd2-a209-da487b9b4a68', false, false, '39a27554-9f6c-4386-9917-f96a02ac5456', 'PPV + ILM peeling', 'Macular edema');
INSERT INTO public.therapeutic_plan_grade VALUES ('22b3f701-d583-4902-96f7-40ec4e49f6e7', false, false, '39a27554-9f6c-4386-9917-f96a02ac5456', 'Intravitreal anti-VEGF', 'Retinopathy');
INSERT INTO public.therapeutic_plan_grade VALUES ('5954e825-c01e-418a-abea-8a068f822eae', false, false, '39a27554-9f6c-4386-9917-f96a02ac5456', 'Observation', 'Retinopathy');
INSERT INTO public.therapeutic_plan_grade VALUES ('a6603c41-dfb0-46df-aa60-986a880a628f', false, false, '39a27554-9f6c-4386-9917-f96a02ac5456', 'Observation every 6 months', 'Retinopathy');
INSERT INTO public.therapeutic_plan_grade VALUES ('48cd18de-c798-4d17-ac19-c299ee1dfcb5', false, false, '39a27554-9f6c-4386-9917-f96a02ac5456', 'Observation every year', 'Retinopathy');
INSERT INTO public.therapeutic_plan_grade VALUES ('516bcb2b-ddcd-42df-82cd-4fa1e506fde5', true, false, '39a27554-9f6c-4386-9917-f96a02ac5456', 'Panfundus laser photocoagulation', 'Retinopathy');
INSERT INTO public.therapeutic_plan_grade VALUES ('c57e29c5-8b6f-4eff-98ff-1c919ec7297f', false, false, '39a27554-9f6c-4386-9917-f96a02ac5456', 'Vitrectomy', 'Retinopathy');
INSERT INTO public.therapeutic_plan_grade VALUES ('f90774b9-9bd2-41f7-8d4b-3200604b15bf', true, false, '5bd86a0c-20de-45f1-82e9-002ce7525a79', 'Cardio-vascular assessment', ' - Systemic management');
INSERT INTO public.therapeutic_plan_grade VALUES ('9b3ba701-2f25-4b98-a0d8-6231127b3cf6', true, false, '5bd86a0c-20de-45f1-82e9-002ce7525a79', 'Control of systemic risk factors', ' - Systemic management');
INSERT INTO public.therapeutic_plan_grade VALUES ('b6aadd7f-b021-42e3-b259-cb90c11c8dad', true, false, '5bd86a0c-20de-45f1-82e9-002ce7525a79', 'Controlled reduction of BP + regular monitoring', ' - Systemic management');
INSERT INTO public.therapeutic_plan_grade VALUES ('0cc39117-aa7e-4147-a5d3-f411f28b404f', true, false, '5bd86a0c-20de-45f1-82e9-002ce7525a79', 'Laboratory workup', ' - Systemic management');
INSERT INTO public.therapeutic_plan_grade VALUES ('41606be0-3135-477d-9b3c-e648134125ec', true, false, '5bd86a0c-20de-45f1-82e9-002ce7525a79', 'Observation and regular monitoring', ' - Systemic management');
INSERT INTO public.therapeutic_plan_grade VALUES ('d3cd323c-0e17-421b-a556-a9085cbd726c', true, false, '5bd86a0c-20de-45f1-82e9-002ce7525a79', 'Intravitreal anti-VEGF agents', 'Complications');
INSERT INTO public.therapeutic_plan_grade VALUES ('0b85e627-652d-4dca-bcfa-0bd4928137cd', true, false, '5bd86a0c-20de-45f1-82e9-002ce7525a79', 'Laser photocoagulation of non-perfused area', 'Complications');
INSERT INTO public.therapeutic_plan_grade VALUES ('cbe9f650-3c7d-4d21-bcbb-334454734a5e', false, false, '5bd86a0c-20de-45f1-82e9-002ce7525a79', 'Panretinal laser photocoagulation', 'Complications');
INSERT INTO public.therapeutic_plan_grade VALUES ('528f4ccb-748b-459d-8ae9-07215be28fe8', true, false, '5bd86a0c-20de-45f1-82e9-002ce7525a79', 'Pars plana vitrectomy', 'Complications');
INSERT INTO public.therapeutic_plan_grade VALUES ('a765c4d1-9e42-4b8f-b56f-394f70b08011', true, false, '5bd86a0c-20de-45f1-82e9-002ce7525a79', 'Intravitreal anti-VEGF', 'Macular edema');
INSERT INTO public.therapeutic_plan_grade VALUES ('940402a2-4cf1-4e6b-b6b9-a17445fdf7c2', true, false, '5bd86a0c-20de-45f1-82e9-002ce7525a79', 'Intravitreal steroid treatment', 'Macular edema');
INSERT INTO public.therapeutic_plan_grade VALUES ('fef8d055-89eb-429a-ad72-95f6586e0818', true, false, '5bd86a0c-20de-45f1-82e9-002ce7525a79', 'Intravitreal triamcinolone', 'Macular edema');
INSERT INTO public.therapeutic_plan_grade VALUES ('787f589c-b93e-467a-88ed-9488eac7f453', true, false, '5bd86a0c-20de-45f1-82e9-002ce7525a79', 'Micropulsed laser', 'Macular edema');
INSERT INTO public.therapeutic_plan_grade VALUES ('ff21db6c-5271-4cdf-bea4-eca52f551ad6', true, false, '5bd86a0c-20de-45f1-82e9-002ce7525a79', 'Observation', 'Macular edema');
INSERT INTO public.therapeutic_plan_grade VALUES ('daf38105-af38-4afb-8787-beb5031d1425', false, false, '5bd86a0c-20de-45f1-82e9-002ce7525a79', 'PPV + ILM peeling', 'Macular edema');


-- Completed on 2023-11-17 01:58:22

--
-- PostgreSQL database dump complete
--

